{
  "symbol": "XRP/USDT",
  "tf": "15m",
  "dir": "short",
  "entry": 2.0242,
  "sl": 2.0430564683980292,
  "tp": 1.9774327535922942,
  "prob": 0.54,
  "confidence": 0.9047,
  "ev": {
    "ev_rr": 0.8782917765449952,
    "ev_usd": 0.8782917765449952
  },
  "ev_adj": 0.7945905702402571,
  "filters": {},
  "strategy": "core_auto",
  "line": "\u001b[91m\u001b[1mXRP/USDT   ↓ SHORT\u001b[0m  p=54.0%  conf=90.5%  tf=15m   \u001b[96mentry=2.024  sl=2.043  tp=1.977\u001b[0m     EV=0.878  EV*quality=0.795  DECISION=SKIP  SIZE=0.7%",
  "decision": "SKIP",
  "risk_frac": 0.00672433785375397,
  "risk_pct": 0.672433785375397,
  "risk_usd": null,
  "position_usd": null,
  "leverage": null,
  "signal_id": "sig_19af543a92b_4f5f5079",
  "ts_ms": 1765051443499,
  "policy_version": "v1",
  "config_hash": "d3f867677395",
  "features_hash": "6432eeee1160"
}