{
  "symbol": "SOL/USDT",
  "tf": "15m",
  "dir": "long",
  "entry": 133.74,
  "sl": 132.99377814490984,
  "tp": 135.38565554374512,
  "prob": 0.5097136311033101,
  "confidence": 0.8039739951107714,
  "ev": {
    "ev_rr": 0.632793630939623,
    "ev_usd": 0.632793630939623
  },
  "ev_adj": 0.5087496235471798,
  "filters": {},
  "strategy": "core_auto",
  "line": "\u001b[92m\u001b[1mSOL/USDT   ↑ LONG \u001b[0m  p=51.0%  conf=80.4%  tf=15m   \u001b[96mentry=133.74  sl=132.99  tp=135.39\u001b[0m     EV=0.633  EV*quality=0.509  DECISION=SKIP  SIZE=0.5%",
  "decision": "SKIP",
  "risk_frac": 0.005131916299638232,
  "risk_pct": 0.5131916299638232,
  "risk_usd": null,
  "position_usd": null,
  "leverage": null,
  "signal_id": "sig_19af44433a4_e1d70d75",
  "ts_ms": 1765034701732,
  "policy_version": "v1",
  "config_hash": "d3f867677395",
  "features_hash": "16ad7417ef18"
}