{
  "symbol": "BNB/USDT",
  "tf": "15m",
  "dir": "short",
  "entry": 889.21,
  "sl": 895.2952347637845,
  "tp": 876.2665542785351,
  "prob": 0.4027,
  "confidence": 0.5735270771845111,
  "ev": {
    "ev_rr": 0.2582529177369578,
    "ev_usd": 0.2582529177369578
  },
  "ev_adj": 0.1481150410840494,
  "filters": {},
  "strategy": "core_auto",
  "line": "\u001b[91m\u001b[1mBNB/USDT   ↓ SHORT\u001b[0m  p=40.3%  conf=57.4%  tf=15m   \u001b[96mentry=889.21  sl=895.30  tp=876.27\u001b[0m     EV=0.258  EV*quality=0.148  DECISION=WAIT  SIZE=0.2%",
  "decision": "WAIT",
  "risk_frac": 0.0021907428832689283,
  "risk_pct": 0.21907428832689282,
  "risk_usd": null,
  "position_usd": null,
  "leverage": null,
  "signal_id": "sig_19af543a92e_6df13ad2",
  "ts_ms": 1765051443502,
  "policy_version": "v1",
  "config_hash": "d3f867677395",
  "features_hash": "6b1bca5d5d97"
}