{
  "symbol": "ETH/USDT",
  "tf": "15m",
  "dir": "long",
  "entry": 3046.97,
  "sl": 2954.7200760706537,
  "tp": 3244.431533987288,
  "prob": 0.5052998298220186,
  "confidence": 0.7482944555338018,
  "ev": {
    "ev_rr": 0.5858972476864545,
    "ev_usd": 0.5858972476864545
  },
  "ev_adj": 0.43842366195628846,
  "filters": {},
  "strategy": "core_auto",
  "line": "\u001b[92m\u001b[1mETH/USDT   ↑ LONG \u001b[0m  p=50.5%  conf=74.8%  tf=15m   \u001b[96mentry=3046.97  sl=2954.72  tp=3244.43\u001b[0m     EV=0.586  EV*quality=0.438  DECISION=SKIP  SIZE=0.5%",
  "decision": "SKIP",
  "risk_frac": 0.004598887933987025,
  "risk_pct": 0.45988879339870253,
  "risk_usd": null,
  "position_usd": null,
  "leverage": null,
  "signal_id": "sig_19af4289c94_38662206",
  "ts_ms": 1765032893588,
  "policy_version": "v1",
  "config_hash": "d3f867677395",
  "features_hash": "084176fa34fc"
}