{
  "symbol": "ETH/USDT",
  "tf": "15m",
  "dir": "short",
  "entry": 3030.31,
  "sl": 3054.5888127907197,
  "tp": 2969.5136220003556,
  "prob": 0.5628,
  "confidence": 0.9151,
  "ev": {
    "ev_rr": 0.971102910860559,
    "ev_usd": 0.971102910860559
  },
  "ev_adj": 0.8886562737284975,
  "filters": {},
  "strategy": "core_auto",
  "line": "\u001b[91m\u001b[1mETH/USDT   ↓ SHORT\u001b[0m  p=56.3%  conf=91.5%  tf=15m   \u001b[96mentry=3030.31  sl=3054.59  tp=2969.51\u001b[0m     EV=0.971  EV*quality=0.889  DECISION=WAIT  SIZE=0.7%",
  "decision": "WAIT",
  "risk_frac": 0.0072024148896049234,
  "risk_pct": 0.7202414889604923,
  "risk_usd": null,
  "position_usd": null,
  "leverage": null,
  "signal_id": "sig_19af543a928_b18fb8fc",
  "ts_ms": 1765051443496,
  "policy_version": "v1",
  "config_hash": "d3f867677395",
  "features_hash": "0eec961c2e20"
}