{
  "symbol": "BTC/USDT",
  "tf": "15m",
  "dir": "long",
  "entry": 89934.04,
  "sl": 88734.43068315853,
  "tp": 92524.8355017944,
  "prob": 0.48664414042307796,
  "confidence": 0.8039650648856925,
  "ev": {
    "ev_rr": 0.536649190385802,
    "ev_usd": 0.536649190385802
  },
  "ev_adj": 0.43144720116937574,
  "filters": {
    "flow": "impulse",
    "impulse_ratio": 5.134,
    "body_bias": "up",
    "fvg_count": 108,
    "last_fvg_dir": "bull",
    "last_fvg_size": 4.580000000001746,
    "last_fvg_size_pct": 5.1e-05,
    "last_fvg_age": 3,
    "in_last_fvg": false,
    "liq_abs": 0.0,
    "mtf_bias": "neutral",
    "trend_strength": 0.0,
    "htf": "1h",
    "ofi_abs": 0.0,
    "tf": "15m",
    "len": 498,
    "window": 100,
    "spread_bps": 61.139,
    "vol_usd": 0.0,
    "atr": 166.44828534410271,
    "atr_pct": 0.001851,
    "min_vol_usd": 0.0,
    "max_spread_bps": 0.0,
    "max_atr_pct": 0.0,
    "min_atr_pct": 0.0,
    "whales_abs": 0.0,
    "whales_cnt": 0
  },
  "strategy": "core_auto",
  "line": "\u001b[92m\u001b[1mBTC/USDT   ↑ LONG \u001b[0m  p=48.7%  conf=80.4%  tf=15m   \u001b[96mentry=89934.04  sl=88734.43  tp=92524.84\u001b[0m     EV=0.537  EV*quality=0.431  DECISION=SKIP  SIZE=0.5%",
  "decision": "SKIP",
  "risk_frac": 0.004701132016077112,
  "risk_pct": 0.4701132016077112,
  "risk_usd": null,
  "position_usd": null,
  "leverage": null,
  "signal_id": "sig_19af4289ca3_ba121549",
  "ts_ms": 1765032893603,
  "policy_version": "v1",
  "config_hash": "d3f867677395",
  "features_hash": "c5c65de61ec4"
}