{
  "symbol": "BTC/USDT",
  "tf": "15m",
  "dir": "long",
  "entry": 90004.76,
  "sl": 89694.90137904762,
  "tp": 90690.88417490915,
  "prob": 0.5094904504690594,
  "confidence": 0.8182243717620764,
  "ev": {
    "ev_rr": 0.6366621110726335,
    "ev_usd": 0.6366621110726335
  },
  "ev_adj": 0.5209324558571229,
  "filters": {
    "flow": "normal",
    "impulse_ratio": 1.823,
    "body_bias": "down",
    "fvg_count": 108,
    "last_fvg_dir": "bull",
    "last_fvg_size": 164.43000000000757,
    "last_fvg_size_pct": 0.001827,
    "last_fvg_age": 1,
    "in_last_fvg": false,
    "liq_abs": 0.0,
    "mtf_bias": "neutral",
    "trend_strength": 0.0,
    "htf": "1h",
    "ofi_abs": 0.0,
    "tf": "15m",
    "len": 498,
    "window": 100,
    "spread_bps": 21.694,
    "vol_usd": 0.0,
    "atr": 171.29884543623567,
    "atr_pct": 0.001903,
    "min_vol_usd": 0.0,
    "max_spread_bps": 0.0,
    "max_atr_pct": 0.0,
    "min_atr_pct": 0.0,
    "whales_abs": 0.0,
    "whales_cnt": 0
  },
  "strategy": "core_auto",
  "line": "\u001b[92m\u001b[1mBTC/USDT   ↑ LONG \u001b[0m  p=50.9%  conf=81.8%  tf=15m   \u001b[96mentry=90004.76  sl=89694.90  tp=90690.88\u001b[0m     EV=0.637  EV*quality=0.521  DECISION=SKIP  SIZE=0.5%",
  "decision": "SKIP",
  "risk_frac": 0.005240587340764754,
  "risk_pct": 0.5240587340764754,
  "risk_usd": null,
  "position_usd": null,
  "leverage": null,
  "signal_id": "sig_19af44433a0_77e6db4b",
  "ts_ms": 1765034701728,
  "policy_version": "v1",
  "config_hash": "d3f867677395",
  "features_hash": "69e511e648cf"
}