{
  "symbol": "ETH/USDT",
  "tf": "15m",
  "dir": "long",
  "entry": 3055.11,
  "sl": 3037.8710882269693,
  "tp": 3093.300715554873,
  "prob": 0.5180467994832719,
  "confidence": 0.8453712741571977,
  "ev": {
    "ev_rr": 0.6647165725909685,
    "ev_usd": 0.6647165725909685
  },
  "ev_adj": 0.5619322959246325,
  "filters": {},
  "strategy": "core_auto",
  "line": "\u001b[92m\u001b[1mETH/USDT   ↑ LONG \u001b[0m  p=51.8%  conf=84.5%  tf=15m   \u001b[96mentry=3055.11  sl=3037.87  tp=3093.30\u001b[0m     EV=0.665  EV*quality=0.562  DECISION=SKIP  SIZE=0.6%",
  "decision": "SKIP",
  "risk_frac": 0.005574037534462431,
  "risk_pct": 0.5574037534462432,
  "risk_usd": null,
  "position_usd": null,
  "leverage": null,
  "signal_id": "sig_19af444339e_775d53f7",
  "ts_ms": 1765034701726,
  "policy_version": "v1",
  "config_hash": "d3f867677395",
  "features_hash": "a78cb9197a05"
}