{
  "symbol": "XRP/USDT",
  "tf": "15m",
  "dir": "long",
  "entry": 2.0395,
  "sl": 2.0278047098494367,
  "tp": 2.065264458142413,
  "prob": 0.5081262163123785,
  "confidence": 0.8030868673797023,
  "ev": {
    "ev_rr": 0.6265167113496138,
    "ev_usd": 0.6265167113496138
  },
  "ev_adj": 0.5031473430787945,
  "filters": {},
  "strategy": "core_auto",
  "line": "\u001b[92m\u001b[1mXRP/USDT   ↑ LONG \u001b[0m  p=50.8%  conf=80.3%  tf=15m   \u001b[96mentry=2.039  sl=2.028  tp=2.065\u001b[0m     EV=0.627  EV*quality=0.503  DECISION=SKIP  SIZE=0.5%",
  "decision": "SKIP",
  "risk_frac": 0.005097879522363216,
  "risk_pct": 0.5097879522363216,
  "risk_usd": null,
  "position_usd": null,
  "leverage": null,
  "signal_id": "sig_19af44433a5_958c949b",
  "ts_ms": 1765034701733,
  "policy_version": "v1",
  "config_hash": "d3f867677395",
  "features_hash": "40bd3303332e"
}