{
  "symbol": "XRP/USDT",
  "tf": "15m",
  "dir": "long",
  "entry": 2.0405,
  "sl": 2.0046843162662764,
  "tp": 2.117890117042845,
  "prob": 0.49865009601482335,
  "confidence": 0.7885435586792834,
  "ev": {
    "ev_rr": 0.5751274822046128,
    "ev_usd": 0.5751274822046128
  },
  "ev_adj": 0.45351307151188164,
  "filters": {},
  "strategy": "core_auto",
  "line": "\u001b[92m\u001b[1mXRP/USDT   ↑ LONG \u001b[0m  p=49.9%  conf=78.9%  tf=15m   \u001b[96mentry=2.041  sl=2.005  tp=2.118\u001b[0m     EV=0.575  EV*quality=0.454  DECISION=SKIP  SIZE=0.5%",
  "decision": "SKIP",
  "risk_frac": 0.004794195078759445,
  "risk_pct": 0.47941950787594456,
  "risk_usd": null,
  "position_usd": null,
  "leverage": null,
  "signal_id": "sig_19af4289c94_9b3e4f50",
  "ts_ms": 1765032893588,
  "policy_version": "v1",
  "config_hash": "d3f867677395",
  "features_hash": "6162206280e4"
}