{
  "symbol": "BNB/USDT",
  "tf": "15m",
  "dir": "long",
  "entry": 894.61,
  "sl": 888.6540665199291,
  "tp": 907.7406393292339,
  "prob": 0.5125310185155105,
  "confidence": 0.797862517874937,
  "ev": {
    "ev_rr": 0.6414731126793795,
    "ev_usd": 0.6414731126793795
  },
  "ev_adj": 0.5118073528314429,
  "filters": {},
  "strategy": "core_auto",
  "line": "\u001b[92m\u001b[1mBNB/USDT   ↑ LONG \u001b[0m  p=51.3%  conf=79.8%  tf=15m   \u001b[96mentry=894.61  sl=888.65  tp=907.74\u001b[0m     EV=0.641  EV*quality=0.512  DECISION=SKIP  SIZE=0.5%",
  "decision": "SKIP",
  "risk_frac": 0.005131533688228863,
  "risk_pct": 0.5131533688228863,
  "risk_usd": null,
  "position_usd": null,
  "leverage": null,
  "signal_id": "sig_19af44433a2_65933f85",
  "ts_ms": 1765034701730,
  "policy_version": "v1",
  "config_hash": "d3f867677395",
  "features_hash": "2cca983468ab"
}