{
  "symbol": "SOL/USDT",
  "tf": "15m",
  "dir": "short",
  "entry": 132.0,
  "sl": 133.43620255586163,
  "tp": 128.44748476808428,
  "prob": 0.5415,
  "confidence": 0.8939,
  "ev": {
    "ev_rr": 0.8799259676193636,
    "ev_usd": 0.8799259676193636
  },
  "ev_adj": 0.7865658224549491,
  "filters": {},
  "strategy": "core_auto",
  "line": "\u001b[91m\u001b[1mSOL/USDT   ↓ SHORT\u001b[0m  p=54.1%  conf=89.4%  tf=15m   \u001b[96mentry=132.00  sl=133.44  tp=128.45\u001b[0m     EV=0.880  EV*quality=0.787  DECISION=SKIP  SIZE=0.7%",
  "decision": "SKIP",
  "risk_frac": 0.006651862926722541,
  "risk_pct": 0.6651862926722542,
  "risk_usd": null,
  "position_usd": null,
  "leverage": null,
  "signal_id": "sig_19af543a92c_d2a7f450",
  "ts_ms": 1765051443500,
  "policy_version": "v1",
  "config_hash": "d3f867677395",
  "features_hash": "26874894796b"
}