{
  "symbol": "BNB/USDT",
  "tf": "15m",
  "dir": "long",
  "entry": 891.45,
  "sl": 888.6310000303233,
  "tp": 898.6001776234228,
  "prob": 0.6641,
  "confidence": 0.8587,
  "ev": {
    "ev_rr": 1.3475388119165586,
    "ev_usd": 1.3475388119165586
  },
  "ev_adj": 1.1571315777927489,
  "filters": {},
  "strategy": "core_auto",
  "line": "\u001b[92m\u001b[1mBNB/USDT   ↑ LONG \u001b[0m  p=66.4%  conf=85.9%  tf=15m   \u001b[96mentry=891.45  sl=888.63  tp=898.60\u001b[0m     EV=1.348  EV*quality=1.157  DECISION=ENTER  SIZE=0.8%",
  "decision": "ENTER",
  "risk_frac": 0.008114796852629409,
  "risk_pct": 0.8114796852629409,
  "risk_usd": null,
  "position_usd": null,
  "leverage": null,
  "signal_id": "sig_19af53f81d3_605bfacd",
  "ts_ms": 1765051171283,
  "policy_version": "v1",
  "config_hash": "d3f867677395",
  "features_hash": "ba20b31c8823"
}