{
  "symbol": "BTC/USDT",
  "tf": "15m",
  "dir": "short",
  "entry": 89554.0,
  "sl": 89859.06013581347,
  "tp": 88775.14890623465,
  "prob": 0.589,
  "confidence": 0.957,
  "ev": {
    "ev_rr": 1.0917798793490499,
    "ev_usd": 1.0917798793490499
  },
  "ev_adj": 1.0448333445370406,
  "filters": {
    "flow": "normal",
    "impulse_ratio": 1.05,
    "body_bias": "up",
    "fvg_count": 105,
    "last_fvg_dir": "bear",
    "last_fvg_size": 52.44000000000233,
    "last_fvg_size_pct": 0.000586,
    "last_fvg_age": 2,
    "in_last_fvg": false,
    "liq_abs": 0.0,
    "mtf_bias": "neutral",
    "trend_strength": 0.0,
    "htf": "1h",
    "ofi_abs": 0.0,
    "tf": "15m",
    "len": 498,
    "window": 100,
    "spread_bps": 21.502,
    "vol_usd": 0.0,
    "atr": 186.61410263995086,
    "atr_pct": 0.002084,
    "min_vol_usd": 0.0,
    "max_spread_bps": 0.0,
    "max_atr_pct": 0.0,
    "min_atr_pct": 0.0,
    "whales_abs": 0.0,
    "whales_cnt": 0
  },
  "strategy": "core_auto",
  "line": "\u001b[91m\u001b[1mBTC/USDT   ↓ SHORT\u001b[0m  p=58.9%  conf=95.7%  tf=15m   \u001b[96mentry=89554.00  sl=89859.06  tp=88775.15\u001b[0m     EV=1.092  EV*quality=1.045  DECISION=ENTER  SIZE=0.8%",
  "decision": "ENTER",
  "risk_frac": 0.008038730393246922,
  "risk_pct": 0.8038730393246922,
  "risk_usd": null,
  "position_usd": null,
  "leverage": null,
  "signal_id": "sig_19af53f81d3_a01a3771",
  "ts_ms": 1765051171283,
  "policy_version": "v1",
  "config_hash": "d3f867677395",
  "features_hash": "908162d3d3c0"
}