{
  "symbol": "ETH/USDT",
  "tf": "15m",
  "dir": "short",
  "entry": 3037.27,
  "sl": 3044.6548086944726,
  "tp": 3019.183017184515,
  "prob": 0.5307,
  "confidence": 0.871,
  "ev": {
    "ev_rr": 0.8294982990896337,
    "ev_usd": 0.8294982990896337
  },
  "ev_adj": 0.7224930185070709,
  "filters": {},
  "strategy": "core_auto",
  "line": "\u001b[91m\u001b[1mETH/USDT   ↓ SHORT\u001b[0m  p=53.1%  conf=87.1%  tf=15m   \u001b[96mentry=3037.27  sl=3044.65  tp=3019.18\u001b[0m     EV=0.829  EV*quality=0.722  DECISION=SKIP  SIZE=0.6%",
  "decision": "SKIP",
  "risk_frac": 0.0062665609099185554,
  "risk_pct": 0.6266560909918556,
  "risk_usd": null,
  "position_usd": null,
  "leverage": null,
  "signal_id": "sig_19af53f81e3_c595b181",
  "ts_ms": 1765051171299,
  "policy_version": "v1",
  "config_hash": "d3f867677395",
  "features_hash": "086709ea1911"
}