{
  "symbol": "BNB/USDT",
  "tf": "15m",
  "dir": "long",
  "entry": 890.45,
  "sl": 880.0333869260054,
  "tp": 913.2071047439248,
  "prob": 0.507258355380578,
  "confidence": 0.8130042666710371,
  "ev": {
    "ev_rr": 0.6144622834352775,
    "ev_usd": 0.6144622834352775
  },
  "ev_adj": 0.4995604581413087,
  "filters": {},
  "strategy": "core_auto",
  "line": "\u001b[92m\u001b[1mBNB/USDT   ↑ LONG \u001b[0m  p=50.7%  conf=81.3%  tf=15m   \u001b[96mentry=890.45  sl=880.03  tp=913.21\u001b[0m     EV=0.614  EV*quality=0.500  DECISION=SKIP  SIZE=0.5%",
  "decision": "SKIP",
  "risk_frac": 0.005128719852159072,
  "risk_pct": 0.5128719852159072,
  "risk_usd": null,
  "position_usd": null,
  "leverage": null,
  "signal_id": "sig_19af4289c94_0f665e99",
  "ts_ms": 1765032893588,
  "policy_version": "v1",
  "config_hash": "d3f867677395",
  "features_hash": "1984c3b5d2c6"
}