{
  "symbol": "BTC/USDT",
  "tf": "15m",
  "dir": "short",
  "entry": 89432.69,
  "sl": 90428.58906578943,
  "tp": 86966.55683377116,
  "prob": 0.5471,
  "confidence": 0.8922,
  "ev": {
    "ev_rr": 0.9008773078532768,
    "ev_usd": 0.9008773078532768
  },
  "ev_adj": 0.8037627340666935,
  "filters": {
    "flow": "impulse",
    "impulse_ratio": 2.63,
    "body_bias": "down",
    "fvg_count": 104,
    "last_fvg_dir": "bear",
    "last_fvg_size": 52.44000000000233,
    "last_fvg_size_pct": 0.000586,
    "last_fvg_age": 3,
    "in_last_fvg": false,
    "liq_abs": 0.0,
    "mtf_bias": "neutral",
    "trend_strength": 0.0,
    "htf": "1h",
    "ofi_abs": 0.0,
    "tf": "15m",
    "len": 498,
    "window": 100,
    "spread_bps": 53.91,
    "vol_usd": 0.0,
    "atr": 226.0162222879561,
    "atr_pct": 0.002527,
    "min_vol_usd": 0.0,
    "max_spread_bps": 0.0,
    "max_atr_pct": 0.0,
    "min_atr_pct": 0.0,
    "whales_abs": 0.0,
    "whales_cnt": 0
  },
  "strategy": "core_auto",
  "line": "\u001b[91m\u001b[1mBTC/USDT   ↓ SHORT\u001b[0m  p=54.7%  conf=89.2%  tf=15m   \u001b[96mentry=89432.69  sl=90428.59  tp=86966.56\u001b[0m     EV=0.901  EV*quality=0.804  DECISION=SKIP  SIZE=0.7%",
  "decision": "SKIP",
  "risk_frac": 0.006729610870875919,
  "risk_pct": 0.6729610870875918,
  "risk_usd": null,
  "position_usd": null,
  "leverage": null,
  "signal_id": "sig_19af543a929_b22a4223",
  "ts_ms": 1765051443497,
  "policy_version": "v1",
  "config_hash": "d3f867677395",
  "features_hash": "ce14b4c535b6"
}