{
  "symbol": "XRP/USDT",
  "tf": "15m",
  "dir": "short",
  "entry": 2.0296,
  "sl": 2.035116800158599,
  "tp": 2.0167158562785787,
  "prob": 0.4724,
  "confidence": 0.7713,
  "ev": {
    "ev_rr": 0.5746608249389596,
    "ev_usd": 0.5746608249389596
  },
  "ev_adj": 0.44323589427541954,
  "filters": {},
  "strategy": "core_auto",
  "line": "\u001b[91m\u001b[1mXRP/USDT   ↓ SHORT\u001b[0m  p=47.2%  conf=77.1%  tf=15m   \u001b[96mentry=2.030  sl=2.035  tp=2.017\u001b[0m     EV=0.575  EV*quality=0.443  DECISION=SKIP  SIZE=0.4%",
  "decision": "SKIP",
  "risk_frac": 0.00449906514032093,
  "risk_pct": 0.44990651403209303,
  "risk_usd": null,
  "position_usd": null,
  "leverage": null,
  "signal_id": "sig_19af53f81e3_8b9706e3",
  "ts_ms": 1765051171299,
  "policy_version": "v1",
  "config_hash": "d3f867677395",
  "features_hash": "3993a0ca46c2"
}