{
  "symbol": "SOL/USDT",
  "tf": "15m",
  "dir": "short",
  "entry": 132.48,
  "sl": 133.1204571670527,
  "tp": 130.86985610963984,
  "prob": 0.5491,
  "confidence": 0.9426,
  "ev": {
    "ev_rr": 0.9285670408567464,
    "ev_usd": 0.9285670408567464
  },
  "ev_adj": 0.8752672927115691,
  "filters": {},
  "strategy": "core_auto",
  "line": "\u001b[91m\u001b[1mSOL/USDT   ↓ SHORT\u001b[0m  p=54.9%  conf=94.3%  tf=15m   \u001b[96mentry=132.48  sl=133.12  tp=130.87\u001b[0m     EV=0.929  EV*quality=0.875  DECISION=WAIT  SIZE=0.7%",
  "decision": "WAIT",
  "risk_frac": 0.007228840351729725,
  "risk_pct": 0.7228840351729725,
  "risk_usd": null,
  "position_usd": null,
  "leverage": null,
  "signal_id": "sig_19af53f81d3_1799c7f7",
  "ts_ms": 1765051171283,
  "policy_version": "v1",
  "config_hash": "d3f867677395",
  "features_hash": "b0cff6ed849d"
}