{
  "symbol": "SOL/USDT",
  "tf": "15m",
  "dir": "long",
  "entry": 133.26,
  "sl": 130.4615955277728,
  "tp": 139.2848000118067,
  "prob": 0.5020834953819927,
  "confidence": 0.7357504757771579,
  "ev": {
    "ev_rr": 0.5820396898587308,
    "ev_usd": 0.5820396898587308
  },
  "ev_adj": 0.4282359787347506,
  "filters": {},
  "strategy": "core_auto",
  "line": "\u001b[92m\u001b[1mSOL/USDT   ↑ LONG \u001b[0m  p=50.2%  conf=73.6%  tf=15m   \u001b[96mentry=133.26  sl=130.46  tp=139.28\u001b[0m     EV=0.582  EV*quality=0.428  DECISION=SKIP  SIZE=0.4%",
  "decision": "SKIP",
  "risk_frac": 0.004484122546978563,
  "risk_pct": 0.44841225469785634,
  "risk_usd": null,
  "position_usd": null,
  "leverage": null,
  "signal_id": "sig_19af4289ca3_8e7b99fd",
  "ts_ms": 1765032893603,
  "policy_version": "v1",
  "config_hash": "d3f867677395",
  "features_hash": "304c58ed3986"
}