{
  "id": "0067ab96-28ad-4df7-ae56-b1e3281b995c",
  "ts": "2025-10-19T13:36:03Z",
  "strategy": "go_v1",
  "mode": "offensive",
  "symbol": "SOL/USDT",
  "timeframe": "1h",
  "side": "LONG",
  "entry": 189.39,
  "stop": 186.97633662102638,
  "tp": 194.45869309584455,
  "rr": 2.1,
  "prob_win": 71.04665071770336,
  "ev_r": 1.202446172248804,
  "rsi": 57.65550239234449,
  "atr_pct": 0.010532568367488693,
  "ema_slope": 0.07580926063359379,
  "chop": 53.408177980901684,
  "macd_hist": 0.2934026209965621,
  "bb_width_pct": 0.028696495664560125,
  "fvg": {
    "bull": false,
    "bear": false,
    "size": 0.0
  },
  "stake_usdt": 400.0,
  "pos_size": 2.112043930513755,
  "risk_usdt": 25.0,
  "risk_pct": 0.25,
  "score": 0.65,
  "reasons": [],
  "user_id": null,
  "style": "day",
  "risk_mode": "defensive"
}
