{
  "id": "008c1e01-9d27-4de8-9ed4-920413bce3d6",
  "ts": "2025-10-19T12:31:44Z",
  "strategy": "go_v1",
  "mode": "offensive",
  "symbol": "SOL/USDT",
  "timeframe": "1h",
  "side": "LONG",
  "entry": 188.59,
  "stop": 186.1032932758224,
  "tp": 193.8120841207729,
  "rr": 2.1,
  "prob_win": 70.4677419354839,
  "ev_r": 1.1845000000000008,
  "rsi": 55.72580645161298,
  "atr_pct": 0.010897340920057851,
  "ema_slope": 0.07222018510694056,
  "chop": 52.897202143352764,
  "macd_hist": 0.2298205200824756,
  "bb_width_pct": 0.025696409450568034,
  "fvg": {
    "bull": false,
    "bear": false,
    "size": 0.0
  },
  "stake_usdt": 400.0,
  "pos_size": 2.121003234529933,
  "risk_usdt": 25.0,
  "risk_pct": 0.25,
  "score": 0.65,
  "reasons": [],
  "user_id": null,
  "style": "day",
  "risk_mode": "defensive"
}
