{
  "id": "00912e6b-94b8-4331-8d51-2ed4276cb330",
  "ts": "2025-10-18T19:05:54Z",
  "strategy": "go_v1",
  "mode": "neutral",
  "symbol": "BTC/USDT",
  "timeframe": "1h",
  "side": "LONG",
  "entry": 106769.3,
  "stop": 106195.6905237485,
  "tp": 107801.7970572527,
  "rr": 1.8,
  "prob_win": 67.61521246615469,
  "ev_r": 0.8932259490523312,
  "rsi": 50.38404155384894,
  "atr_pct": 0.004884017786279657,
  "ema_slope": 3.7084562676517585,
  "chop": 61.8277313794141,
  "macd_hist": 28.93436687915718,
  "bb_width_pct": 0.006766815228571286,
  "fvg": {
    "bull": false,
    "bear": false,
    "size": 0.0
  },
  "stake_usdt": 400.0,
  "pos_size": 0.0037463952653056637,
  "risk_usdt": 25.0,
  "risk_pct": 0.25,
  "score": 0.65,
  "reasons": [],
  "user_id": null,
  "style": "day",
  "risk_mode": "defensive"
}
