{
  "id": "00a866ab-6c0d-4773-af50-3abe0d1ca797",
  "ts": "2025-10-19T13:22:24Z",
  "strategy": "go_v1",
  "mode": "offensive",
  "symbol": "ADA/USDT",
  "timeframe": "1h",
  "side": "LONG",
  "entry": 0.6427,
  "stop": 0.6340967878189813,
  "tp": 0.6607622685489488,
  "rr": 2.099479609348637,
  "prob_win": 71.58080260303687,
  "ev_r": 1.2186323808892263,
  "rsi": 59.43600867678956,
  "atr_pct": 0.011062848469870486,
  "ema_slope": 6.137430202366352e-05,
  "chop": 49.89099377602733,
  "macd_hist": 0.0012783873565689742,
  "bb_width_pct": 0.030520390651362892,
  "fvg": {
    "bull": false,
    "bear": false,
    "size": 0.0
  },
  "stake_usdt": 400.0,
  "pos_size": 622.3743581764431,
  "risk_usdt": 25.0,
  "risk_pct": 0.25,
  "score": 0.65,
  "reasons": [],
  "user_id": null,
  "style": "day",
  "risk_mode": "defensive"
}
