{
  "id": "01091d18-7d72-448b-9b78-a8e05f8e785b",
  "ts": "2025-10-19T13:18:09Z",
  "strategy": "go_v1",
  "mode": "offensive",
  "symbol": "ETH/USDT",
  "timeframe": "1h",
  "side": "LONG",
  "entry": 3917.68,
  "stop": 3873.870976279203,
  "tp": 4009.678949813673,
  "rr": 2.1,
  "prob_win": 71.06961881712294,
  "ev_r": 1.2031581833308114,
  "rsi": 57.73206272374314,
  "atr_pct": 0.009241644220031027,
  "ema_slope": 1.1909030827797278,
  "chop": 49.024207623962376,
  "macd_hist": 3.033812005204952,
  "bb_width_pct": 0.019426670115532844,
  "fvg": {
    "bull": false,
    "bear": false,
    "size": 0.0
  },
  "stake_usdt": 400.0,
  "pos_size": 0.10210124359314697,
  "risk_usdt": 25.0,
  "risk_pct": 0.25,
  "score": 0.65,
  "reasons": [],
  "user_id": null,
  "style": "day",
  "risk_mode": "defensive"
}
