{
  "id": "01b30a08-3965-4bd9-bdfb-2e0b7b781cd1",
  "ts": "2025-10-19T12:42:24Z",
  "strategy": "go_v1",
  "mode": "offensive",
  "symbol": "BTC/USDT",
  "timeframe": "1h",
  "side": "LONG",
  "entry": 107586.4,
  "stop": 106869.3737148963,
  "tp": 109092.15519871777,
  "rr": 2.1,
  "prob_win": 71.02891550560496,
  "ev_r": 1.2018963806737535,
  "rsi": 57.59638501868315,
  "atr_pct": 0.005507979695363664,
  "ema_slope": 8.989833005854958,
  "chop": 50.30302966388245,
  "macd_hist": 93.41027034730786,
  "bb_width_pct": 0.012963222063212773,
  "fvg": {
    "bull": false,
    "bear": false,
    "size": 0.0
  },
  "stake_usdt": 400.0,
  "pos_size": 0.003717942044719407,
  "risk_usdt": 25.0,
  "risk_pct": 0.25,
  "score": 0.65,
  "reasons": [],
  "user_id": null,
  "style": "day",
  "risk_mode": "defensive"
}
