{
  "id": "0224e0d8-a296-4eb3-aaa1-c68235d454f3",
  "ts": "2025-10-19T11:48:22Z",
  "strategy": "go_v1",
  "mode": "offensive",
  "symbol": "BTC/USDT",
  "timeframe": "1h",
  "side": "LONG",
  "entry": 107704.3,
  "stop": 106973.40743188941,
  "tp": 109239.17439303226,
  "rr": 2.1,
  "prob_win": 71.35217179615807,
  "ev_r": 1.2119173256809002,
  "rsi": 58.673905987193585,
  "atr_pct": 0.005608350313956808,
  "ema_slope": 7.150970180783057,
  "chop": 49.25661021648175,
  "macd_hist": 88.39566104102721,
  "bb_width_pct": 0.012450708096938514,
  "fvg": {
    "bull": false,
    "bear": false,
    "size": 0.0
  },
  "stake_usdt": 400.0,
  "pos_size": 0.0037138721480943658,
  "risk_usdt": 25.0,
  "risk_pct": 0.25,
  "score": 0.65,
  "reasons": [],
  "user_id": null,
  "style": "day",
  "risk_mode": "defensive"
}
