{
  "id": "024b2ae8-784c-44b3-968d-ae8dba899237",
  "ts": "2025-10-19T13:03:36Z",
  "strategy": "go_v1",
  "mode": "offensive",
  "symbol": "SOL/USDT",
  "timeframe": "1h",
  "side": "LONG",
  "entry": 188.92,
  "stop": 186.5884437638835,
  "tp": 193.81626809584455,
  "rr": 2.1,
  "prob_win": 70.55198840099419,
  "ev_r": 1.18711164043082,
  "rsi": 56.006628003313985,
  "atr_pct": 0.010199587022345656,
  "ema_slope": 0.0751698048512847,
  "chop": 52.117581740176725,
  "macd_hist": 0.26340831900226913,
  "bb_width_pct": 0.027799468046443766,
  "fvg": {
    "bull": false,
    "bear": false,
    "size": 0.0
  },
  "stake_usdt": 400.0,
  "pos_size": 2.1172983273343213,
  "risk_usdt": 25.0,
  "risk_pct": 0.25,
  "score": 0.65,
  "reasons": [],
  "user_id": null,
  "style": "day",
  "risk_mode": "defensive"
}
