{
  "id": "0264c8d8-1ab0-4f77-bd4e-fe63e0ff7771",
  "ts": "2025-10-19T12:46:42Z",
  "strategy": "go_v1",
  "mode": "offensive",
  "symbol": "ADA/USDT",
  "timeframe": "1h",
  "side": "LONG",
  "entry": 0.6385,
  "stop": 0.629551463768842,
  "tp": 0.6572919260854315,
  "rr": 2.1,
  "prob_win": 70.42368421052629,
  "ev_r": 1.1831342105263152,
  "rsi": 55.57894736842098,
  "atr_pct": 0.011582591211527417,
  "ema_slope": 3.155797266620203e-05,
  "chop": 49.482547391257114,
  "macd_hist": 0.0010113592235975084,
  "bb_width_pct": 0.027210332329034973,
  "fvg": {
    "bull": false,
    "bear": false,
    "size": 0.0
  },
  "stake_usdt": 400.0,
  "pos_size": 626.4682850430697,
  "risk_usdt": 25.0,
  "risk_pct": 0.25,
  "score": 0.65,
  "reasons": [],
  "user_id": null,
  "style": "day",
  "risk_mode": "defensive"
}
