{
  "id": "02776669-5d9d-4394-8802-5e86555aaec1",
  "ts": "2025-10-19T13:13:13Z",
  "strategy": "go_v1",
  "mode": "offensive",
  "symbol": "BTC/USDT",
  "timeframe": "1h",
  "side": "LONG",
  "entry": 107319.4,
  "stop": 106628.283597734,
  "tp": 108770.74444475857,
  "rr": 2.1,
  "prob_win": 69.57662335889945,
  "ev_r": 1.156875324125883,
  "rsi": 52.75541119633149,
  "atr_pct": 0.005322155923207923,
  "ema_slope": 10.714997507669873,
  "chop": 50.78896271594182,
  "macd_hist": 73.79946182845151,
  "bb_width_pct": 0.013057890124178729,
  "fvg": {
    "bull": false,
    "bear": false,
    "size": 0.0
  },
  "stake_usdt": 400.0,
  "pos_size": 0.003727191914975298,
  "risk_usdt": 25.0,
  "risk_pct": 0.25,
  "score": 0.65,
  "reasons": [],
  "user_id": null,
  "style": "day",
  "risk_mode": "defensive"
}
