{
  "id": "02b23a2c-1f8e-446a-9e38-11e515a6de4d",
  "ts": "2025-10-19T12:41:39Z",
  "strategy": "go_v1",
  "mode": "offensive",
  "symbol": "ETH/USDT",
  "timeframe": "1h",
  "side": "LONG",
  "entry": 3918.35,
  "stop": 3872.3149666076547,
  "tp": 4015.0235701239244,
  "rr": 2.1,
  "prob_win": 71.31702880494366,
  "ev_r": 1.2108278929532534,
  "rsi": 58.55676268314553,
  "atr_pct": 0.009709567073496217,
  "ema_slope": 1.1169666367182438,
  "chop": 48.82625626730335,
  "macd_hist": 3.181301302432802,
  "bb_width_pct": 0.01836097334433391,
  "fvg": {
    "bull": false,
    "bear": false,
    "size": 0.0
  },
  "stake_usdt": 400.0,
  "pos_size": 0.1020837852667577,
  "risk_usdt": 25.0,
  "risk_pct": 0.25,
  "score": 0.65,
  "reasons": [],
  "user_id": null,
  "style": "day",
  "risk_mode": "defensive"
}
