{
  "id": "02d942c9-469c-4f67-a18d-e96d3992bd0b",
  "ts": "2025-10-19T12:07:58Z",
  "strategy": "go_v1",
  "mode": "offensive",
  "symbol": "ADA/USDT",
  "timeframe": "1h",
  "side": "LONG",
  "entry": 0.6422,
  "stop": 0.6335539637688421,
  "tp": 0.6603566760854317,
  "rr": 2.1,
  "prob_win": 65.5821917808219,
  "ev_r": 1.0330479452054788,
  "rsi": 60.27397260273964,
  "atr_pct": 0.011126571922392183,
  "ema_slope": 3.659198627161472e-05,
  "chop": 48.15285593599851,
  "macd_hist": 0.0012474845797228469,
  "bb_width_pct": 0.028886059071890628,
  "fvg": {
    "bull": false,
    "bear": false,
    "size": 0.0
  },
  "stake_usdt": 400.0,
  "pos_size": 622.8589224540642,
  "risk_usdt": 25.0,
  "risk_pct": 0.25,
  "score": 0.35,
  "reasons": [],
  "user_id": null,
  "style": "day",
  "risk_mode": "defensive"
}
