{
  "id": "0367b92a-7840-43ec-9af6-ae7946c0a1a2",
  "ts": "2025-10-18T20:00:58Z",
  "strategy": "go_v1",
  "mode": "offensive",
  "symbol": "ETH/USDT",
  "timeframe": "1h",
  "side": "LONG",
  "entry": 3891.79,
  "stop": 3855.729520688687,
  "tp": 3967.517006553757,
  "rr": 2.1,
  "prob_win": 71.26870125736116,
  "ev_r": 1.2093297389781958,
  "rsi": 58.395670857870506,
  "atr_pct": 0.007657671410228727,
  "ema_slope": 1.9267184963676713,
  "chop": 56.79801303082984,
  "macd_hist": 2.1636008474703203,
  "bb_width_pct": 0.013647294728952965,
  "fvg": {
    "bull": false,
    "bear": false,
    "size": 0.0
  },
  "stake_usdt": 400.0,
  "pos_size": 0.10278046862754671,
  "risk_usdt": 25.0,
  "risk_pct": 0.25,
  "score": 0.65,
  "reasons": [],
  "user_id": null,
  "style": "day",
  "risk_mode": "defensive"
}
