{
  "id": "0372f56c-1faa-40f3-bf5c-6a74f5ed97fd",
  "ts": "2025-10-19T12:02:10Z",
  "strategy": "go_v1",
  "mode": "offensive",
  "symbol": "BNB/USDT",
  "timeframe": "1h",
  "side": "SHORT",
  "entry": 1100.99,
  "stop": 1115.999881369145,
  "tp": 1069.4692491247954,
  "rr": 2.1,
  "prob_win": 65.40197971994203,
  "ev_r": 1.0274613713182033,
  "rsi": 56.99340093352656,
  "atr_pct": 0.01126700572726095,
  "ema_slope": -0.29640392674945465,
  "chop": 51.427848917408404,
  "macd_hist": 1.6494823655954858,
  "bb_width_pct": 0.026507302867270405,
  "fvg": {
    "bull": false,
    "bear": false,
    "size": 0.0
  },
  "stake_usdt": 400.0,
  "pos_size": 0.3633093851896929,
  "risk_usdt": 25.0,
  "risk_pct": 0.25,
  "score": 0.55,
  "reasons": [],
  "user_id": null,
  "style": "day",
  "risk_mode": "defensive"
}
