{
  "id": "040d0c73-7d18-4a46-a274-e0be5095222e",
  "ts": "2025-10-19T12:33:23Z",
  "strategy": "go_v1",
  "mode": "offensive",
  "symbol": "SOL/USDT",
  "timeframe": "1h",
  "side": "LONG",
  "entry": 188.67,
  "stop": 186.1832932758224,
  "tp": 193.89208412077292,
  "rr": 2.1,
  "prob_win": 70.57629870129871,
  "ev_r": 1.1878652597402601,
  "rsi": 56.087662337662344,
  "atr_pct": 0.010892720221093498,
  "ema_slope": 0.07232902864435393,
  "chop": 52.897202143352764,
  "macd_hist": 0.23492593318788718,
  "bb_width_pct": 0.025838947779770846,
  "fvg": {
    "bull": false,
    "bear": false,
    "size": 0.0
  },
  "stake_usdt": 400.0,
  "pos_size": 2.1201038850903697,
  "risk_usdt": 25.0,
  "risk_pct": 0.25,
  "score": 0.65,
  "reasons": [],
  "user_id": null,
  "style": "day",
  "risk_mode": "defensive"
}
