{
  "id": "053a8445-59e9-49c7-bc5b-26d6b4fa2a40",
  "ts": "2025-10-19T13:02:51Z",
  "strategy": "go_v1",
  "mode": "offensive",
  "symbol": "BNB/USDT",
  "timeframe": "1h",
  "side": "SHORT",
  "entry": 1096.71,
  "stop": 1111.4862892456156,
  "tp": 1065.6797925842077,
  "rr": 2.1,
  "prob_win": 66.39419314446704,
  "ev_r": 1.0582199874784783,
  "rsi": 53.68602285177653,
  "atr_pct": 0.01113494843112307,
  "ema_slope": -0.28163560549395955,
  "chop": 52.7101324038815,
  "macd_hist": 1.4063593108127117,
  "bb_width_pct": 0.02577607284626744,
  "fvg": {
    "bull": false,
    "bear": false,
    "size": 0.0
  },
  "stake_usdt": 400.0,
  "pos_size": 0.3647272296231456,
  "risk_usdt": 25.0,
  "risk_pct": 0.25,
  "score": 0.55,
  "reasons": [],
  "user_id": null,
  "style": "day",
  "risk_mode": "defensive"
}
