{
  "id": "05bb58fd-6a2f-435d-9d4a-3185d3f9bf61",
  "ts": "2025-10-18T19:10:52Z",
  "strategy": "go_v1",
  "mode": "neutral",
  "symbol": "BTC/USDT",
  "timeframe": "1h",
  "side": "LONG",
  "entry": 106809.8,
  "stop": 106234.3755237485,
  "tp": 107845.56405725269,
  "rr": 1.8,
  "prob_win": 67.9523281596453,
  "ev_r": 0.9026651884700686,
  "rsi": 51.507760532151,
  "atr_pct": 0.004897613891502727,
  "ema_slope": 3.7635583084687254,
  "chop": 61.9917200103435,
  "macd_hist": 31.51898226376987,
  "bb_width_pct": 0.006756446662534876,
  "fvg": {
    "bull": false,
    "bear": false,
    "size": 0.0
  },
  "stake_usdt": 400.0,
  "pos_size": 0.003744974712058257,
  "risk_usdt": 25.0,
  "risk_pct": 0.25,
  "score": 0.65,
  "reasons": [],
  "user_id": null,
  "style": "day",
  "risk_mode": "defensive"
}
