{
  "id": "06171e01-f822-4ed7-ada8-f609fc862446",
  "ts": "2025-10-19T13:03:46Z",
  "strategy": "go_v1",
  "mode": "offensive",
  "symbol": "ADA/USDT",
  "timeframe": "1h",
  "side": "LONG",
  "entry": 0.6416,
  "stop": 0.6331610021046954,
  "tp": 0.6593218955801394,
  "rr": 2.1,
  "prob_win": 71.2833333333333,
  "ev_r": 1.2097833333333323,
  "rsi": 58.44444444444433,
  "atr_pct": 0.010870290564014158,
  "ema_slope": 5.98777033842008e-05,
  "chop": 49.1827055246737,
  "macd_hist": 0.001208187926369494,
  "bb_width_pct": 0.029952009253177127,
  "fvg": {
    "bull": false,
    "bear": false,
    "size": 0.0
  },
  "stake_usdt": 400.0,
  "pos_size": 623.4413965087282,
  "risk_usdt": 25.0,
  "risk_pct": 0.25,
  "score": 0.65,
  "reasons": [],
  "user_id": null,
  "style": "day",
  "risk_mode": "defensive"
}
