{
  "id": "067da563-e290-4a87-89b8-8910042e1a25",
  "ts": "2025-10-19T12:27:29Z",
  "strategy": "go_v1",
  "mode": "offensive",
  "symbol": "SOL/USDT",
  "timeframe": "1h",
  "side": "LONG",
  "entry": 188.33,
  "stop": 185.84329327582242,
  "tp": 193.55208412077295,
  "rr": 2.1,
  "prob_win": 70.12440758293843,
  "ev_r": 1.1738566350710915,
  "rsi": 54.58135860979474,
  "atr_pct": 0.010912385302998514,
  "ema_slope": 0.07186644361033175,
  "chop": 52.897202143352764,
  "macd_hist": 0.213227927489888,
  "bb_width_pct": 0.02526572157764614,
  "fvg": {
    "bull": false,
    "bear": false,
    "size": 0.0
  },
  "stake_usdt": 400.0,
  "pos_size": 2.1239313970158764,
  "risk_usdt": 25.0,
  "risk_pct": 0.25,
  "score": 0.65,
  "reasons": [],
  "user_id": null,
  "style": "day",
  "risk_mode": "defensive"
}
