{
  "id": "06b1de20-8dc4-4e06-8823-1773525cdd15",
  "ts": "2025-10-19T12:28:30Z",
  "strategy": "go_v1",
  "mode": "offensive",
  "symbol": "ADA/USDT",
  "timeframe": "1h",
  "side": "LONG",
  "entry": 0.6398,
  "stop": 0.6309033209116992,
  "tp": 0.6584830260854316,
  "rr": 2.1,
  "prob_win": 70.89285714285714,
  "ev_r": 1.1976785714285711,
  "rsi": 57.14285714285714,
  "atr_pct": 0.011492071500004872,
  "ema_slope": 3.332668014919411e-05,
  "chop": 49.25788872030878,
  "macd_hist": 0.001094322186560482,
  "bb_width_pct": 0.02770454268272946,
  "fvg": {
    "bull": false,
    "bear": false,
    "size": 0.0
  },
  "stake_usdt": 400.0,
  "pos_size": 625.1953735542356,
  "risk_usdt": 25.0,
  "risk_pct": 0.25,
  "score": 0.65,
  "reasons": [],
  "user_id": null,
  "style": "day",
  "risk_mode": "defensive"
}
