{
  "id": "072e874b-0179-4249-a31b-f8b6e24ec08d",
  "ts": "2025-10-19T12:41:04Z",
  "strategy": "go_v1",
  "mode": "offensive",
  "symbol": "ADA/USDT",
  "timeframe": "1h",
  "side": "LONG",
  "entry": 0.6412,
  "stop": 0.6323033209116992,
  "tp": 0.6598830260854317,
  "rr": 2.1,
  "prob_win": 71.4285714285714,
  "ev_r": 1.2142857142857135,
  "rsi": 58.92857142857136,
  "atr_pct": 0.011466979640834556,
  "ema_slope": 3.523144205393377e-05,
  "chop": 49.25788872030878,
  "macd_hist": 0.0011836669159052023,
  "bb_width_pct": 0.028353198703931166,
  "fvg": {
    "bull": false,
    "bear": false,
    "size": 0.0
  },
  "stake_usdt": 400.0,
  "pos_size": 623.8303181534623,
  "risk_usdt": 25.0,
  "risk_pct": 0.25,
  "score": 0.65,
  "reasons": [],
  "user_id": null,
  "style": "day",
  "risk_mode": "defensive"
}
