{
  "id": "07491924-0be8-427c-b2c0-099616a1beef",
  "ts": "2025-10-19T12:07:49Z",
  "strategy": "go_v1",
  "mode": "offensive",
  "symbol": "SOL/USDT",
  "timeframe": "1h",
  "side": "LONG",
  "entry": 189.15,
  "stop": 186.73416470439383,
  "tp": 194.2232541207729,
  "rr": 2.1,
  "prob_win": 71.16463414634148,
  "ev_r": 1.206103658536586,
  "rsi": 58.04878048780494,
  "atr_pct": 0.010555422128164313,
  "ema_slope": 0.07298208986884298,
  "chop": 51.77051649861759,
  "macd_hist": 0.2655584118203566,
  "bb_width_pct": 0.026787618498362063,
  "fvg": {
    "bull": false,
    "bear": false,
    "size": 0.0
  },
  "stake_usdt": 400.0,
  "pos_size": 2.1147237642083003,
  "risk_usdt": 25.0,
  "risk_pct": 0.25,
  "score": 0.65,
  "reasons": [],
  "user_id": null,
  "style": "day",
  "risk_mode": "defensive"
}
