{
  "id": "07f4fff1-3728-44f8-9886-03e41c02101c",
  "ts": "2025-10-18T18:44:43Z",
  "strategy": "go_v1",
  "mode": "neutral",
  "symbol": "BTC/USDT",
  "timeframe": "1h",
  "side": "LONG",
  "entry": 106798.2,
  "stop": 106187.5997930307,
  "tp": 107897.28037254474,
  "rr": 1.8,
  "prob_win": 70.2645844088797,
  "ev_r": 0.9674083634486317,
  "rsi": 59.21528136293232,
  "atr_pct": 0.0051975697834309425,
  "ema_slope": 3.775852509024448,
  "chop": 63.7138628566858,
  "macd_hist": 36.265511149674694,
  "bb_width_pct": 0.007640070993483656,
  "fvg": {
    "bull": false,
    "bear": false,
    "size": 0.0
  },
  "stake_usdt": 400.0,
  "pos_size": 0.003745381476466832,
  "risk_usdt": 25.0,
  "risk_pct": 0.25,
  "score": 0.65,
  "reasons": [],
  "user_id": null,
  "style": "day",
  "risk_mode": "defensive"
}
