{
  "id": "09131422-f9b2-4c93-8573-42db1dea2f20",
  "ts": "2025-10-19T13:01:58Z",
  "strategy": "go_v1",
  "mode": "offensive",
  "symbol": "SOL/USDT",
  "timeframe": "1h",
  "side": "LONG",
  "entry": 188.86,
  "stop": 186.52930804959783,
  "tp": 193.7544530958446,
  "rr": 2.1,
  "prob_win": 70.48605328892592,
  "ev_r": 1.1850676519567036,
  "rsi": 55.78684429641972,
  "atr_pct": 0.010199045295707171,
  "ema_slope": 0.07508817219822247,
  "chop": 52.103759993472686,
  "macd_hist": 0.2595792591731877,
  "bb_width_pct": 0.027695338183842382,
  "fvg": {
    "bull": false,
    "bear": false,
    "size": 0.0
  },
  "stake_usdt": 400.0,
  "pos_size": 2.117970983797522,
  "risk_usdt": 25.0,
  "risk_pct": 0.25,
  "score": 0.65,
  "reasons": [],
  "user_id": null,
  "style": "day",
  "risk_mode": "defensive"
}
