{
  "id": "09b8c27c-e31e-4e2d-8c64-57e3c50a2bc1",
  "ts": "2025-10-18T19:26:06Z",
  "strategy": "go_v1",
  "mode": "offensive",
  "symbol": "BNB/USDT",
  "timeframe": "1h",
  "side": "LONG",
  "entry": 1098.56,
  "stop": 1082.6648949711032,
  "tp": 1131.8273408510172,
  "rr": 2.0929299171372606,
  "prob_win": 73.24009900990099,
  "ev_r": 1.265264933618178,
  "rsi": 56.633663366336606,
  "atr_pct": 0.011957881624221563,
  "ema_slope": 0.7040742268034124,
  "chop": 49.06704034534447,
  "macd_hist": 0.7402538012704294,
  "bb_width_pct": 0.03707008286273941,
  "fvg": {
    "bull": false,
    "bear": false,
    "size": 0.0
  },
  "stake_usdt": 400.0,
  "pos_size": 0.3641130206816196,
  "risk_usdt": 25.0,
  "risk_pct": 0.25,
  "score": 0.85,
  "reasons": [],
  "user_id": null,
  "style": "day",
  "risk_mode": "defensive"
}
