{
  "id": "09e7e52d-6b3a-4b2a-afae-876383c83330",
  "ts": "2025-10-19T12:41:44Z",
  "strategy": "go_v1",
  "mode": "offensive",
  "symbol": "SOL/USDT",
  "timeframe": "1h",
  "side": "LONG",
  "entry": 188.98,
  "stop": 186.49329327582242,
  "tp": 194.20208412077292,
  "rr": 2.1,
  "prob_win": 70.98825226710636,
  "ev_r": 1.2006358202802971,
  "rsi": 57.460840890354504,
  "atr_pct": 0.010874851963772412,
  "ema_slope": 0.07275079735181876,
  "chop": 52.897202143352764,
  "macd_hist": 0.254709408971357,
  "bb_width_pct": 0.026433838270315074,
  "fvg": {
    "bull": false,
    "bear": false,
    "size": 0.0
  },
  "stake_usdt": 400.0,
  "pos_size": 2.1166260979997884,
  "risk_usdt": 25.0,
  "risk_pct": 0.25,
  "score": 0.65,
  "reasons": [],
  "user_id": null,
  "style": "day",
  "risk_mode": "defensive"
}
