{
  "id": "09f84b09-df1d-4c2d-b9ec-86e169eb320b",
  "ts": "2025-10-19T13:14:03Z",
  "strategy": "go_v1",
  "mode": "offensive",
  "symbol": "BTC/USDT",
  "timeframe": "1h",
  "side": "LONG",
  "entry": 107348.3,
  "stop": 106656.56131201972,
  "tp": 108800.9512447586,
  "rr": 2.1,
  "prob_win": 69.70245955760979,
  "ev_r": 1.1607762462859035,
  "rsi": 53.17486519203262,
  "atr_pct": 0.005325513921500441,
  "ema_slope": 10.754317235552278,
  "chop": 50.82202516390779,
  "macd_hist": 75.6437923127668,
  "bb_width_pct": 0.013098619876144147,
  "fvg": {
    "bull": false,
    "bear": false,
    "size": 0.0
  },
  "stake_usdt": 400.0,
  "pos_size": 0.003726188491107917,
  "risk_usdt": 25.0,
  "risk_pct": 0.25,
  "score": 0.65,
  "reasons": [],
  "user_id": null,
  "style": "day",
  "risk_mode": "defensive"
}
