{
  "id": "0a639b87-7f36-4762-9cc8-31aa25c50dcd",
  "ts": "2025-10-19T12:31:33Z",
  "strategy": "go_v1",
  "mode": "offensive",
  "symbol": "BTC/USDT",
  "timeframe": "1h",
  "side": "LONG",
  "entry": 107524.2,
  "stop": 106807.1737148963,
  "tp": 109029.95519871777,
  "rr": 2.1,
  "prob_win": 70.72311139564661,
  "ev_r": 1.1924164532650448,
  "rsi": 56.5770379854887,
  "atr_pct": 0.005511165920762705,
  "ema_slope": 8.905207155512688,
  "chop": 50.30302966388245,
  "macd_hist": 89.44081165783709,
  "bb_width_pct": 0.012789979457337211,
  "fvg": {
    "bull": false,
    "bear": false,
    "size": 0.0
  },
  "stake_usdt": 400.0,
  "pos_size": 0.0037200927791139113,
  "risk_usdt": 25.0,
  "risk_pct": 0.25,
  "score": 0.65,
  "reasons": [],
  "user_id": null,
  "style": "day",
  "risk_mode": "defensive"
}
