{
  "id": "0aa81aef-6c31-4d36-bef8-c20f0d0c0e0e",
  "ts": "2025-10-19T11:59:31Z",
  "strategy": "go_v1",
  "mode": "offensive",
  "symbol": "SOL/USDT",
  "timeframe": "1h",
  "side": "LONG",
  "entry": 188.92,
  "stop": 186.35928505600057,
  "tp": 194.29750138239874,
  "rr": 2.1,
  "prob_win": 71.05106644790811,
  "ev_r": 1.2025830598851515,
  "rsi": 57.67022149302699,
  "atr_pct": 0.011202060883698253,
  "ema_slope": 0.07167114242019405,
  "chop": 52.65273472655626,
  "macd_hist": 0.1940042455264963,
  "bb_width_pct": 0.026239965058003925,
  "fvg": {
    "bull": false,
    "bear": false,
    "size": 0.0
  },
  "stake_usdt": 400.0,
  "pos_size": 2.1172983273343213,
  "risk_usdt": 25.0,
  "risk_pct": 0.25,
  "score": 0.65,
  "reasons": [],
  "user_id": null,
  "style": "day",
  "risk_mode": "defensive"
}
