{
  "id": "0ae42e0c-ed17-45ec-b8f1-70bf542f288d",
  "ts": "2025-10-18T19:51:01Z",
  "strategy": "go_v1",
  "mode": "offensive",
  "symbol": "SOL/USDT",
  "timeframe": "1h",
  "side": "LONG",
  "entry": 186.15,
  "stop": 183.68351086147018,
  "tp": 191.32962719091265,
  "rr": 2.1,
  "prob_win": 71.56456953642385,
  "ev_r": 1.2185016556291395,
  "rsi": 59.381898454746135,
  "atr_pct": 0.010950420497687246,
  "ema_slope": 0.11650340863125384,
  "chop": 59.60615184611875,
  "macd_hist": 0.08470202648651454,
  "bb_width_pct": 0.021571359036656662,
  "fvg": {
    "bull": false,
    "bear": false,
    "size": 0.0
  },
  "stake_usdt": 400.0,
  "pos_size": 2.1488047273704,
  "risk_usdt": 25.0,
  "risk_pct": 0.25,
  "score": 0.65,
  "reasons": [],
  "user_id": null,
  "style": "day",
  "risk_mode": "defensive"
}
