{
  "id": "0b60b36a-597b-4f92-aeea-5c657945dcac",
  "ts": "2025-10-19T12:17:04Z",
  "strategy": "go_v1",
  "mode": "offensive",
  "symbol": "ADA/USDT",
  "timeframe": "1h",
  "side": "LONG",
  "entry": 0.6388,
  "stop": 0.6299033209116992,
  "tp": 0.6574830260854317,
  "rr": 2.1,
  "prob_win": 70.52966101694915,
  "ev_r": 1.1864194915254238,
  "rsi": 55.93220338983052,
  "atr_pct": 0.011510061593148274,
  "ema_slope": 3.196613593151316e-05,
  "chop": 49.25788872030878,
  "macd_hist": 0.0010305045227427486,
  "bb_width_pct": 0.027314806599735068,
  "fvg": {
    "bull": false,
    "bear": false,
    "size": 0.0
  },
  "stake_usdt": 400.0,
  "pos_size": 626.1740763932373,
  "risk_usdt": 25.0,
  "risk_pct": 0.25,
  "score": 0.65,
  "reasons": [],
  "user_id": null,
  "style": "day",
  "risk_mode": "defensive"
}
