{
  "id": "0cdc16de-52ee-4954-8a7c-07a721e79b8a",
  "ts": "2025-10-18T18:07:27Z",
  "strategy": "go_v1",
  "mode": "offensive",
  "symbol": "ADA/USDT",
  "timeframe": "1h",
  "side": "LONG",
  "entry": 0.6353,
  "stop": 0.6266752296479927,
  "tp": 0.6534120177392151,
  "rr": 2.1,
  "prob_win": 66.82773109243698,
  "ev_r": 1.0716596638655465,
  "rsi": 64.42577030812328,
  "atr_pct": 0.01121975347367256,
  "ema_slope": 0.00023889935917846962,
  "chop": 62.453500365989655,
  "macd_hist": 0.0006405954444171818,
  "bb_width_pct": 0.02286772069876724,
  "fvg": {
    "bull": true,
    "bear": false,
    "size": 0.0031605562579013935
  },
  "stake_usdt": 400.0,
  "pos_size": 629.6237997796317,
  "risk_usdt": 25.0,
  "risk_pct": 0.25,
  "score": 0.35,
  "reasons": [],
  "user_id": null,
  "style": "day",
  "risk_mode": "defensive"
}
