{
  "id": "0d324106-0609-40bb-83db-cf7d217f8e87",
  "ts": "2025-10-18T17:47:26Z",
  "strategy": "go_v1",
  "mode": "offensive",
  "symbol": "ADA/USDT",
  "timeframe": "1h",
  "side": "LONG",
  "entry": 0.6333,
  "stop": 0.6244691923774313,
  "tp": 0.6518446960073941,
  "rr": 2.1,
  "prob_win": 69.37499999999997,
  "ev_r": 1.1506249999999993,
  "rsi": 52.08333333333326,
  "atr_pct": 0.01152406145243226,
  "ema_slope": 0.00022198323087845243,
  "chop": 63.386965378843044,
  "macd_hist": 0.0004108168185384104,
  "bb_width_pct": 0.021525980926216902,
  "fvg": {
    "bull": false,
    "bear": false,
    "size": 0.0
  },
  "stake_usdt": 400.0,
  "pos_size": 631.6121901152693,
  "risk_usdt": 25.0,
  "risk_pct": 0.25,
  "score": 0.65,
  "reasons": [],
  "user_id": null,
  "style": "day",
  "risk_mode": "defensive"
}
