{
  "id": "0d742b94-4489-41c4-b71a-7a39cac4e8a9",
  "ts": "2025-10-19T12:10:06Z",
  "strategy": "go_v1",
  "mode": "offensive",
  "symbol": "BTC/USDT",
  "timeframe": "1h",
  "side": "LONG",
  "entry": 107674.3,
  "stop": 106980.4452148963,
  "tp": 109131.39504871778,
  "rr": 2.1,
  "prob_win": 71.48035310902394,
  "ev_r": 1.215890946379742,
  "rsi": 59.10117703007976,
  "atr_pct": 0.005325632083953865,
  "ema_slope": 9.109424842591572,
  "chop": 49.034479799182094,
  "macd_hist": 99.01984299686873,
  "bb_width_pct": 0.013237231321711179,
  "fvg": {
    "bull": false,
    "bear": false,
    "size": 0.0
  },
  "stake_usdt": 400.0,
  "pos_size": 0.0037149068997894574,
  "risk_usdt": 25.0,
  "risk_pct": 0.25,
  "score": 0.65,
  "reasons": [],
  "user_id": null,
  "style": "day",
  "risk_mode": "defensive"
}
