{
  "id": "0f30ebef-d5b9-47a2-a8c3-1be71a70b367",
  "ts": "2025-10-19T12:23:51Z",
  "strategy": "go_v1",
  "mode": "offensive",
  "symbol": "SOL/USDT",
  "timeframe": "1h",
  "side": "LONG",
  "entry": 188.26,
  "stop": 185.77329327582243,
  "tp": 193.48208412077292,
  "rr": 2.1,
  "prob_win": 70.03436763550668,
  "ev_r": 1.171065396700707,
  "rsi": 54.28122545168895,
  "atr_pct": 0.010916442813734783,
  "ema_slope": 0.07177120551509832,
  "chop": 52.897202143352764,
  "macd_hist": 0.20876069102265288,
  "bb_width_pct": 0.025158508070587553,
  "fvg": {
    "bull": false,
    "bear": false,
    "size": 0.0
  },
  "stake_usdt": 400.0,
  "pos_size": 2.1247211303516416,
  "risk_usdt": 25.0,
  "risk_pct": 0.25,
  "score": 0.65,
  "reasons": [],
  "user_id": null,
  "style": "day",
  "risk_mode": "defensive"
}
