{
  "id": "0f410bf2-7b60-4fa2-acce-4a1eea2e893b",
  "ts": "2025-10-19T12:10:20Z",
  "strategy": "go_v1",
  "mode": "offensive",
  "symbol": "BNB/USDT",
  "timeframe": "1h",
  "side": "SHORT",
  "entry": 1096.31,
  "stop": 1111.7278242262878,
  "tp": 1063.9325691247955,
  "rr": 2.1,
  "prob_win": 66.56874129122156,
  "ev_r": 1.0636309800278685,
  "rsi": 53.104195695928155,
  "atr_pct": 0.011622628173418005,
  "ema_slope": -0.30277127368823814,
  "chop": 52.509577904181,
  "macd_hist": 1.3508156989289088,
  "bb_width_pct": 0.02563684060192072,
  "fvg": {
    "bull": false,
    "bear": false,
    "size": 0.0
  },
  "stake_usdt": 400.0,
  "pos_size": 0.3648603041110635,
  "risk_usdt": 25.0,
  "risk_pct": 0.25,
  "score": 0.55,
  "reasons": [],
  "user_id": null,
  "style": "day",
  "risk_mode": "defensive"
}
