{
  "id": "0f4d4777-1234-4857-a191-2f649625c6d5",
  "ts": "2025-10-18T19:26:01Z",
  "strategy": "go_v1",
  "mode": "offensive",
  "symbol": "SOL/USDT",
  "timeframe": "1h",
  "side": "LONG",
  "entry": 185.67,
  "stop": 183.20351086147016,
  "tp": 190.84962719091263,
  "rr": 2.1,
  "prob_win": 70.8390410958904,
  "ev_r": 1.196010273972602,
  "rsi": 56.96347031963464,
  "atr_pct": 0.010978729873670927,
  "ema_slope": 0.11585034740677355,
  "chop": 59.60615184611875,
  "macd_hist": 0.05406954785404511,
  "bb_width_pct": 0.021147784041396552,
  "fvg": {
    "bull": false,
    "bear": false,
    "size": 0.0
  },
  "stake_usdt": 400.0,
  "pos_size": 2.154359885818926,
  "risk_usdt": 25.0,
  "risk_pct": 0.25,
  "score": 0.65,
  "reasons": [],
  "user_id": null,
  "style": "day",
  "risk_mode": "defensive"
}
