{
  "id": "1023ad11-6051-45bd-957f-1964203c58d4",
  "ts": "2025-10-19T13:34:24Z",
  "strategy": "go_v1",
  "mode": "offensive",
  "symbol": "SOL/USDT",
  "timeframe": "1h",
  "side": "LONG",
  "entry": 189.29,
  "stop": 186.87633662102638,
  "tp": 194.3586930958446,
  "rr": 2.1,
  "prob_win": 70.94453376205789,
  "ev_r": 1.1992805466237946,
  "rsi": 57.315112540192935,
  "atr_pct": 0.010538132617246995,
  "ema_slope": 0.075673206211838,
  "chop": 53.408177980901684,
  "macd_hist": 0.2870208546147749,
  "bb_width_pct": 0.028493902846928074,
  "fvg": {
    "bull": false,
    "bear": false,
    "size": 0.0
  },
  "stake_usdt": 400.0,
  "pos_size": 2.113159702044482,
  "risk_usdt": 25.0,
  "risk_pct": 0.25,
  "score": 0.65,
  "reasons": [],
  "user_id": null,
  "style": "day",
  "risk_mode": "defensive"
}
