{
  "id": "1040e934-162a-458e-86cc-e2bff329e8ff",
  "ts": "2025-10-18T19:51:12Z",
  "strategy": "go_v1",
  "mode": "offensive",
  "symbol": "ADA/USDT",
  "timeframe": "1h",
  "side": "LONG",
  "entry": 0.6362,
  "stop": 0.6278770550857949,
  "tp": 0.6536781843198307,
  "rr": 2.1,
  "prob_win": 65.78402366863907,
  "ev_r": 1.0393047337278112,
  "rsi": 60.94674556213021,
  "atr_pct": 0.01081179954612367,
  "ema_slope": 0.0002447832556956364,
  "chop": 64.89622064501361,
  "macd_hist": 0.0006694559785991449,
  "bb_width_pct": 0.021003852653642047,
  "fvg": {
    "bull": false,
    "bear": false,
    "size": 0.0
  },
  "stake_usdt": 400.0,
  "pos_size": 628.7331027978623,
  "risk_usdt": 25.0,
  "risk_pct": 0.25,
  "score": 0.35,
  "reasons": [],
  "user_id": null,
  "style": "day",
  "risk_mode": "defensive"
}
