{
  "id": "107eb5d2-a37c-4f5d-8077-19d8d20ca52b",
  "ts": "2025-10-18T19:51:07Z",
  "strategy": "go_v1",
  "mode": "offensive",
  "symbol": "BNB/USDT",
  "timeframe": "1h",
  "side": "LONG",
  "entry": 1102.45,
  "stop": 1086.2601735425317,
  "tp": 1136.3284454758184,
  "rr": 2.092576196836886,
  "prob_win": 73.80404501894363,
  "ev_r": 1.2824463285586298,
  "rsi": 58.51348339647875,
  "atr_pct": 0.012136624668398814,
  "ema_slope": 0.7093667438102859,
  "chop": 49.76590439080895,
  "macd_hist": 0.9885045135212035,
  "bb_width_pct": 0.03742380316311388,
  "fvg": {
    "bull": false,
    "bear": false,
    "size": 0.0
  },
  "stake_usdt": 400.0,
  "pos_size": 0.36282824617896503,
  "risk_usdt": 25.0,
  "risk_pct": 0.25,
  "score": 0.85,
  "reasons": [],
  "user_id": null,
  "style": "day",
  "risk_mode": "defensive"
}
