{
  "id": "1097263d-e099-408f-bfb9-20185c7bda0e",
  "ts": "2025-10-19T12:02:45Z",
  "strategy": "go_v1",
  "mode": "offensive",
  "symbol": "BTC/USDT",
  "timeframe": "1h",
  "side": "LONG",
  "entry": 107728.5,
  "stop": 107038.88885775344,
  "tp": 109176.68339871777,
  "rr": 2.1,
  "prob_win": 65.52066340402394,
  "ev_r": 1.031140565524742,
  "rsi": 60.06887801341314,
  "atr_pct": 0.0052903972842853145,
  "ema_slope": 9.18316633919128,
  "chop": 48.79748460947238,
  "macd_hist": 102.47876037579398,
  "bb_width_pct": 0.013422415469173143,
  "fvg": {
    "bull": false,
    "bear": false,
    "size": 0.0
  },
  "stake_usdt": 400.0,
  "pos_size": 0.00371303786834496,
  "risk_usdt": 25.0,
  "risk_pct": 0.25,
  "score": 0.35,
  "reasons": [],
  "user_id": null,
  "style": "day",
  "risk_mode": "defensive"
}
