{
  "id": "109e6b28-0edb-487e-8281-8ecd3b6149f0",
  "ts": "2025-10-19T12:55:31Z",
  "strategy": "go_v1",
  "mode": "offensive",
  "symbol": "BNB/USDT",
  "timeframe": "1h",
  "side": "SHORT",
  "entry": 1096.65,
  "stop": 1112.4316885120022,
  "tp": 1063.5084541247957,
  "rr": 2.1,
  "prob_win": 66.48443579766534,
  "ev_r": 1.0610175097276258,
  "rsi": 53.38521400778222,
  "atr_pct": 0.011893236473363588,
  "ema_slope": -0.3023086886541722,
  "chop": 53.449040443038896,
  "macd_hist": 1.3725137046268172,
  "bb_width_pct": 0.02568277146311706,
  "fvg": {
    "bull": false,
    "bear": false,
    "size": 0.0
  },
  "stake_usdt": 400.0,
  "pos_size": 0.3647471846076688,
  "risk_usdt": 25.0,
  "risk_pct": 0.25,
  "score": 0.55,
  "reasons": [],
  "user_id": null,
  "style": "day",
  "risk_mode": "defensive"
}
