{
  "id": "10b53cd5-e2ea-4521-b5e6-cf4771644f0d",
  "ts": "2025-10-18T20:11:10Z",
  "strategy": "go_v1",
  "mode": "offensive",
  "symbol": "ADA/USDT",
  "timeframe": "1h",
  "side": "LONG",
  "entry": 0.6364,
  "stop": 0.6284727654300132,
  "tp": 0.6530471925969723,
  "rr": 2.1,
  "prob_win": 65.71428571428574,
  "ev_r": 1.0371428571428578,
  "rsi": 60.71428571428577,
  "atr_pct": 0.010294521572776116,
  "ema_slope": 0.00024951925780356774,
  "chop": 63.399045429058596,
  "macd_hist": 0.0006829998694842106,
  "bb_width_pct": 0.02062567892124829,
  "fvg": {
    "bull": false,
    "bear": false,
    "size": 0.0
  },
  "stake_usdt": 400.0,
  "pos_size": 628.5355122564425,
  "risk_usdt": 25.0,
  "risk_pct": 0.25,
  "score": 0.35,
  "reasons": [],
  "user_id": null,
  "style": "day",
  "risk_mode": "defensive"
}
