{
  "id": "119d63db-13e6-4968-8b05-56b76fd2d563",
  "ts": "2025-10-19T12:43:12Z",
  "strategy": "go_v1",
  "mode": "offensive",
  "symbol": "BTC/USDT",
  "timeframe": "1h",
  "side": "LONG",
  "entry": 107561.5,
  "stop": 106844.47371489629,
  "tp": 109067.25519871776,
  "rr": 2.1,
  "prob_win": 70.90518233061086,
  "ev_r": 1.1980606522489363,
  "rsi": 57.18394110203618,
  "atr_pct": 0.005509254767712176,
  "ema_slope": 8.95595545483263,
  "chop": 50.30302966388245,
  "macd_hist": 91.82121051823623,
  "bb_width_pct": 0.012891761993411709,
  "fvg": {
    "bull": false,
    "bear": false,
    "size": 0.0
  },
  "stake_usdt": 400.0,
  "pos_size": 0.0037188027314606063,
  "risk_usdt": 25.0,
  "risk_pct": 0.25,
  "score": 0.65,
  "reasons": [],
  "user_id": null,
  "style": "day",
  "risk_mode": "defensive"
}
