{
  "id": "11aad251-3414-422d-bf88-07a032db8204",
  "ts": "2025-10-19T13:00:58Z",
  "strategy": "go_v1",
  "mode": "offensive",
  "symbol": "BTC/USDT",
  "timeframe": "1h",
  "side": "LONG",
  "entry": 107566.0,
  "stop": 106896.19688344828,
  "tp": 108972.5865447586,
  "rr": 2.1,
  "prob_win": 70.71877469199028,
  "ev_r": 1.1922820154516989,
  "rsi": 56.56258230663427,
  "atr_pct": 0.00514620135238676,
  "ema_slope": 11.050507711745743,
  "chop": 49.63879925794616,
  "macd_hist": 89.53689772587958,
  "bb_width_pct": 0.013533493952742899,
  "fvg": {
    "bull": false,
    "bear": false,
    "size": 0.0
  },
  "stake_usdt": 400.0,
  "pos_size": 0.003718647156164587,
  "risk_usdt": 25.0,
  "risk_pct": 0.25,
  "score": 0.65,
  "reasons": [],
  "user_id": null,
  "style": "day",
  "risk_mode": "defensive"
}
