{
  "id": "1414e477-d961-4b58-afa8-f74fcf44df15",
  "ts": "2025-10-18T20:06:01Z",
  "strategy": "go_v1",
  "mode": "offensive",
  "symbol": "SOL/USDT",
  "timeframe": "1h",
  "side": "LONG",
  "entry": 186.43,
  "stop": 184.10684579610657,
  "tp": 191.30862382817622,
  "rr": 2.1,
  "prob_win": 69.1274834437086,
  "ev_r": 1.1429519867549667,
  "rsi": 51.258278145695336,
  "atr_pct": 0.010298568642268148,
  "ema_slope": 0.11339113745856785,
  "chop": 56.29330388735186,
  "macd_hist": 0.11544515176559222,
  "bb_width_pct": 0.019211331123550224,
  "fvg": {
    "bull": false,
    "bear": false,
    "size": 0.0
  },
  "stake_usdt": 400.0,
  "pos_size": 2.145577428525452,
  "risk_usdt": 25.0,
  "risk_pct": 0.25,
  "score": 0.65,
  "reasons": [],
  "user_id": null,
  "style": "day",
  "risk_mode": "defensive"
}
