{
  "id": "146eab56-7fc8-4c45-9b13-f0d61b025764",
  "ts": "2025-10-19T13:07:33Z",
  "strategy": "go_v1",
  "mode": "offensive",
  "symbol": "BTC/USDT",
  "timeframe": "1h",
  "side": "LONG",
  "entry": 107430.1,
  "stop": 106748.30924059116,
  "tp": 108861.86059475859,
  "rr": 2.1,
  "prob_win": 70.06972980579795,
  "ev_r": 1.1721616239797363,
  "rsi": 54.39909935265981,
  "atr_pct": 0.005244930773851805,
  "ema_slope": 10.865609752571672,
  "chop": 50.289998172680484,
  "macd_hist": 80.86407721305723,
  "bb_width_pct": 0.01323590652680112,
  "fvg": {
    "bull": false,
    "bear": false,
    "size": 0.0
  },
  "stake_usdt": 400.0,
  "pos_size": 0.0037233512767836947,
  "risk_usdt": 25.0,
  "risk_pct": 0.25,
  "score": 0.65,
  "reasons": [],
  "user_id": null,
  "style": "day",
  "risk_mode": "defensive"
}
