{
  "id": "1472cc62-e4b3-4221-984f-5020bc41f1b7",
  "ts": "2025-10-19T13:23:51Z",
  "strategy": "go_v1",
  "mode": "offensive",
  "symbol": "SOL/USDT",
  "timeframe": "1h",
  "side": "LONG",
  "entry": 188.62,
  "stop": 186.24004376388353,
  "tp": 193.6179080958446,
  "rr": 2.1,
  "prob_win": 70.17916321458162,
  "ev_r": 1.1755540596520302,
  "rsi": 54.76387738193873,
  "atr_pct": 0.010427876048465389,
  "ema_slope": 0.07476164158598232,
  "chop": 52.88366191874238,
  "macd_hist": 0.24426301985695298,
  "bb_width_pct": 0.027303517848487967,
  "fvg": {
    "bull": false,
    "bear": false,
    "size": 0.0
  },
  "stake_usdt": 400.0,
  "pos_size": 2.120665889089174,
  "risk_usdt": 25.0,
  "risk_pct": 0.25,
  "score": 0.65,
  "reasons": [],
  "user_id": null,
  "style": "day",
  "risk_mode": "defensive"
}
