{
  "id": "14815c10-b54c-4d87-8137-3de1c56f6e91",
  "ts": "2025-10-19T13:10:14Z",
  "strategy": "go_v1",
  "mode": "offensive",
  "symbol": "BNB/USDT",
  "timeframe": "1h",
  "side": "SHORT",
  "entry": 1093.91,
  "stop": 1108.9438463884726,
  "tp": 1062.338922584208,
  "rr": 2.1,
  "prob_win": 67.07040035987403,
  "ev_r": 1.0791824111560948,
  "rsi": 51.431998800419926,
  "atr_pct": 0.011358033509844602,
  "ema_slope": -0.2854451293034717,
  "chop": 53.37402796918236,
  "macd_hist": 1.2276698521231248,
  "bb_width_pct": 0.02548126152279917,
  "fvg": {
    "bull": false,
    "bear": false,
    "size": 0.0
  },
  "stake_usdt": 400.0,
  "pos_size": 0.3656607947637374,
  "risk_usdt": 25.0,
  "risk_pct": 0.25,
  "score": 0.55,
  "reasons": [],
  "user_id": null,
  "style": "day",
  "risk_mode": "defensive"
}
