{
  "id": "14c59029-3901-4ad9-b826-ed079316c1d2",
  "ts": "2025-10-19T11:50:19Z",
  "strategy": "go_v1",
  "mode": "offensive",
  "symbol": "SOL/USDT",
  "timeframe": "1h",
  "side": "LONG",
  "entry": 188.58,
  "stop": 186.0192850560006,
  "tp": 193.95750138239876,
  "rr": 2.1,
  "prob_win": 70.58160415003991,
  "ev_r": 1.1880297286512373,
  "rsi": 56.10534716679972,
  "atr_pct": 0.011222257620894441,
  "ema_slope": 0.07120855738618936,
  "chop": 52.65273472655626,
  "macd_hist": 0.17230623982847443,
  "bb_width_pct": 0.025529115852189848,
  "fvg": {
    "bull": false,
    "bear": false,
    "size": 0.0
  },
  "stake_usdt": 400.0,
  "pos_size": 2.121115706861809,
  "risk_usdt": 25.0,
  "risk_pct": 0.25,
  "score": 0.65,
  "reasons": [],
  "user_id": null,
  "style": "day",
  "risk_mode": "defensive"
}
