{
  "id": "14df7dd5-83d2-4e23-9026-5a0bba682006",
  "ts": "2025-10-19T13:43:19Z",
  "strategy": "go_v1",
  "mode": "offensive",
  "symbol": "BTC/USDT",
  "timeframe": "1h",
  "side": "LONG",
  "entry": 107781.1,
  "stop": 107069.50002630544,
  "tp": 109275.4599447586,
  "rr": 2.1,
  "prob_win": 71.55110310670871,
  "ev_r": 1.2180841963079703,
  "rsi": 59.3370103556957,
  "atr_pct": 0.005456421875576439,
  "ema_slope": 11.343160772973434,
  "chop": 51.86239429224243,
  "macd_hist": 103.26407721305722,
  "bb_width_pct": 0.014169101039837482,
  "fvg": {
    "bull": false,
    "bear": false,
    "size": 0.0
  },
  "stake_usdt": 400.0,
  "pos_size": 0.003711225808606518,
  "risk_usdt": 25.0,
  "risk_pct": 0.25,
  "score": 0.65,
  "reasons": [],
  "user_id": null,
  "style": "day",
  "risk_mode": "defensive"
}
