{
  "id": "15440857-f908-48d0-97c5-d4adb713393d",
  "ts": "2025-10-19T13:18:18Z",
  "strategy": "go_v1",
  "mode": "offensive",
  "symbol": "BNB/USDT",
  "timeframe": "1h",
  "side": "SHORT",
  "entry": 1094.16,
  "stop": 1109.3900392456153,
  "tp": 1062.1769175842078,
  "rr": 2.1,
  "prob_win": 67.01234196267308,
  "ev_r": 1.0773826008428653,
  "rsi": 51.62552679108976,
  "atr_pct": 0.011503627708833229,
  "ema_slope": -0.2851049932490516,
  "chop": 53.87205535803666,
  "macd_hist": 1.2436242680774905,
  "bb_width_pct": 0.025499751348048553,
  "fvg": {
    "bull": false,
    "bear": false,
    "size": 0.0
  },
  "stake_usdt": 400.0,
  "pos_size": 0.36557724647217954,
  "risk_usdt": 25.0,
  "risk_pct": 0.25,
  "score": 0.55,
  "reasons": [],
  "user_id": null,
  "style": "day",
  "risk_mode": "defensive"
}
