{
  "id": "15cbaf5b-3474-4ae0-8220-0c1d8890adc4",
  "ts": "2025-10-19T12:39:55Z",
  "strategy": "go_v1",
  "mode": "offensive",
  "symbol": "BTC/USDT",
  "timeframe": "1h",
  "side": "LONG",
  "entry": 107593.9,
  "stop": 106876.87371489628,
  "tp": 109099.65519871777,
  "rr": 2.1,
  "prob_win": 71.06653506734789,
  "ev_r": 1.2030625870877842,
  "rsi": 57.72178355782625,
  "atr_pct": 0.005507595753079619,
  "ema_slope": 9.000037087488892,
  "chop": 50.30302966388245,
  "macd_hist": 93.88890282593337,
  "bb_width_pct": 0.012985289099202315,
  "fvg": {
    "bull": false,
    "bear": false,
    "size": 0.0
  },
  "stake_usdt": 400.0,
  "pos_size": 0.0037176828797915126,
  "risk_usdt": 25.0,
  "risk_pct": 0.25,
  "score": 0.65,
  "reasons": [],
  "user_id": null,
  "style": "day",
  "risk_mode": "defensive"
}
