{
  "id": "15d4fb40-156b-411a-95e7-e2898e84b0ab",
  "ts": "2025-10-18T19:06:00Z",
  "strategy": "go_v1",
  "mode": "offensive",
  "symbol": "ETH/USDT",
  "timeframe": "1h",
  "side": "LONG",
  "entry": 3885.57,
  "stop": 3847.484707512483,
  "tp": 3965.549114223786,
  "rr": 2.1,
  "prob_win": 71.15964327714627,
  "ev_r": 1.2059489415915343,
  "rsi": 58.03214425715423,
  "atr_pct": 0.008100599998659436,
  "ema_slope": 1.9635429547797132,
  "chop": 57.53869877592297,
  "macd_hist": 1.8223657566227844,
  "bb_width_pct": 0.014766628713318141,
  "fvg": {
    "bull": false,
    "bear": false,
    "size": 0.0
  },
  "stake_usdt": 400.0,
  "pos_size": 0.10294499906062687,
  "risk_usdt": 25.0,
  "risk_pct": 0.25,
  "score": 0.65,
  "reasons": [],
  "user_id": null,
  "style": "day",
  "risk_mode": "defensive"
}
