{
  "id": "166f9cac-c7b2-4190-8c7f-8cfb7fae367d",
  "ts": "2025-10-19T13:11:07Z",
  "strategy": "go_v1",
  "mode": "offensive",
  "symbol": "ADA/USDT",
  "timeframe": "1h",
  "side": "LONG",
  "entry": 0.6405,
  "stop": 0.6319486449618383,
  "tp": 0.6584578455801394,
  "rr": 2.1,
  "prob_win": 70.93120805369124,
  "ev_r": 1.1988674496644285,
  "rsi": 57.27069351230413,
  "atr_pct": 0.011033935314174277,
  "ema_slope": 5.8381104744772266e-05,
  "chop": 49.66875080363792,
  "macd_hist": 0.0011379884961701912,
  "bb_width_pct": 0.029450172039176613,
  "fvg": {
    "bull": false,
    "bear": false,
    "size": 0.0
  },
  "stake_usdt": 400.0,
  "pos_size": 624.512099921936,
  "risk_usdt": 25.0,
  "risk_pct": 0.25,
  "score": 0.65,
  "reasons": [],
  "user_id": null,
  "style": "day",
  "risk_mode": "defensive"
}
