{
  "id": "169656d1-8186-432e-912e-c99b1014a7e5",
  "ts": "2025-10-19T12:53:13Z",
  "strategy": "go_v1",
  "mode": "offensive",
  "symbol": "ADA/USDT",
  "timeframe": "1h",
  "side": "LONG",
  "entry": 0.6399,
  "stop": 0.6309514637688421,
  "tp": 0.6586919260854317,
  "rr": 2.1,
  "prob_win": 70.93004338394793,
  "ev_r": 1.198831344902386,
  "rsi": 57.26681127982645,
  "atr_pct": 0.011557250333740046,
  "ema_slope": 3.346273457094169e-05,
  "chop": 49.482547391257114,
  "macd_hist": 0.0011007039529422288,
  "bb_width_pct": 0.027746957562423662,
  "fvg": {
    "bull": false,
    "bear": false,
    "size": 0.0
  },
  "stake_usdt": 400.0,
  "pos_size": 625.0976715111736,
  "risk_usdt": 25.0,
  "risk_pct": 0.25,
  "score": 0.65,
  "reasons": [],
  "user_id": null,
  "style": "day",
  "risk_mode": "defensive"
}
