{
  "id": "171a05bc-f5d0-4098-823c-31a16debfdcf",
  "ts": "2025-10-19T11:54:29Z",
  "strategy": "go_v1",
  "mode": "offensive",
  "symbol": "SOL/USDT",
  "timeframe": "1h",
  "side": "LONG",
  "entry": 188.61,
  "stop": 186.0492850560006,
  "tp": 193.9875013823988,
  "rr": 2.1,
  "prob_win": 70.62200000000001,
  "ev_r": 1.1892820000000002,
  "rsi": 56.24000000000004,
  "atr_pct": 0.011220472626839902,
  "ema_slope": 0.07124937371272923,
  "chop": 52.65273472655626,
  "macd_hist": 0.17422076974302647,
  "bb_width_pct": 0.025588667384035407,
  "fvg": {
    "bull": false,
    "bear": false,
    "size": 0.0
  },
  "stake_usdt": 400.0,
  "pos_size": 2.120778325645512,
  "risk_usdt": 25.0,
  "risk_pct": 0.25,
  "score": 0.65,
  "reasons": [],
  "user_id": null,
  "style": "day",
  "risk_mode": "defensive"
}
