{
  "id": "1764cefd-4aa4-4799-be29-59cf0a5f2407",
  "ts": "2025-10-19T12:59:30Z",
  "strategy": "go_v1",
  "mode": "offensive",
  "symbol": "SOL/USDT",
  "timeframe": "1h",
  "side": "LONG",
  "entry": 188.7,
  "stop": 186.2132932758224,
  "tp": 193.92208412077292,
  "rr": 2.1,
  "prob_win": 70.61737184703011,
  "ev_r": 1.1891385272579336,
  "rsi": 56.2245728234337,
  "atr_pct": 0.010890988469071067,
  "ema_slope": 0.0723698449708763,
  "chop": 52.897202143352764,
  "macd_hist": 0.23684046310241652,
  "bb_width_pct": 0.02589358470511497,
  "fvg": {
    "bull": false,
    "bear": false,
    "size": 0.0
  },
  "stake_usdt": 400.0,
  "pos_size": 2.1197668256491786,
  "risk_usdt": 25.0,
  "risk_pct": 0.25,
  "score": 0.65,
  "reasons": [],
  "user_id": null,
  "style": "day",
  "risk_mode": "defensive"
}
