{
  "id": "17a897ef-e8e9-4e3b-8a6a-a06cc821c1b9",
  "ts": "2025-10-18T17:37:10Z",
  "strategy": "go_v1",
  "mode": "defensive",
  "symbol": "BTC/USDT",
  "timeframe": "1h",
  "side": "LONG",
  "entry": 106817.4,
  "stop": 106241.33610688869,
  "tp": 107739.1022289781,
  "rr": 1.6,
  "prob_win": 65.10523123299754,
  "ev_r": 0.692736012057936,
  "rsi": 46.18410410999178,
  "atr_pct": 0.005447452571532864,
  "ema_slope": 3.1007718018078267,
  "chop": 65.47588111072038,
  "macd_hist": 42.598385439165085,
  "bb_width_pct": 0.007719087358857775,
  "fvg": {
    "bull": false,
    "bear": false,
    "size": 0.0
  },
  "stake_usdt": 400.0,
  "pos_size": 0.003744708259141301,
  "risk_usdt": 25.0,
  "risk_pct": 0.25,
  "score": 0.65,
  "reasons": [],
  "user_id": null,
  "style": "day",
  "risk_mode": "defensive"
}
