{
  "id": "17d28e69-de2f-4ad1-83d4-ba81eb2d8541",
  "ts": "2025-10-19T12:09:19Z",
  "strategy": "go_v1",
  "mode": "offensive",
  "symbol": "ETH/USDT",
  "timeframe": "1h",
  "side": "LONG",
  "entry": 3920.92,
  "stop": 3875.961866607655,
  "tp": 4015.3320801239247,
  "rr": 2.1,
  "prob_win": 71.54494169316976,
  "ev_r": 1.2178931924882626,
  "rsi": 59.316472310565864,
  "atr_pct": 0.00947621531233331,
  "ema_slope": 1.1204632353578183,
  "chop": 47.948473412355916,
  "macd_hist": 3.3453126984442854,
  "bb_width_pct": 0.018564244061956496,
  "fvg": {
    "bull": false,
    "bear": false,
    "size": 0.0
  },
  "stake_usdt": 400.0,
  "pos_size": 0.10201687359089193,
  "risk_usdt": 25.0,
  "risk_pct": 0.25,
  "score": 0.65,
  "reasons": [],
  "user_id": null,
  "style": "day",
  "risk_mode": "defensive"
}
