{
  "id": "1845b5fc-012b-4cc9-ae11-b3b55772f5e6",
  "ts": "2025-10-19T12:33:12Z",
  "strategy": "go_v1",
  "mode": "offensive",
  "symbol": "BTC/USDT",
  "timeframe": "1h",
  "side": "LONG",
  "entry": 107521.9,
  "stop": 106804.8737148963,
  "tp": 109027.65519871777,
  "rr": 2.1,
  "prob_win": 70.71201091901729,
  "ev_r": 1.192072338489536,
  "rsi": 56.54003639672426,
  "atr_pct": 0.005511283810063562,
  "ema_slope": 8.902077903814781,
  "chop": 50.30302966388245,
  "macd_hist": 89.29403103107023,
  "bb_width_pct": 0.012783912863482487,
  "fvg": {
    "bull": false,
    "bear": false,
    "size": 0.0
  },
  "stake_usdt": 400.0,
  "pos_size": 0.0037201723555852343,
  "risk_usdt": 25.0,
  "risk_pct": 0.25,
  "score": 0.65,
  "reasons": [],
  "user_id": null,
  "style": "day",
  "risk_mode": "defensive"
}
