{
  "id": "18495553-deea-4b9a-87e8-3d49dcb1fa54",
  "ts": "2025-10-19T11:53:41Z",
  "strategy": "go_v1",
  "mode": "offensive",
  "symbol": "SOL/USDT",
  "timeframe": "1h",
  "side": "LONG",
  "entry": 188.65,
  "stop": 186.0892850560006,
  "tp": 194.02750138239875,
  "rr": 2.1,
  "prob_win": 70.67616372391655,
  "ev_r": 1.1909610754414128,
  "rsi": 56.42054574638845,
  "atr_pct": 0.011218093517881124,
  "ema_slope": 0.0713037954814228,
  "chop": 52.65273472655626,
  "macd_hist": 0.17677347629570955,
  "bb_width_pct": 0.025669044726219295,
  "fvg": {
    "bull": false,
    "bear": false,
    "size": 0.0
  },
  "stake_usdt": 400.0,
  "pos_size": 2.1203286509408956,
  "risk_usdt": 25.0,
  "risk_pct": 0.25,
  "score": 0.65,
  "reasons": [],
  "user_id": null,
  "style": "day",
  "risk_mode": "defensive"
}
