{
  "id": "185c7669-cda0-4570-9efe-3566ab9c8449",
  "ts": "2025-10-18T18:25:07Z",
  "strategy": "go_v1",
  "mode": "offensive",
  "symbol": "ADA/USDT",
  "timeframe": "1h",
  "side": "LONG",
  "entry": 0.6347,
  "stop": 0.625997443933707,
  "tp": 0.6529753677392154,
  "rr": 2.1,
  "prob_win": 66.50826446280996,
  "ev_r": 1.0617561983471089,
  "rsi": 63.360881542699865,
  "atr_pct": 0.011331645023018578,
  "ema_slope": 0.00023808303264788154,
  "chop": 62.85637582503085,
  "macd_hist": 0.000602304846126524,
  "bb_width_pct": 0.02268437427891216,
  "fvg": {
    "bull": true,
    "bear": false,
    "size": 0.0017383059418457488
  },
  "stake_usdt": 400.0,
  "pos_size": 630.2190011028832,
  "risk_usdt": 25.0,
  "risk_pct": 0.25,
  "score": 0.35,
  "reasons": [],
  "user_id": null,
  "style": "day",
  "risk_mode": "defensive"
}
