{
  "id": "18677e79-86fd-45bc-91f2-46d4c3d3b482",
  "ts": "2025-10-19T13:17:35Z",
  "strategy": "go_v1",
  "mode": "offensive",
  "symbol": "ADA/USDT",
  "timeframe": "1h",
  "side": "LONG",
  "entry": 0.6429,
  "stop": 0.6342967878189812,
  "tp": 0.6609613204241753,
  "rr": 2.0993694034448955,
  "prob_win": 71.63336933045355,
  "ev_r": 1.2201827316847569,
  "rsi": 59.611231101511834,
  "atr_pct": 0.011059406924227346,
  "ema_slope": 6.164641086722707e-05,
  "chop": 49.89099377602733,
  "macd_hist": 0.0012911508893325564,
  "bb_width_pct": 0.030630596555104462,
  "fvg": {
    "bull": false,
    "bear": false,
    "size": 0.0
  },
  "stake_usdt": 400.0,
  "pos_size": 622.1807435059885,
  "risk_usdt": 25.0,
  "risk_pct": 0.25,
  "score": 0.65,
  "reasons": [],
  "user_id": null,
  "style": "day",
  "risk_mode": "defensive"
}
