{
  "id": "18f338ff-8007-4041-8ce0-7dab33575124",
  "ts": "2025-10-19T12:27:24Z",
  "strategy": "go_v1",
  "mode": "offensive",
  "symbol": "ETH/USDT",
  "timeframe": "1h",
  "side": "LONG",
  "entry": 3910.75,
  "stop": 3864.994995179083,
  "tp": 4006.8355101239245,
  "rr": 2.1,
  "prob_win": 70.67595793719389,
  "ev_r": 1.1909546960530102,
  "rsi": 56.41985979064625,
  "atr_pct": 0.00966925872812257,
  "ema_slope": 1.1066265006639286,
  "chop": 48.5999535709796,
  "macd_hist": 2.6962870574183384,
  "bb_width_pct": 0.017855037963329674,
  "fvg": {
    "bull": false,
    "bear": false,
    "size": 0.0
  },
  "stake_usdt": 400.0,
  "pos_size": 0.10228217093907818,
  "risk_usdt": 25.0,
  "risk_pct": 0.25,
  "score": 0.65,
  "reasons": [],
  "user_id": null,
  "style": "day",
  "risk_mode": "defensive"
}
