{
  "id": "194bb7a7-6668-4a5a-8c90-bdacf584fd47",
  "ts": "2025-10-19T12:00:23Z",
  "strategy": "go_v1",
  "mode": "offensive",
  "symbol": "SOL/USDT",
  "timeframe": "1h",
  "side": "LONG",
  "entry": 189.13,
  "stop": 186.73317899010812,
  "tp": 194.16332412077293,
  "rr": 2.1,
  "prob_win": 71.14413680781759,
  "ev_r": 1.2054682410423454,
  "rsi": 57.98045602605866,
  "atr_pct": 0.010473451117368976,
  "ema_slope": 0.07295487898448307,
  "chop": 51.46244717431703,
  "macd_hist": 0.2642820585440037,
  "bb_width_pct": 0.02674502001309458,
  "fvg": {
    "bull": false,
    "bear": false,
    "size": 0.0
  },
  "stake_usdt": 400.0,
  "pos_size": 2.114947390683657,
  "risk_usdt": 25.0,
  "risk_pct": 0.25,
  "score": 0.65,
  "reasons": [],
  "user_id": null,
  "style": "day",
  "risk_mode": "defensive"
}
