{
  "id": "19bb9eb5-6873-4a5b-b721-8f00005cc325",
  "ts": "2025-10-19T12:23:45Z",
  "strategy": "go_v1",
  "mode": "offensive",
  "symbol": "ETH/USDT",
  "timeframe": "1h",
  "side": "LONG",
  "entry": 3910.76,
  "stop": 3865.0698166076554,
  "tp": 4006.709385123924,
  "rr": 2.1,
  "prob_win": 70.67677070828331,
  "ev_r": 1.1909798919567827,
  "rsi": 56.42256902761105,
  "atr_pct": 0.009655535533357686,
  "ema_slope": 1.106640106106135,
  "chop": 48.547375486770164,
  "macd_hist": 2.6969252340566516,
  "bb_width_pct": 0.01785560655282952,
  "fvg": {
    "bull": false,
    "bear": false,
    "size": 0.0
  },
  "stake_usdt": 400.0,
  "pos_size": 0.10228190939868465,
  "risk_usdt": 25.0,
  "risk_pct": 0.25,
  "score": 0.65,
  "reasons": [],
  "user_id": null,
  "style": "day",
  "risk_mode": "defensive"
}
