{
  "id": "19f10c19-4e54-49ec-89a1-346a9df84a9d",
  "ts": "2025-10-19T13:06:12Z",
  "strategy": "go_v1",
  "mode": "offensive",
  "symbol": "BNB/USDT",
  "timeframe": "1h",
  "side": "SHORT",
  "entry": 1096.9,
  "stop": 1111.8180321027583,
  "tp": 1065.572132584208,
  "rr": 2.1,
  "prob_win": 66.35156249999999,
  "ev_r": 1.0568984374999995,
  "rsi": 53.82812500000008,
  "atr_pct": 0.011239814159029839,
  "ema_slope": -0.2813771020925317,
  "chop": 53.07693612871513,
  "macd_hist": 1.4184846669379279,
  "bb_width_pct": 0.025802976028300884,
  "fvg": {
    "bull": false,
    "bear": false,
    "size": 0.0
  },
  "stake_usdt": 400.0,
  "pos_size": 0.36466405324095175,
  "risk_usdt": 25.0,
  "risk_pct": 0.25,
  "score": 0.55,
  "reasons": [],
  "user_id": null,
  "style": "day",
  "risk_mode": "defensive"
}
