{
  "id": "19fd7a27-d8dd-4e0b-a745-747929ecb6a9",
  "ts": "2025-10-19T12:22:40Z",
  "strategy": "go_v1",
  "mode": "offensive",
  "symbol": "BTC/USDT",
  "timeframe": "1h",
  "side": "LONG",
  "entry": 107512.9,
  "stop": 106802.26078632486,
  "tp": 109005.24234871777,
  "rr": 2.1,
  "prob_win": 70.66871348346473,
  "ev_r": 1.1907301179874066,
  "rsi": 56.39571161154912,
  "atr_pct": 0.005462648066126969,
  "ema_slope": 8.889833005854959,
  "chop": 49.957580627382484,
  "macd_hist": 88.71967205670798,
  "bb_width_pct": 0.012760410383175573,
  "fvg": {
    "bull": false,
    "bear": false,
    "size": 0.0
  },
  "stake_usdt": 400.0,
  "pos_size": 0.0037204837745051992,
  "risk_usdt": 25.0,
  "risk_pct": 0.25,
  "score": 0.65,
  "reasons": [],
  "user_id": null,
  "style": "day",
  "risk_mode": "defensive"
}
