{
  "id": "1a2c58b3-98ca-418d-b389-c0d1895630d4",
  "ts": "2025-10-18T17:47:21Z",
  "strategy": "go_v1",
  "mode": "offensive",
  "symbol": "BNB/USDT",
  "timeframe": "1h",
  "side": "LONG",
  "entry": 1091.87,
  "stop": 1074.5137723680407,
  "tp": 1128.0762139748942,
  "rr": 2.086064710756948,
  "prob_win": 71.64335664335663,
  "ev_r": 1.2109603469723722,
  "rsi": 51.31118881118875,
  "atr_pct": 0.013137085713939017,
  "ema_slope": 0.7114662418362888,
  "chop": 48.85982632166823,
  "macd_hist": 0.19440262519786033,
  "bb_width_pct": 0.04393528924305205,
  "fvg": {
    "bull": false,
    "bear": false,
    "size": 0.0
  },
  "stake_usdt": 400.0,
  "pos_size": 0.3663439786787805,
  "risk_usdt": 25.0,
  "risk_pct": 0.25,
  "score": 0.85,
  "reasons": [],
  "user_id": null,
  "style": "day",
  "risk_mode": "defensive"
}
