{
  "id": "1a9e9075-76c0-499f-9def-be4ab0239c52",
  "ts": "2025-10-18T18:24:51Z",
  "strategy": "go_v1",
  "mode": "offensive",
  "symbol": "ETH/USDT",
  "timeframe": "1h",
  "side": "LONG",
  "entry": 3884.46,
  "stop": 3843.9383773851014,
  "tp": 3969.5554074912866,
  "rr": 2.1,
  "prob_win": 66.68733509234833,
  "ev_r": 1.0673073878627983,
  "rsi": 63.95778364116109,
  "atr_pct": 0.008621261207435092,
  "ema_slope": 1.9945301019421366,
  "chop": 57.15532245831283,
  "macd_hist": 1.8622126685361948,
  "bb_width_pct": 0.01686455350642979,
  "fvg": {
    "bull": true,
    "bear": false,
    "size": 4.6379799020828726e-05
  },
  "stake_usdt": 400.0,
  "pos_size": 0.10297441600634322,
  "risk_usdt": 25.0,
  "risk_pct": 0.25,
  "score": 0.35,
  "reasons": [],
  "user_id": null,
  "style": "day",
  "risk_mode": "defensive"
}
