{
  "id": "1ad1c97c-40a7-47d5-ad2f-2533e8f7b6ce",
  "ts": "2025-10-19T11:54:34Z",
  "strategy": "go_v1",
  "mode": "offensive",
  "symbol": "BNB/USDT",
  "timeframe": "1h",
  "side": "SHORT",
  "entry": 1097.86,
  "stop": 1113.8578800097846,
  "tp": 1064.2644519794517,
  "rr": 2.1,
  "prob_win": 66.41433484445837,
  "ev_r": 1.0588443801782095,
  "rsi": 53.61888385180544,
  "atr_pct": 0.01204287289621509,
  "ema_slope": -0.3114535498862764,
  "chop": 52.88279350086263,
  "macd_hist": 1.1057816457361116,
  "bb_width_pct": 0.024914496396218885,
  "fvg": {
    "bull": false,
    "bear": false,
    "size": 0.0
  },
  "stake_usdt": 400.0,
  "pos_size": 0.36434518062412335,
  "risk_usdt": 25.0,
  "risk_pct": 0.25,
  "score": 0.55,
  "reasons": [],
  "user_id": null,
  "style": "day",
  "risk_mode": "defensive"
}
