{
  "id": "1b236333-de7f-4c84-ac36-01a5249745ab",
  "ts": "2025-10-19T12:36:36Z",
  "strategy": "go_v1",
  "mode": "offensive",
  "symbol": "BTC/USDT",
  "timeframe": "1h",
  "side": "LONG",
  "entry": 107578.9,
  "stop": 106861.8737148963,
  "tp": 109084.65519871775,
  "rr": 2.1,
  "prob_win": 70.99145904387537,
  "ev_r": 1.2007352303601362,
  "rsi": 57.4715301462512,
  "atr_pct": 0.005508363691181758,
  "ema_slope": 8.979628924221025,
  "chop": 50.30302966388245,
  "macd_hist": 92.9316378686707,
  "bb_width_pct": 0.012941405394465965,
  "fvg": {
    "bull": false,
    "bear": false,
    "size": 0.0
  },
  "stake_usdt": 400.0,
  "pos_size": 0.0037182012457833277,
  "risk_usdt": 25.0,
  "risk_pct": 0.25,
  "score": 0.65,
  "reasons": [],
  "user_id": null,
  "style": "day",
  "risk_mode": "defensive"
}
