{
  "id": "1b9af56c-f950-457f-ab46-4154b8ff6694",
  "ts": "2025-10-19T12:02:16Z",
  "strategy": "go_v1",
  "mode": "offensive",
  "symbol": "ADA/USDT",
  "timeframe": "1h",
  "side": "LONG",
  "entry": 0.6426,
  "stop": 0.6340317494831278,
  "tp": 0.6605933260854315,
  "rr": 2.1,
  "prob_win": 65.69004524886874,
  "ev_r": 1.0363914027149312,
  "rsi": 60.6334841628958,
  "atr_pct": 0.011019605935690234,
  "ema_slope": 3.713620395870762e-05,
  "chop": 47.80325749151766,
  "macd_hist": 0.0012730116452499226,
  "bb_width_pct": 0.02911461111302462,
  "fvg": {
    "bull": false,
    "bear": false,
    "size": 0.0
  },
  "stake_usdt": 400.0,
  "pos_size": 622.4712107065048,
  "risk_usdt": 25.0,
  "risk_pct": 0.25,
  "score": 0.35,
  "reasons": [],
  "user_id": null,
  "style": "day",
  "risk_mode": "defensive"
}
