{
  "id": "1c36bf2c-502f-400a-ad5d-45e72f5e2ea0",
  "ts": "2025-10-19T13:00:14Z",
  "strategy": "go_v1",
  "mode": "offensive",
  "symbol": "ETH/USDT",
  "timeframe": "1h",
  "side": "LONG",
  "entry": 3920.95,
  "stop": 3878.0830477077748,
  "tp": 4010.970599813673,
  "rr": 2.1,
  "prob_win": 71.35755992624459,
  "ev_r": 1.2120843577135825,
  "rsi": 58.69186642081531,
  "atr_pct": 0.009035369820925987,
  "ema_slope": 1.1953520623716365,
  "chop": 48.2614794031148,
  "macd_hist": 3.2424957658888776,
  "bb_width_pct": 0.019655381149542888,
  "fvg": {
    "bull": false,
    "bear": false,
    "size": 0.0
  },
  "stake_usdt": 400.0,
  "pos_size": 0.10201609303867686,
  "risk_usdt": 25.0,
  "risk_pct": 0.25,
  "score": 0.65,
  "reasons": [],
  "user_id": null,
  "style": "day",
  "risk_mode": "defensive"
}
