{
  "id": "1caa4b80-1793-4cdf-a221-560ba9cc9c87",
  "ts": "2025-10-19T12:02:05Z",
  "strategy": "go_v1",
  "mode": "offensive",
  "symbol": "SOL/USDT",
  "timeframe": "1h",
  "side": "LONG",
  "entry": 189.12,
  "stop": 186.71453613296526,
  "tp": 194.17147412077296,
  "rr": 2.1,
  "prob_win": 71.1338630806846,
  "ev_r": 1.205149755501223,
  "rsi": 57.94621026894871,
  "atr_pct": 0.010511773831275651,
  "ema_slope": 0.07294127354230312,
  "chop": 51.60278925388921,
  "macd_hist": 0.26364388190582727,
  "bb_width_pct": 0.026723817414032514,
  "fvg": {
    "bull": false,
    "bear": false,
    "size": 0.0
  },
  "stake_usdt": 400.0,
  "pos_size": 2.1150592216582065,
  "risk_usdt": 25.0,
  "risk_pct": 0.25,
  "score": 0.65,
  "reasons": [],
  "user_id": null,
  "style": "day",
  "risk_mode": "defensive"
}
