{
  "id": "1d338c4b-ed9b-4f8a-914b-924e6c77b211",
  "ts": "2025-10-19T12:49:42Z",
  "strategy": "go_v1",
  "mode": "offensive",
  "symbol": "ETH/USDT",
  "timeframe": "1h",
  "side": "LONG",
  "entry": 3917.39,
  "stop": 3871.354966607655,
  "tp": 4014.063570123925,
  "rr": 2.1,
  "prob_win": 71.23338458486259,
  "ev_r": 1.2082349221307405,
  "rsi": 58.27794861620861,
  "atr_pct": 0.00971194651092536,
  "ema_slope": 1.115660514269108,
  "chop": 48.82625626730335,
  "macd_hist": 3.120036345167863,
  "bb_width_pct": 0.0182891061172036,
  "fvg": {
    "bull": false,
    "bear": false,
    "size": 0.0
  },
  "stake_usdt": 400.0,
  "pos_size": 0.10210880203400734,
  "risk_usdt": 25.0,
  "risk_pct": 0.25,
  "score": 0.65,
  "reasons": [],
  "user_id": null,
  "style": "day",
  "risk_mode": "defensive"
}
