{
  "id": "1d84a9d0-6c53-4f86-b1d2-f7b43b32c28b",
  "ts": "2025-10-19T12:31:54Z",
  "strategy": "go_v1",
  "mode": "offensive",
  "symbol": "ADA/USDT",
  "timeframe": "1h",
  "side": "LONG",
  "entry": 0.6407,
  "stop": 0.6318033209116993,
  "tp": 0.6593830260854316,
  "rr": 2.1,
  "prob_win": 71.23344370860927,
  "ev_r": 1.2082367549668873,
  "rsi": 58.278145695364245,
  "atr_pct": 0.01147592843093978,
  "ema_slope": 3.4551169945127485e-05,
  "chop": 49.25788872030878,
  "macd_hist": 0.001151758083996291,
  "bb_width_pct": 0.02810815300620877,
  "fvg": {
    "bull": false,
    "bear": false,
    "size": 0.0
  },
  "stake_usdt": 400.0,
  "pos_size": 624.3171531137817,
  "risk_usdt": 25.0,
  "risk_pct": 0.25,
  "score": 0.65,
  "reasons": [],
  "user_id": null,
  "style": "day",
  "risk_mode": "defensive"
}
