{
  "id": "1dee1d8b-5150-4419-a7aa-6602343c77f1",
  "ts": "2025-10-19T12:40:59Z",
  "strategy": "go_v1",
  "mode": "offensive",
  "symbol": "BNB/USDT",
  "timeframe": "1h",
  "side": "SHORT",
  "entry": 1097.68,
  "stop": 1113.4616885120022,
  "tp": 1064.5384541247954,
  "rr": 2.1,
  "prob_win": 66.2235052198671,
  "ev_r": 1.0529286618158804,
  "rsi": 54.25498260044299,
  "atr_pct": 0.011882076541901264,
  "ema_slope": -0.3009073281100132,
  "chop": 53.449040443038896,
  "macd_hist": 1.4382458983590365,
  "bb_width_pct": 0.025838828970904296,
  "fvg": {
    "bull": false,
    "bear": false,
    "size": 0.0
  },
  "stake_usdt": 400.0,
  "pos_size": 0.3644049267546097,
  "risk_usdt": 25.0,
  "risk_pct": 0.25,
  "score": 0.55,
  "reasons": [],
  "user_id": null,
  "style": "day",
  "risk_mode": "defensive"
}
