{
  "id": "1e4a5da9-8b7b-4745-89c9-2c2f5b8040ac",
  "ts": "2025-10-19T12:52:54Z",
  "strategy": "go_v1",
  "mode": "offensive",
  "symbol": "BTC/USDT",
  "timeframe": "1h",
  "side": "LONG",
  "entry": 107512.1,
  "stop": 106795.07371489631,
  "tp": 109017.85519871776,
  "rr": 2.1,
  "prob_win": 70.66487551749564,
  "ev_r": 1.1906111410423652,
  "rsi": 56.38291839165217,
  "atr_pct": 0.0055117861775304654,
  "ema_slope": 8.888744570487424,
  "chop": 50.30302966388245,
  "macd_hist": 88.66861792565459,
  "bb_width_pct": 0.012758339540473767,
  "fvg": {
    "bull": false,
    "bear": false,
    "size": 0.0
  },
  "stake_usdt": 400.0,
  "pos_size": 0.003720511458710229,
  "risk_usdt": 25.0,
  "risk_pct": 0.25,
  "score": 0.65,
  "reasons": [],
  "user_id": null,
  "style": "day",
  "risk_mode": "defensive"
}
