{
  "id": "1ec14809-2257-4ffc-8062-a8c45c676df1",
  "ts": "2025-10-19T13:19:43Z",
  "strategy": "go_v1",
  "mode": "offensive",
  "symbol": "ETH/USDT",
  "timeframe": "1h",
  "side": "LONG",
  "entry": 3916.01,
  "stop": 3872.2009762792036,
  "tp": 4008.0089498136736,
  "rr": 2.1,
  "prob_win": 70.925,
  "ev_r": 1.198675,
  "rsi": 57.25,
  "atr_pct": 0.009245585360591814,
  "ema_slope": 1.1886309739361915,
  "chop": 49.024207623962376,
  "macd_hist": 2.9272365066296224,
  "bb_width_pct": 0.019319515529539817,
  "fvg": {
    "bull": false,
    "bear": false,
    "size": 0.0
  },
  "stake_usdt": 400.0,
  "pos_size": 0.10214478512567639,
  "risk_usdt": 25.0,
  "risk_pct": 0.25,
  "score": 0.65,
  "reasons": [],
  "user_id": null,
  "style": "day",
  "risk_mode": "defensive"
}
