{
  "id": "1ed66c12-94bd-4a40-a0db-53e52ff8528a",
  "ts": "2025-10-19T12:58:37Z",
  "strategy": "go_v1",
  "mode": "offensive",
  "symbol": "ETH/USDT",
  "timeframe": "1h",
  "side": "LONG",
  "entry": 3920.43,
  "stop": 3874.394966607655,
  "tp": 4017.1035701239243,
  "rr": 2.1,
  "prob_win": 71.5010323295397,
  "ev_r": 1.2165320022157309,
  "rsi": 59.17010776513232,
  "atr_pct": 0.009704415623396898,
  "ema_slope": 1.1197965686909743,
  "chop": 48.82625626730335,
  "macd_hist": 3.3140420431735027,
  "bb_width_pct": 0.018524282083424787,
  "fvg": {
    "bull": false,
    "bear": false,
    "size": 0.0
  },
  "stake_usdt": 400.0,
  "pos_size": 0.10202962430141592,
  "risk_usdt": 25.0,
  "risk_pct": 0.25,
  "score": 0.65,
  "reasons": [],
  "user_id": null,
  "style": "day",
  "risk_mode": "defensive"
}
