{
  "id": "1f86f3c5-3f93-4ad7-88fe-c8a12db3fe7e",
  "ts": "2025-10-19T12:25:36Z",
  "strategy": "go_v1",
  "mode": "offensive",
  "symbol": "BTC/USDT",
  "timeframe": "1h",
  "side": "LONG",
  "entry": 107531.1,
  "stop": 106820.46078632487,
  "tp": 109023.44234871778,
  "rr": 2.1,
  "prob_win": 70.75650017105718,
  "ev_r": 1.193451505302773,
  "rsi": 56.68833390352394,
  "atr_pct": 0.005461723494586237,
  "ema_slope": 8.91459491061985,
  "chop": 49.957580627382484,
  "macd_hist": 89.8811535381842,
  "bb_width_pct": 0.012808326220173291,
  "fvg": {
    "bull": false,
    "bear": false,
    "size": 0.0
  },
  "stake_usdt": 400.0,
  "pos_size": 0.003719854070124829,
  "risk_usdt": 25.0,
  "risk_pct": 0.25,
  "score": 0.65,
  "reasons": [],
  "user_id": null,
  "style": "day",
  "risk_mode": "defensive"
}
