{
  "id": "1f9ee9d4-90f2-43cf-8259-f20af8d74893",
  "ts": "2025-10-18T18:20:06Z",
  "strategy": "go_v1",
  "mode": "offensive",
  "symbol": "ADA/USDT",
  "timeframe": "1h",
  "side": "LONG",
  "entry": 0.635,
  "stop": 0.6263233725051356,
  "tp": 0.6532209177392153,
  "rr": 2.1,
  "prob_win": 66.6666666666667,
  "ev_r": 1.0666666666666675,
  "rsi": 63.88888888888898,
  "atr_pct": 0.011292545708159563,
  "ema_slope": 0.0002384911959131585,
  "chop": 62.722559376943856,
  "macd_hist": 0.0006214501452719418,
  "bb_width_pct": 0.022772470867614848,
  "fvg": {
    "bull": true,
    "bear": false,
    "size": 0.0022123893805309053
  },
  "stake_usdt": 400.0,
  "pos_size": 629.9212598425197,
  "risk_usdt": 25.0,
  "risk_pct": 0.25,
  "score": 0.35,
  "reasons": [],
  "user_id": null,
  "style": "day",
  "risk_mode": "defensive"
}
