{
  "id": "1fa5f33c-495b-43d5-a110-77725e057391",
  "ts": "2025-10-17T21:20:19Z",
  "strategy": "go_v1",
  "symbol": "BTC/USDT",
  "timeframe": "15m",
  "side": "LONG",
  "entry": 107322.7,
  "stop": 106857.65966948046,
  "tp": 108043.51251230527,
  "rr": 1.55,
  "prob_win": 59.175358942664246,
  "ev_r": 0.6649527550632305,
  "rsi": 71.80754968146803,
  "atr_pct": 0.003939184690992221,
  "ema_slope": 35.9298213272032,
  "chop": 50.7509588192982,
  "macd_hist": 55.645359649905714,
  "bb_width_pct": 0.011614937829321404,
  "pass": false,
  "score": 0.25,
  "reasons": [
    "rsi_hot:71.8",
    "slope_low:35.929821",
    "macd_weak:55.645360"
  ],
  "candles": 220,
  "src": "ccxt",
  "adaptive": "1",
  "outcome": "SL",
  "stake_usdt": 200.0,
  "pos_size": 0.0018635386549164343,
  "risk_usdt": 5.0,
  "risk_pct": 0.5,
  "ai_prob": 0.5,
  "profile": "BALANCED",
  "sim_end": "2025-10-17T22:37:28Z"
}
