{
  "id": "1fc770cc-6475-4983-b8d6-3b90248d8c5f",
  "ts": "2025-10-19T14:03:58Z",
  "strategy": "go_v1",
  "mode": "offensive",
  "symbol": "BTC/USDT",
  "timeframe": "1h",
  "side": "LONG",
  "entry": 107922.5,
  "stop": 107219.06004672952,
  "tp": 109399.72390186803,
  "rr": 2.1,
  "prob_win": 66.99236903616116,
  "ev_r": 1.0767634401209962,
  "rsi": 64.97456345387056,
  "atr_pct": 0.005386785269813008,
  "ema_slope": 14.753867199228223,
  "chop": 51.83022763651706,
  "macd_hist": 120.88137731630374,
  "bb_width_pct": 0.016270767577785325,
  "fvg": {
    "bull": true,
    "bear": false,
    "size": 0.0006567949519556618
  },
  "stake_usdt": 400.0,
  "pos_size": 0.0037063633625981605,
  "risk_usdt": 25.0,
  "risk_pct": 0.25,
  "score": 0.35,
  "reasons": [],
  "user_id": null,
  "style": "day",
  "risk_mode": "defensive"
}
