{
  "id": "205ee175-5c28-4166-97f6-f5da9735528c",
  "ts": "2025-10-19T12:18:38Z",
  "strategy": "go_v1",
  "mode": "offensive",
  "symbol": "BNB/USDT",
  "timeframe": "1h",
  "side": "SHORT",
  "entry": 1094.34,
  "stop": 1110.0810670834305,
  "tp": 1061.2837591247953,
  "rr": 2.1,
  "prob_win": 67.04026442307693,
  "ev_r": 1.078248197115385,
  "rsi": 51.53245192307689,
  "atr_pct": 0.011887664117132473,
  "ema_slope": -0.30545154579708533,
  "chop": 53.345307439795455,
  "macd_hist": 1.2250949012080126,
  "bb_width_pct": 0.025426203402553128,
  "fvg": {
    "bull": false,
    "bear": false,
    "size": 0.0
  },
  "stake_usdt": 400.0,
  "pos_size": 0.3655171153389258,
  "risk_usdt": 25.0,
  "risk_pct": 0.25,
  "score": 0.55,
  "reasons": [],
  "user_id": null,
  "style": "day",
  "risk_mode": "defensive"
}
