{
  "id": "209c20cf-a5e8-4099-bbb5-af8a0f3a1139",
  "ts": "2025-10-19T11:46:46Z",
  "strategy": "go_v1",
  "mode": "offensive",
  "symbol": "ETH/USDT",
  "timeframe": "1h",
  "side": "LONG",
  "entry": 3919.79,
  "stop": 3872.6157265821566,
  "tp": 4018.855974177471,
  "rr": 2.1,
  "prob_win": 70.91497857421113,
  "ev_r": 1.198364335800545,
  "rsi": 57.216595247370435,
  "atr_pct": 0.009946196817856029,
  "ema_slope": 1.0780514464885893,
  "chop": 47.850706988276364,
  "macd_hist": 2.9513056062465743,
  "bb_width_pct": 0.01804192039415013,
  "fvg": {
    "bull": false,
    "bear": false,
    "size": 0.0
  },
  "stake_usdt": 400.0,
  "pos_size": 0.10204628309169624,
  "risk_usdt": 25.0,
  "risk_pct": 0.25,
  "score": 0.65,
  "reasons": [],
  "user_id": null,
  "style": "day",
  "risk_mode": "defensive"
}
