{
  "id": "20e6c1f3-1a03-4ed6-8675-00e0e1579392",
  "ts": "2025-10-19T13:14:07Z",
  "strategy": "go_v1",
  "mode": "offensive",
  "symbol": "ETH/USDT",
  "timeframe": "1h",
  "side": "LONG",
  "entry": 3913.91,
  "stop": 3870.100976279203,
  "tp": 4005.9089498136727,
  "rr": 2.1,
  "prob_win": 70.74653636813456,
  "ev_r": 1.1931426274121715,
  "rsi": 56.65512122711519,
  "atr_pct": 0.009250546059549442,
  "ema_slope": 1.1857738310791888,
  "chop": 49.024207623962376,
  "macd_hist": 2.7932194126126593,
  "bb_width_pct": 0.019194252019800125,
  "fvg": {
    "bull": false,
    "bear": false,
    "size": 0.0
  },
  "stake_usdt": 400.0,
  "pos_size": 0.10219959069063929,
  "risk_usdt": 25.0,
  "risk_pct": 0.25,
  "score": 0.65,
  "reasons": [],
  "user_id": null,
  "style": "day",
  "risk_mode": "defensive"
}
