{
  "id": "20f9e690-3434-4f34-9c81-8bd8e451b9c2",
  "ts": "2025-10-18T19:20:57Z",
  "strategy": "go_v1",
  "mode": "offensive",
  "symbol": "ETH/USDT",
  "timeframe": "1h",
  "side": "LONG",
  "entry": 3891.46,
  "stop": 3852.848357512483,
  "tp": 3972.544449223786,
  "rr": 2.1,
  "prob_win": 65.52199480678178,
  "ev_r": 1.0311818390102352,
  "rsi": 60.073316022605916,
  "atr_pct": 0.008200122405675794,
  "ema_slope": 1.9715565602216674,
  "chop": 58.16619049250373,
  "macd_hist": 2.1982517965090294,
  "bb_width_pct": 0.015130364387886756,
  "fvg": {
    "bull": false,
    "bear": false,
    "size": 0.0
  },
  "stake_usdt": 400.0,
  "pos_size": 0.1027891845220046,
  "risk_usdt": 25.0,
  "risk_pct": 0.25,
  "score": 0.35,
  "reasons": [],
  "user_id": null,
  "style": "day",
  "risk_mode": "defensive"
}
