{
  "id": "210331b6-3068-4db1-b3f2-5c0789367287",
  "ts": "2025-10-19T12:38:21Z",
  "strategy": "go_v1",
  "mode": "offensive",
  "symbol": "ETH/USDT",
  "timeframe": "1h",
  "side": "LONG",
  "entry": 3919.46,
  "stop": 3873.4249666076553,
  "tp": 4016.133570123925,
  "rr": 2.1,
  "prob_win": 71.41474567777497,
  "ev_r": 1.213857116011024,
  "rsi": 58.88248559258326,
  "atr_pct": 0.00970681730198392,
  "ema_slope": 1.1184768407999124,
  "chop": 48.82625626730335,
  "macd_hist": 3.2521389092702506,
  "bb_width_pct": 0.018446841486910295,
  "fvg": {
    "bull": false,
    "bear": false,
    "size": 0.0
  },
  "stake_usdt": 400.0,
  "pos_size": 0.10205487490623709,
  "risk_usdt": 25.0,
  "risk_pct": 0.25,
  "score": 0.65,
  "reasons": [],
  "user_id": null,
  "style": "day",
  "risk_mode": "defensive"
}
