{
  "id": "2179eea2-ed1c-4d13-a490-4a4f5e66e15e",
  "ts": "2025-10-18T18:54:55Z",
  "strategy": "go_v1",
  "mode": "offensive",
  "symbol": "SOL/USDT",
  "timeframe": "1h",
  "side": "LONG",
  "entry": 185.69,
  "stop": 183.10824246758244,
  "tp": 191.1116908180769,
  "rr": 2.1,
  "prob_win": 66.09026369168353,
  "ev_r": 1.0487981744421897,
  "rsi": 61.967545638945104,
  "atr_pct": 0.011490569826532923,
  "ema_slope": 0.11834086014769264,
  "chop": 60.54142725271249,
  "macd_hist": 0.05589136119338112,
  "bb_width_pct": 0.025684382862875152,
  "fvg": {
    "bull": false,
    "bear": false,
    "size": 0.0
  },
  "stake_usdt": 400.0,
  "pos_size": 2.1541278474877483,
  "risk_usdt": 25.0,
  "risk_pct": 0.25,
  "score": 0.35,
  "reasons": [],
  "user_id": null,
  "style": "day",
  "risk_mode": "defensive"
}
