{
  "id": "217d2819-5801-4fcf-a7d0-27e6ffd8ccf9",
  "ts": "2025-10-19T12:14:14Z",
  "strategy": "go_v1",
  "mode": "offensive",
  "symbol": "ETH/USDT",
  "timeframe": "1h",
  "side": "LONG",
  "entry": 3915.0,
  "stop": 3869.5570023219407,
  "tp": 4010.430295123924,
  "rr": 2.1,
  "prob_win": 71.02856477623645,
  "ev_r": 1.20188550806333,
  "rsi": 57.595215920788135,
  "atr_pct": 0.009592898193652156,
  "ema_slope": 1.1124088135889654,
  "chop": 48.34620549826887,
  "macd_hist": 2.967512128643465,
  "bb_width_pct": 0.01812002211398823,
  "fvg": {
    "bull": false,
    "bear": false,
    "size": 0.0
  },
  "stake_usdt": 400.0,
  "pos_size": 0.10217113665389528,
  "risk_usdt": 25.0,
  "risk_pct": 0.25,
  "score": 0.65,
  "reasons": [],
  "user_id": null,
  "style": "day",
  "risk_mode": "defensive"
}
