{
  "id": "218b7114-fb57-471d-bada-1adde8ff1587",
  "ts": "2025-10-19T13:27:45Z",
  "strategy": "go_v1",
  "mode": "offensive",
  "symbol": "BTC/USDT",
  "timeframe": "1h",
  "side": "LONG",
  "entry": 107449.0,
  "stop": 106757.26131201972,
  "tp": 108901.6512447586,
  "rr": 2.1,
  "prob_win": 70.15700602699415,
  "ev_r": 1.1748671868368188,
  "rsi": 54.69002008998048,
  "atr_pct": 0.005320522909467802,
  "ema_slope": 10.891324038281477,
  "chop": 50.82202516390779,
  "macd_hist": 82.07023105921681,
  "bb_width_pct": 0.013272175582781308,
  "fvg": {
    "bull": false,
    "bear": false,
    "size": 0.0
  },
  "stake_usdt": 400.0,
  "pos_size": 0.003722696348965556,
  "risk_usdt": 25.0,
  "risk_pct": 0.25,
  "score": 0.65,
  "reasons": [],
  "user_id": null,
  "style": "day",
  "risk_mode": "defensive"
}
