{
  "id": "21aee585-4b0a-40a6-b221-e886b9b15346",
  "ts": "2025-10-19T13:12:35Z",
  "strategy": "go_v1",
  "mode": "offensive",
  "symbol": "SOL/USDT",
  "timeframe": "1h",
  "side": "LONG",
  "entry": 188.35,
  "stop": 185.97004376388352,
  "tp": 193.3479080958446,
  "rr": 2.1,
  "prob_win": 69.81969205834685,
  "ev_r": 1.164410453808752,
  "rsi": 53.565640194489454,
  "atr_pct": 0.010442824424006061,
  "ema_slope": 0.07439429464721106,
  "chop": 52.88366191874238,
  "macd_hist": 0.22703225062618893,
  "bb_width_pct": 0.026911571429678448,
  "fvg": {
    "bull": false,
    "bear": false,
    "size": 0.0
  },
  "stake_usdt": 400.0,
  "pos_size": 2.123705866737457,
  "risk_usdt": 25.0,
  "risk_pct": 0.25,
  "score": 0.65,
  "reasons": [],
  "user_id": null,
  "style": "day",
  "risk_mode": "defensive"
}
