{
  "id": "21b8f8da-fa5c-40ba-9116-72e2430d05e6",
  "ts": "2025-10-19T13:26:28Z",
  "strategy": "go_v1",
  "mode": "offensive",
  "symbol": "ADA/USDT",
  "timeframe": "1h",
  "side": "LONG",
  "entry": 0.6433,
  "stop": 0.6345930735332669,
  "tp": 0.6615770824108957,
  "rr": 2.0991428468734403,
  "prob_win": 71.73715203426121,
  "ev_r": 1.223236815820531,
  "rsi": 59.957173447537386,
  "atr_pct": 0.011185771797450717,
  "ema_slope": 6.219062855431996e-05,
  "chop": 50.33160709141954,
  "macd_hist": 0.001316677954859632,
  "bb_width_pct": 0.030857153126559567,
  "fvg": {
    "bull": false,
    "bear": false,
    "size": 0.0
  },
  "stake_usdt": 400.0,
  "pos_size": 621.793875330328,
  "risk_usdt": 25.0,
  "risk_pct": 0.25,
  "score": 0.65,
  "reasons": [],
  "user_id": null,
  "style": "day",
  "risk_mode": "defensive"
}
