{
  "id": "21f348a2-4366-47cf-9764-c3b0d2b1f680",
  "ts": "2025-10-18T17:22:19Z",
  "strategy": "go_v1",
  "mode": "offensive",
  "symbol": "SOL/USDT",
  "timeframe": "1h",
  "side": "LONG",
  "entry": 184.63,
  "stop": 182.04417650570795,
  "tp": 190.06022933801333,
  "rr": 2.1,
  "prob_win": 68.59725050916498,
  "ev_r": 1.1265147657841146,
  "rsi": 49.49083503054993,
  "atr_pct": 0.011574739804791899,
  "ema_slope": 0.11575955811782068,
  "chop": 58.18841967844146,
  "macd_hist": -0.028157247426646548,
  "bb_width_pct": 0.025286736876135113,
  "fvg": {
    "bull": false,
    "bear": false,
    "size": 0.0
  },
  "stake_usdt": 400.0,
  "pos_size": 2.1664951524670966,
  "risk_usdt": 25.0,
  "risk_pct": 0.25,
  "score": 0.65,
  "reasons": [],
  "user_id": null,
  "style": "day",
  "risk_mode": "defensive"
}
