{
  "id": "21fa6042-bc3d-42e1-9051-5664248677e8",
  "ts": "2025-10-19T12:52:11Z",
  "strategy": "go_v1",
  "mode": "offensive",
  "symbol": "ETH/USDT",
  "timeframe": "1h",
  "side": "LONG",
  "entry": 3918.84,
  "stop": 3872.804966607655,
  "tp": 4015.513570123925,
  "rr": 2.1,
  "prob_win": 71.36003147324773,
  "ev_r": 1.2121609756706797,
  "rsi": 58.70010491082577,
  "atr_pct": 0.009708353018350812,
  "ema_slope": 1.117633303384948,
  "chop": 48.82625626730335,
  "macd_hist": 3.2125719577032203,
  "bb_width_pct": 0.01839851485633689,
  "fvg": {
    "bull": false,
    "bear": false,
    "size": 0.0
  },
  "stake_usdt": 400.0,
  "pos_size": 0.10207102101642322,
  "risk_usdt": 25.0,
  "risk_pct": 0.25,
  "score": 0.65,
  "reasons": [],
  "user_id": null,
  "style": "day",
  "risk_mode": "defensive"
}
