{
  "id": "21fc9adb-938f-4613-ae16-36de31b56cf8",
  "ts": "2025-10-19T11:48:27Z",
  "strategy": "go_v1",
  "mode": "offensive",
  "symbol": "ETH/USDT",
  "timeframe": "1h",
  "side": "LONG",
  "entry": 3923.91,
  "stop": 3876.3554408678706,
  "tp": 4023.774574177471,
  "rr": 2.1,
  "prob_win": 71.2663983303518,
  "ev_r": 1.2092583482409058,
  "rsi": 58.38799443450599,
  "atr_pct": 0.010015848615016554,
  "ema_slope": 1.0836568886653652,
  "chop": 48.163809614690564,
  "macd_hist": 3.2142343811754532,
  "bb_width_pct": 0.01843223737401678,
  "fvg": {
    "bull": false,
    "bear": false,
    "size": 0.0
  },
  "stake_usdt": 400.0,
  "pos_size": 0.10193913723811199,
  "risk_usdt": 25.0,
  "risk_pct": 0.25,
  "score": 0.65,
  "reasons": [],
  "user_id": null,
  "style": "day",
  "risk_mode": "defensive"
}
