{
  "id": "220e6ed3-40da-4646-a5e9-030506050f44",
  "ts": "2025-10-19T12:02:55Z",
  "strategy": "go_v1",
  "mode": "offensive",
  "symbol": "SOL/USDT",
  "timeframe": "1h",
  "side": "LONG",
  "entry": 189.02,
  "stop": 186.613671847251,
  "tp": 194.07328912077293,
  "rr": 2.1,
  "prob_win": 71.03019720624489,
  "ev_r": 1.2019361133935917,
  "rsi": 57.60065735414963,
  "atr_pct": 0.010521113917496222,
  "ema_slope": 0.07280521912053857,
  "chop": 51.61679491591114,
  "macd_hist": 0.2572621155240855,
  "bb_width_pct": 0.02651537194827956,
  "fvg": {
    "bull": false,
    "bear": false,
    "size": 0.0
  },
  "stake_usdt": 400.0,
  "pos_size": 2.1161781822029413,
  "risk_usdt": 25.0,
  "risk_pct": 0.25,
  "score": 0.65,
  "reasons": [],
  "user_id": null,
  "style": "day",
  "risk_mode": "defensive"
}
