{
  "id": "235af135-ee48-4832-80cc-18aa8f306725",
  "ts": "2025-10-19T12:06:20Z",
  "strategy": "go_v1",
  "mode": "offensive",
  "symbol": "ADA/USDT",
  "timeframe": "1h",
  "side": "LONG",
  "entry": 0.6427,
  "stop": 0.6340885351974136,
  "tp": 0.6607840760854317,
  "rr": 2.1,
  "prob_win": 65.71670428893904,
  "ev_r": 1.0372178329571105,
  "rsi": 60.72234762979681,
  "atr_pct": 0.01107346049477024,
  "ema_slope": 3.727225838048939e-05,
  "chop": 47.99787691354124,
  "macd_hist": 0.001279393411631669,
  "bb_width_pct": 0.029173084904871745,
  "fvg": {
    "bull": false,
    "bear": false,
    "size": 0.0
  },
  "stake_usdt": 400.0,
  "pos_size": 622.3743581764431,
  "risk_usdt": 25.0,
  "risk_pct": 0.25,
  "score": 0.35,
  "reasons": [],
  "user_id": null,
  "style": "day",
  "risk_mode": "defensive"
}
