{
  "id": "23fa7cac-5c4a-475a-b5de-d68c311638eb",
  "ts": "2025-10-19T12:48:11Z",
  "strategy": "go_v1",
  "mode": "offensive",
  "symbol": "SOL/USDT",
  "timeframe": "1h",
  "side": "LONG",
  "entry": 188.44,
  "stop": 185.9532932758224,
  "tp": 193.66208412077293,
  "rr": 2.1,
  "prob_win": 70.2679282868526,
  "ev_r": 1.1783057768924305,
  "rsi": 55.05976095617534,
  "atr_pct": 0.01090601530520967,
  "ema_slope": 0.072016103474285,
  "chop": 52.897202143352764,
  "macd_hist": 0.2202478705098289,
  "bb_width_pct": 0.025441764178103878,
  "fvg": {
    "bull": false,
    "bear": false,
    "size": 0.0
  },
  "stake_usdt": 400.0,
  "pos_size": 2.1226915729144555,
  "risk_usdt": 25.0,
  "risk_pct": 0.25,
  "score": 0.65,
  "reasons": [],
  "user_id": null,
  "style": "day",
  "risk_mode": "defensive"
}
