{
  "id": "25ab7c6f-83c7-49eb-b847-e22314353651",
  "ts": "2025-10-19T12:31:49Z",
  "strategy": "go_v1",
  "mode": "offensive",
  "symbol": "BNB/USDT",
  "timeframe": "1h",
  "side": "SHORT",
  "entry": 1096.15,
  "stop": 1111.9316885120022,
  "tp": 1063.0084541247957,
  "rr": 2.1,
  "prob_win": 66.60810810810808,
  "ev_r": 1.0648513513513507,
  "rsi": 52.97297297297308,
  "atr_pct": 0.011898661477456714,
  "ema_slope": -0.3029889607630824,
  "chop": 53.449040443038896,
  "macd_hist": 1.3406048727179039,
  "bb_width_pct": 0.025616193166821812,
  "fvg": {
    "bull": false,
    "bear": false,
    "size": 0.0
  },
  "stake_usdt": 400.0,
  "pos_size": 0.36491356110021433,
  "risk_usdt": 25.0,
  "risk_pct": 0.25,
  "score": 0.55,
  "reasons": [],
  "user_id": null,
  "style": "day",
  "risk_mode": "defensive"
}
