{
  "id": "25b2dab7-37f5-4523-9cf2-7728b4042fa3",
  "ts": "2025-10-19T12:04:24Z",
  "strategy": "go_v1",
  "mode": "offensive",
  "symbol": "BTC/USDT",
  "timeframe": "1h",
  "side": "LONG",
  "entry": 107734.6,
  "stop": 107044.98885775344,
  "tp": 109182.78339871779,
  "rr": 2.1,
  "prob_win": 65.54655656532114,
  "ev_r": 1.0319432535249558,
  "rsi": 60.15518855107048,
  "atr_pct": 0.005290097738703541,
  "ema_slope": 9.191465658917464,
  "chop": 48.79748460947238,
  "macd_hist": 102.86804812508771,
  "bb_width_pct": 0.013444003648581034,
  "fvg": {
    "bull": false,
    "bear": false,
    "size": 0.0
  },
  "stake_usdt": 400.0,
  "pos_size": 0.0037128276338335127,
  "risk_usdt": 25.0,
  "risk_pct": 0.25,
  "score": 0.35,
  "reasons": [],
  "user_id": null,
  "style": "day",
  "risk_mode": "defensive"
}
