{
  "id": "26dfa4c4-ace4-4413-a1aa-8345687002b3",
  "ts": "2025-10-19T13:12:45Z",
  "strategy": "go_v1",
  "mode": "offensive",
  "symbol": "ADA/USDT",
  "timeframe": "1h",
  "side": "LONG",
  "entry": 0.6402,
  "stop": 0.6315967878189812,
  "tp": 0.6582667455801394,
  "rr": 2.1,
  "prob_win": 70.81666666666665,
  "ev_r": 1.1953166666666664,
  "rsi": 56.88888888888882,
  "atr_pct": 0.011106049221471043,
  "ema_slope": 5.7972941479461144e-05,
  "chop": 49.89099377602733,
  "macd_hist": 0.0011188431970247737,
  "bb_width_pct": 0.02932532166303973,
  "fvg": {
    "bull": false,
    "bear": false,
    "size": 0.0
  },
  "stake_usdt": 400.0,
  "pos_size": 624.8047485160887,
  "risk_usdt": 25.0,
  "risk_pct": 0.25,
  "score": 0.65,
  "reasons": [],
  "user_id": null,
  "style": "day",
  "risk_mode": "defensive"
}
