{
  "id": "26e04aae-3be1-4b40-a81f-e8615cda4a31",
  "ts": "2025-10-18T20:16:05Z",
  "strategy": "go_v1",
  "mode": "offensive",
  "symbol": "BNB/USDT",
  "timeframe": "1h",
  "side": "LONG",
  "entry": 1100.62,
  "stop": 1085.1769182484145,
  "tp": 1132.9796438880458,
  "rr": 2.0954136233024765,
  "prob_win": 69.83196375895491,
  "ev_r": 1.1615881196143383,
  "rsi": 45.27321252984966,
  "atr_pct": 0.011596079919181056,
  "ema_slope": 0.6754034916901457,
  "chop": 46.01196648357097,
  "macd_hist": 1.039055504181737,
  "bb_width_pct": 0.034586376697523645,
  "fvg": {
    "bull": true,
    "bear": false,
    "size": 0.0010651372388364017
  },
  "stake_usdt": 400.0,
  "pos_size": 0.3634315204157657,
  "risk_usdt": 25.0,
  "risk_pct": 0.25,
  "score": 0.85,
  "reasons": [],
  "user_id": null,
  "style": "day",
  "risk_mode": "defensive"
}
