{
  "id": "27ff6dc0-180a-4ada-834b-1d97a2d86396",
  "ts": "2025-10-18T17:27:19Z",
  "strategy": "go_v1",
  "mode": "offensive",
  "symbol": "BNB/USDT",
  "timeframe": "1h",
  "side": "LONG",
  "entry": 1094.16,
  "stop": 1076.8634080823267,
  "tp": 1130.241624007246,
  "rr": 2.086053956697576,
  "prob_win": 71.99992005116727,
  "ev_r": 1.2219563815581387,
  "rsi": 52.49973350389088,
  "atr_pct": 0.013064546377305763,
  "ema_slope": 0.7145818880947895,
  "chop": 48.721008042559156,
  "macd_hist": 0.34054507534022105,
  "bb_width_pct": 0.04394604330242397,
  "fvg": {
    "bull": false,
    "bear": false,
    "size": 0.0
  },
  "stake_usdt": 400.0,
  "pos_size": 0.36557724647217954,
  "risk_usdt": 25.0,
  "risk_pct": 0.25,
  "score": 0.85,
  "reasons": [],
  "user_id": null,
  "style": "day",
  "risk_mode": "defensive"
}
