{
  "id": "285e2831-7553-4d57-9cf7-cf3f8615d7b7",
  "ts": "2025-10-19T12:22:06Z",
  "strategy": "go_v1",
  "mode": "offensive",
  "symbol": "ADA/USDT",
  "timeframe": "1h",
  "side": "LONG",
  "entry": 0.6397,
  "stop": 0.6308033209116993,
  "tp": 0.6583830260854316,
  "rr": 2.1,
  "prob_win": 70.85583153347731,
  "ev_r": 1.196530777537797,
  "rsi": 57.01943844492441,
  "atr_pct": 0.011493867978275937,
  "ema_slope": 3.3190625727446534e-05,
  "chop": 49.25788872030878,
  "macd_hist": 0.0010879404201787353,
  "bb_width_pct": 0.02766274513971762,
  "fvg": {
    "bull": false,
    "bear": false,
    "size": 0.0
  },
  "stake_usdt": 400.0,
  "pos_size": 625.2931061435047,
  "risk_usdt": 25.0,
  "risk_pct": 0.25,
  "score": 0.65,
  "reasons": [],
  "user_id": null,
  "style": "day",
  "risk_mode": "defensive"
}
