{
  "id": "28920661-ccef-47a7-8943-a2b50a7f6dd8",
  "ts": "2025-10-19T11:51:50Z",
  "strategy": "go_v1",
  "mode": "offensive",
  "symbol": "BTC/USDT",
  "timeframe": "1h",
  "side": "LONG",
  "entry": 107641.7,
  "stop": 106908.15407474655,
  "tp": 109182.14644303224,
  "rr": 2.1,
  "prob_win": 71.03292046936114,
  "ev_r": 1.2020205345501958,
  "rsi": 57.6097348978705,
  "atr_pct": 0.005631983718785148,
  "ema_slope": 7.065800112750297,
  "chop": 49.40318284073348,
  "macd_hist": 84.40067528604139,
  "bb_width_pct": 0.012208701018103207,
  "fvg": {
    "bull": false,
    "bear": false,
    "size": 0.0
  },
  "stake_usdt": 400.0,
  "pos_size": 0.0037160319838872853,
  "risk_usdt": 25.0,
  "risk_pct": 0.25,
  "score": 0.65,
  "reasons": [],
  "user_id": null,
  "style": "day",
  "risk_mode": "defensive"
}
