{
  "id": "28e832e1-2532-47af-b3de-5052a56ef7ef",
  "ts": "2025-10-19T12:51:33Z",
  "strategy": "go_v1",
  "mode": "offensive",
  "symbol": "BNB/USDT",
  "timeframe": "1h",
  "side": "SHORT",
  "entry": 1096.3,
  "stop": 1112.081688512002,
  "tp": 1063.1584541247955,
  "rr": 2.1,
  "prob_win": 66.57120743034056,
  "ev_r": 1.0637074303405574,
  "rsi": 53.095975232198136,
  "atr_pct": 0.011897033456639769,
  "ema_slope": -0.30278487913044433,
  "chop": 53.449040443038896,
  "macd_hist": 1.350177522290778,
  "bb_width_pct": 0.02563553197105128,
  "fvg": {
    "bull": false,
    "bear": false,
    "size": 0.0
  },
  "stake_usdt": 400.0,
  "pos_size": 0.36486363221745877,
  "risk_usdt": 25.0,
  "risk_pct": 0.25,
  "score": 0.55,
  "reasons": [],
  "user_id": null,
  "style": "day",
  "risk_mode": "defensive"
}
