{
  "id": "29138363-58d6-47b0-b116-60e5d89e0ca3",
  "ts": "2025-10-19T12:31:04Z",
  "strategy": "go_v1",
  "mode": "offensive",
  "symbol": "ADA/USDT",
  "timeframe": "1h",
  "side": "LONG",
  "entry": 0.6402,
  "stop": 0.6313033209116993,
  "tp": 0.6588830260854316,
  "rr": 2.1,
  "prob_win": 71.04257641921396,
  "ev_r": 1.202319868995633,
  "rsi": 57.64192139737986,
  "atr_pct": 0.011484891199161384,
  "ema_slope": 3.387089783628701e-05,
  "chop": 49.25788872030878,
  "macd_hist": 0.0011198492520874688,
  "bb_width_pct": 0.027877877518518713,
  "fvg": {
    "bull": false,
    "bear": false,
    "size": 0.0
  },
  "stake_usdt": 400.0,
  "pos_size": 624.8047485160887,
  "risk_usdt": 25.0,
  "risk_pct": 0.25,
  "score": 0.65,
  "reasons": [],
  "user_id": null,
  "style": "day",
  "risk_mode": "defensive"
}
