{
  "id": "29284e7e-c4eb-416c-9ae1-69be1357bab0",
  "ts": "2025-10-16T14:31:03Z",
  "strategy": "go_v1",
  "symbol": "BTC/USDT",
  "timeframe": "15m",
  "side": "LONG",
  "entry": 110428.8,
  "stop": 109914.07538615956,
  "tp": 111561.19415044898,
  "rr": 2.2,
  "prob_win": 62.63147506093166,
  "ev_r": 1.0042072019498134,
  "rsi": 33.77158353643888,
  "atr_pct": 0.004237404256205634,
  "ema_slope": 6.73864216563845,
  "chop": 38.87302333464477,
  "macd_hist": -124.73226637171895,
  "bb_width_pct": 0.014165287035749454,
  "pass": true,
  "score": 0.922,
  "reasons": [
    "fvg_absent"
  ],
  "candles": 220,
  "src": "services.ohlcv/ccxt",
  "adaptive": "0",
  "outcome": null
}
