{
  "id": "29523a4d-754c-47a3-b3ef-7da8d7517983",
  "ts": "2025-10-19T12:15:24Z",
  "strategy": "go_v1",
  "mode": "offensive",
  "symbol": "ADA/USDT",
  "timeframe": "1h",
  "side": "LONG",
  "entry": 0.6391,
  "stop": 0.6302033209116993,
  "tp": 0.6577830260854317,
  "rr": 2.1,
  "prob_win": 70.63699360341151,
  "ev_r": 1.1897468017057569,
  "rsi": 56.28997867803835,
  "atr_pct": 0.01150465865389316,
  "ema_slope": 3.237429919679009e-05,
  "chop": 49.25788872030878,
  "macd_hist": 0.0010496498218880773,
  "bb_width_pct": 0.027425080923806206,
  "fvg": {
    "bull": false,
    "bear": false,
    "size": 0.0
  },
  "stake_usdt": 400.0,
  "pos_size": 625.8801439524331,
  "risk_usdt": 25.0,
  "risk_pct": 0.25,
  "score": 0.65,
  "reasons": [],
  "user_id": null,
  "style": "day",
  "risk_mode": "defensive"
}
