{
  "id": "296c81ac-85cc-4915-a212-b279b9a6ccd3",
  "ts": "2025-10-19T12:16:05Z",
  "strategy": "go_v1",
  "mode": "offensive",
  "symbol": "SOL/USDT",
  "timeframe": "1h",
  "side": "LONG",
  "entry": 188.42,
  "stop": 185.94712184725097,
  "tp": 193.61304412077294,
  "rr": 2.1,
  "prob_win": 70.24164677804296,
  "ev_r": 1.177491050119332,
  "rsi": 54.97215592680987,
  "atr_pct": 0.010846518165190206,
  "ema_slope": 0.07198889258993384,
  "chop": 52.67997579039595,
  "macd_hist": 0.21897151723347602,
  "bb_width_pct": 0.02540907569675504,
  "fvg": {
    "bull": false,
    "bear": false,
    "size": 0.0
  },
  "stake_usdt": 400.0,
  "pos_size": 2.1229168878038425,
  "risk_usdt": 25.0,
  "risk_pct": 0.25,
  "score": 0.65,
  "reasons": [],
  "user_id": null,
  "style": "day",
  "risk_mode": "defensive"
}
