{
  "id": "299ed1de-6e61-4bee-812a-b953e9825f96",
  "ts": "2025-10-19T13:05:27Z",
  "strategy": "go_v1",
  "mode": "offensive",
  "symbol": "ADA/USDT",
  "timeframe": "1h",
  "side": "LONG",
  "entry": 0.6428,
  "stop": 0.634274573533267,
  "tp": 0.6606984914546284,
  "rr": 2.0994247647868103,
  "prob_win": 71.60714285714285,
  "ev_r": 1.219409519070555,
  "rsi": 59.52380952380948,
  "atr_pct": 0.010961118539670278,
  "ema_slope": 6.15103564454453e-05,
  "chop": 49.55713859284196,
  "macd_hist": 0.0012847691229508095,
  "bb_width_pct": 0.030575235213189788,
  "fvg": {
    "bull": false,
    "bear": false,
    "size": 0.0
  },
  "stake_usdt": 400.0,
  "pos_size": 622.2775357809583,
  "risk_usdt": 25.0,
  "risk_pct": 0.25,
  "score": 0.65,
  "reasons": [],
  "user_id": null,
  "style": "day",
  "risk_mode": "defensive"
}
