{
  "id": "2a26c307-a0cd-4279-9a4a-2790b01223b0",
  "ts": "2025-10-19T12:42:29Z",
  "strategy": "go_v1",
  "mode": "offensive",
  "symbol": "ETH/USDT",
  "timeframe": "1h",
  "side": "LONG",
  "entry": 3917.29,
  "stop": 3871.2549666076548,
  "tp": 4013.9635701239245,
  "rr": 2.1,
  "prob_win": 71.22471743010111,
  "ev_r": 1.2079662403331342,
  "rsi": 58.249058100337024,
  "atr_pct": 0.009712194436060107,
  "ema_slope": 1.1155244598473262,
  "chop": 48.82625626730335,
  "macd_hist": 3.113654578786189,
  "bb_width_pct": 0.01828174896655247,
  "fvg": {
    "bull": false,
    "bear": false,
    "size": 0.0
  },
  "stake_usdt": 400.0,
  "pos_size": 0.10211140865241021,
  "risk_usdt": 25.0,
  "risk_pct": 0.25,
  "score": 0.65,
  "reasons": [],
  "user_id": null,
  "style": "day",
  "risk_mode": "defensive"
}
