{
  "id": "2a54ee3d-c169-4c17-b209-4886fedafad4",
  "ts": "2025-10-19T11:56:04Z",
  "strategy": "go_v1",
  "mode": "offensive",
  "symbol": "ETH/USDT",
  "timeframe": "1h",
  "side": "LONG",
  "entry": 3921.07,
  "stop": 3873.515440867871,
  "tp": 4020.9345741774714,
  "rr": 2.1,
  "prob_win": 71.02263818110546,
  "ev_r": 1.2017017836142692,
  "rsi": 57.57546060368485,
  "atr_pct": 0.010023103014980503,
  "ema_slope": 1.0797929430872033,
  "chop": 48.163809614690564,
  "macd_hist": 3.032992215932796,
  "bb_width_pct": 0.018159062100176454,
  "fvg": {
    "bull": false,
    "bear": false,
    "size": 0.0
  },
  "stake_usdt": 400.0,
  "pos_size": 0.1020129709492562,
  "risk_usdt": 25.0,
  "risk_pct": 0.25,
  "score": 0.65,
  "reasons": [],
  "user_id": null,
  "style": "day",
  "risk_mode": "defensive"
}
