{
  "id": "2a796a12-fea4-4674-b563-6a44361920dc",
  "ts": "2025-10-18T18:59:52Z",
  "strategy": "go_v1",
  "mode": "offensive",
  "symbol": "ETH/USDT",
  "timeframe": "1h",
  "side": "LONG",
  "entry": 3886.82,
  "stop": 3846.2983773851015,
  "tp": 3971.9154074912867,
  "rr": 2.1,
  "prob_win": 66.99075314928979,
  "ev_r": 1.0767133476279838,
  "rsi": 64.96917716429932,
  "atr_pct": 0.008616026548652449,
  "ema_slope": 1.9977409862958007,
  "chop": 57.15532245831283,
  "macd_hist": 2.0128223551460183,
  "bb_width_pct": 0.0169941490369875,
  "fvg": {
    "bull": true,
    "bear": false,
    "size": 4.6379799020828726e-05
  },
  "stake_usdt": 400.0,
  "pos_size": 0.10291189198367817,
  "risk_usdt": 25.0,
  "risk_pct": 0.25,
  "score": 0.35,
  "reasons": [],
  "user_id": null,
  "style": "day",
  "risk_mode": "defensive"
}
