{
  "id": "2b2e2a36-bd43-4418-ac0c-eb1507f24d70",
  "ts": "2025-10-19T11:49:30Z",
  "strategy": "go_v1",
  "mode": "offensive",
  "symbol": "BNB/USDT",
  "timeframe": "1h",
  "side": "SHORT",
  "entry": 1097.61,
  "stop": 1113.4860157240705,
  "tp": 1064.2703669794519,
  "rr": 2.1,
  "prob_win": 66.47695421986923,
  "ev_r": 1.0607855808159463,
  "rsi": 53.41015260043591,
  "atr_pct": 0.011953858066275292,
  "ema_slope": -0.3117936859406965,
  "chop": 52.56602072775068,
  "macd_hist": 1.089827229781564,
  "bb_width_pct": 0.024867886614802135,
  "fvg": {
    "bull": true,
    "bear": false,
    "size": 0.0009760280220381074
  },
  "stake_usdt": 400.0,
  "pos_size": 0.36442816665300065,
  "risk_usdt": 25.0,
  "risk_pct": 0.25,
  "score": 0.55,
  "reasons": [],
  "user_id": null,
  "style": "day",
  "risk_mode": "defensive"
}
