{
  "id": "2b3afdf6-61d0-4c85-81df-08edc77707aa",
  "ts": "2025-10-19T12:45:44Z",
  "strategy": "go_v1",
  "mode": "offensive",
  "symbol": "SOL/USDT",
  "timeframe": "1h",
  "side": "LONG",
  "entry": 188.34,
  "stop": 185.8532932758224,
  "tp": 193.56208412077294,
  "rr": 2.1,
  "prob_win": 70.13735177865614,
  "ev_r": 1.1742579051383404,
  "rsi": 54.62450592885383,
  "atr_pct": 0.01091180590481953,
  "ema_slope": 0.0718800490525117,
  "chop": 52.897202143352764,
  "macd_hist": 0.21386610412806445,
  "bb_width_pct": 0.025281345332410013,
  "fvg": {
    "bull": false,
    "bear": false,
    "size": 0.0
  },
  "stake_usdt": 400.0,
  "pos_size": 2.123818625889349,
  "risk_usdt": 25.0,
  "risk_pct": 0.25,
  "score": 0.65,
  "reasons": [],
  "user_id": null,
  "style": "day",
  "risk_mode": "defensive"
}
