{
  "id": "2b7c8da9-b3a2-48e1-81b1-4bd92582ddfb",
  "ts": "2025-10-19T12:47:22Z",
  "strategy": "go_v1",
  "mode": "offensive",
  "symbol": "SOL/USDT",
  "timeframe": "1h",
  "side": "LONG",
  "entry": 188.3,
  "stop": 185.81329327582242,
  "tp": 193.52208412077294,
  "rr": 2.1,
  "prob_win": 70.08569739952722,
  "ev_r": 1.1726566193853436,
  "rsi": 54.45232466509073,
  "atr_pct": 0.01091412386677488,
  "ema_slope": 0.07182562728380938,
  "chop": 52.897202143352764,
  "macd_hist": 0.21131339757535866,
  "bb_width_pct": 0.02521931048376228,
  "fvg": {
    "bull": false,
    "bear": false,
    "size": 0.0
  },
  "stake_usdt": 400.0,
  "pos_size": 2.1242697822623473,
  "risk_usdt": 25.0,
  "risk_pct": 0.25,
  "score": 0.65,
  "reasons": [],
  "user_id": null,
  "style": "day",
  "risk_mode": "defensive"
}
