{
  "id": "2bd9d73c-49bb-4aff-8da2-1d65169f6401",
  "ts": "2025-10-19T13:14:59Z",
  "strategy": "go_v1",
  "mode": "offensive",
  "symbol": "SOL/USDT",
  "timeframe": "1h",
  "side": "LONG",
  "entry": 188.47,
  "stop": 186.09004376388353,
  "tp": 193.4679080958446,
  "rr": 2.1,
  "prob_win": 69.97749590834698,
  "ev_r": 1.1693023731587564,
  "rsi": 54.09165302782325,
  "atr_pct": 0.010436175413920208,
  "ema_slope": 0.07455755995332676,
  "chop": 52.88366191874238,
  "macd_hist": 0.23469037028430628,
  "bb_width_pct": 0.02707924313604129,
  "fvg": {
    "bull": false,
    "bear": false,
    "size": 0.0
  },
  "stake_usdt": 400.0,
  "pos_size": 2.122353690242479,
  "risk_usdt": 25.0,
  "risk_pct": 0.25,
  "score": 0.65,
  "reasons": [],
  "user_id": null,
  "style": "day",
  "risk_mode": "defensive"
}
