{
  "id": "2bda11e1-0ae1-4b15-b6c1-d8b18476825f",
  "ts": "2025-10-19T13:35:08Z",
  "strategy": "go_v1",
  "mode": "offensive",
  "symbol": "ETH/USDT",
  "timeframe": "1h",
  "side": "LONG",
  "entry": 3935.5,
  "stop": 3890.4481334220604,
  "tp": 4030.1089198136733,
  "rr": 2.1,
  "prob_win": 65.96703846703845,
  "ev_r": 1.044978192478192,
  "rsi": 61.556794890128174,
  "atr_pct": 0.009460792170009912,
  "ema_slope": 1.2151479807388232,
  "chop": 50.00751980784657,
  "macd_hist": 4.171042774436199,
  "bb_width_pct": 0.020954297482592598,
  "fvg": {
    "bull": false,
    "bear": false,
    "size": 0.0
  },
  "stake_usdt": 400.0,
  "pos_size": 0.10163892770931267,
  "risk_usdt": 25.0,
  "risk_pct": 0.25,
  "score": 0.35,
  "reasons": [],
  "user_id": null,
  "style": "day",
  "risk_mode": "defensive"
}
