{
  "id": "2bf3b0af-fad0-4cb5-8b55-1aee3c1889a9",
  "ts": "2025-10-19T12:12:31Z",
  "strategy": "go_v1",
  "mode": "offensive",
  "symbol": "BTC/USDT",
  "timeframe": "1h",
  "side": "LONG",
  "entry": 107571.8,
  "stop": 106870.55557203916,
  "tp": 109044.41329871777,
  "rr": 2.1,
  "prob_win": 70.95614958608559,
  "ev_r": 1.199640637168653,
  "rsi": 57.35383195361862,
  "atr_pct": 0.005387479335238572,
  "ema_slope": 8.969969060277581,
  "chop": 49.44366481843288,
  "macd_hist": 92.47853245557188,
  "bb_width_pct": 0.012920984128774833,
  "fvg": {
    "bull": false,
    "bear": false,
    "size": 0.0
  },
  "stake_usdt": 400.0,
  "pos_size": 0.003718446656093883,
  "risk_usdt": 25.0,
  "risk_pct": 0.25,
  "score": 0.65,
  "reasons": [],
  "user_id": null,
  "style": "day",
  "risk_mode": "defensive"
}
