{
  "id": "2c175f9a-ceb4-4928-8b71-973ed271ba9c",
  "ts": "2025-10-19T12:35:10Z",
  "strategy": "go_v1",
  "mode": "offensive",
  "symbol": "BNB/USDT",
  "timeframe": "1h",
  "side": "SHORT",
  "entry": 1095.28,
  "stop": 1111.0616885120023,
  "tp": 1062.1384541247955,
  "rr": 2.1,
  "prob_win": 66.81880524230417,
  "ev_r": 1.0713829625114293,
  "rsi": 52.27064919231943,
  "atr_pct": 0.011908112791719177,
  "ema_slope": -0.30417263423246715,
  "chop": 53.449040443038896,
  "macd_hist": 1.2850835051966893,
  "bb_width_pct": 0.025514829933324296,
  "fvg": {
    "bull": false,
    "bear": false,
    "size": 0.0
  },
  "stake_usdt": 400.0,
  "pos_size": 0.36520341830399533,
  "risk_usdt": 25.0,
  "risk_pct": 0.25,
  "score": 0.55,
  "reasons": [],
  "user_id": null,
  "style": "day",
  "risk_mode": "defensive"
}
