{
  "id": "2c7f090f-9370-4c2e-89a3-7ca511544ac1",
  "ts": "2025-10-18T17:22:24Z",
  "strategy": "go_v1",
  "mode": "offensive",
  "symbol": "BNB/USDT",
  "timeframe": "1h",
  "side": "LONG",
  "entry": 1092.29,
  "stop": 1075.2967723680408,
  "tp": 1127.739035668472,
  "rr": 2.086068428919487,
  "prob_win": 71.71008266260603,
  "ev_r": 1.2130222214027515,
  "rsi": 51.533608875353465,
  "atr_pct": 0.012857381994231011,
  "ema_slope": 0.7120376704076893,
  "chop": 48.00686283817958,
  "macd_hist": 0.221206044001362,
  "bb_width_pct": 0.04393157108051319,
  "fvg": {
    "bull": false,
    "bear": false,
    "size": 0.0
  },
  "stake_usdt": 400.0,
  "pos_size": 0.36620311455748933,
  "risk_usdt": 25.0,
  "risk_pct": 0.25,
  "score": 0.85,
  "reasons": [],
  "user_id": null,
  "style": "day",
  "risk_mode": "defensive"
}
