{
  "id": "2d3178c8-787b-40cf-ac24-84796614d3e1",
  "ts": "2025-10-19T13:04:26Z",
  "strategy": "go_v1",
  "mode": "offensive",
  "symbol": "SOL/USDT",
  "timeframe": "1h",
  "side": "LONG",
  "entry": 189.0,
  "stop": 186.65893662102638,
  "tp": 193.9162330958446,
  "rr": 2.1,
  "prob_win": 70.6388888888889,
  "ev_r": 1.1898055555555558,
  "rsi": 56.29629629629633,
  "atr_pct": 0.010236841921262885,
  "ema_slope": 0.07527864838869808,
  "chop": 52.26928913112345,
  "macd_hist": 0.26851373210765794,
  "bb_width_pct": 0.0279420598142126,
  "fvg": {
    "bull": false,
    "bear": false,
    "size": 0.0
  },
  "stake_usdt": 400.0,
  "pos_size": 2.1164021164021163,
  "risk_usdt": 25.0,
  "risk_pct": 0.25,
  "score": 0.65,
  "reasons": [],
  "user_id": null,
  "style": "day",
  "risk_mode": "defensive"
}
