{
  "id": "2d489910-26d6-44fd-bf4c-170a4f214924",
  "ts": "2025-10-19T13:23:41Z",
  "strategy": "go_v1",
  "mode": "offensive",
  "symbol": "BTC/USDT",
  "timeframe": "1h",
  "side": "LONG",
  "entry": 107450.4,
  "stop": 106758.66131201971,
  "tp": 108903.0512447586,
  "rr": 2.1,
  "prob_win": 70.16350808163725,
  "ev_r": 1.1750687505307549,
  "rsi": 54.71169360545749,
  "atr_pct": 0.0053204535869518016,
  "ema_slope": 10.893228800180264,
  "chop": 50.82202516390779,
  "macd_hist": 82.15957578856023,
  "bb_width_pct": 0.013274929145283785,
  "fvg": {
    "bull": false,
    "bear": false,
    "size": 0.0
  },
  "stake_usdt": 400.0,
  "pos_size": 0.003722647844959163,
  "risk_usdt": 25.0,
  "risk_pct": 0.25,
  "score": 0.65,
  "reasons": [],
  "user_id": null,
  "style": "day",
  "risk_mode": "defensive"
}
