{
  "id": "2d50750f-f28a-453d-ba71-7be9e370a57c",
  "ts": "2025-10-19T12:27:34Z",
  "strategy": "go_v1",
  "mode": "offensive",
  "symbol": "BNB/USDT",
  "timeframe": "1h",
  "side": "SHORT",
  "entry": 1093.79,
  "stop": 1109.571688512002,
  "tp": 1060.6484541247953,
  "rr": 2.1,
  "prob_win": 67.16696468484578,
  "ev_r": 1.0821759052302191,
  "rsi": 51.110117717180756,
  "atr_pct": 0.011924334450410206,
  "ema_slope": -0.3061998451168166,
  "chop": 53.449040443038896,
  "macd_hist": 1.1899951861084443,
  "bb_width_pct": 0.025384502789121594,
  "fvg": {
    "bull": false,
    "bear": false,
    "size": 0.0
  },
  "stake_usdt": 400.0,
  "pos_size": 0.36570091150952194,
  "risk_usdt": 25.0,
  "risk_pct": 0.25,
  "score": 0.55,
  "reasons": [],
  "user_id": null,
  "style": "day",
  "risk_mode": "defensive"
}
