{
  "id": "2d656b60-9a5f-4e09-9a9e-8201eb9e59ba",
  "ts": "2025-10-18T18:29:43Z",
  "strategy": "go_v1",
  "mode": "neutral",
  "symbol": "BTC/USDT",
  "timeframe": "1h",
  "side": "LONG",
  "entry": 106744.4,
  "stop": 106133.79979303069,
  "tp": 107843.48037254473,
  "rr": 1.8,
  "prob_win": 69.82707713435565,
  "ev_r": 0.9551581597619583,
  "rsi": 57.75692378118549,
  "atr_pct": 0.005200189398645872,
  "ema_slope": 3.702655230119712,
  "chop": 63.7138628566858,
  "macd_hist": 32.83212083628777,
  "bb_width_pct": 0.007650644439440931,
  "fvg": {
    "bull": false,
    "bear": false,
    "size": 0.0
  },
  "stake_usdt": 400.0,
  "pos_size": 0.003747269177586834,
  "risk_usdt": 25.0,
  "risk_pct": 0.25,
  "score": 0.65,
  "reasons": [],
  "user_id": null,
  "style": "day",
  "risk_mode": "defensive"
}
