{
  "id": "2d912dec-30c3-4f72-9fb6-7088a108e114",
  "ts": "2025-10-19T11:49:13Z",
  "strategy": "go_v1",
  "mode": "offensive",
  "symbol": "BTC/USDT",
  "timeframe": "1h",
  "side": "LONG",
  "entry": 107626.2,
  "stop": 106892.65407474655,
  "tp": 109166.64644303224,
  "rr": 2.1,
  "prob_win": 70.95565330256707,
  "ev_r": 1.1996252523795792,
  "rsi": 57.35217767522355,
  "atr_pct": 0.005632794820056411,
  "ema_slope": 7.044711677378282,
  "chop": 49.40318284073348,
  "macd_hist": 83.41150149687036,
  "bb_width_pct": 0.012151337828217585,
  "fvg": {
    "bull": false,
    "bear": false,
    "size": 0.0
  },
  "stake_usdt": 400.0,
  "pos_size": 0.0037165671555810763,
  "risk_usdt": 25.0,
  "risk_pct": 0.25,
  "score": 0.65,
  "reasons": [],
  "user_id": null,
  "style": "day",
  "risk_mode": "defensive"
}
