{
  "id": "2e195688-6c08-4a9c-af1d-99b64b800269",
  "ts": "2025-10-19T11:46:51Z",
  "strategy": "go_v1",
  "mode": "offensive",
  "symbol": "SOL/USDT",
  "timeframe": "1h",
  "side": "LONG",
  "entry": 188.69,
  "stop": 186.13274219885773,
  "tp": 194.06024138239877,
  "rr": 2.1,
  "prob_win": 70.73067632850241,
  "ev_r": 1.1926509661835747,
  "rsi": 56.60225442834136,
  "atr_pct": 0.011200573423557856,
  "ema_slope": 0.07135821725013386,
  "chop": 52.5981937769902,
  "macd_hist": 0.17932618284841534,
  "bb_width_pct": 0.02575052704053712,
  "fvg": {
    "bull": false,
    "bear": false,
    "size": 0.0
  },
  "stake_usdt": 400.0,
  "pos_size": 2.1198791668874875,
  "risk_usdt": 25.0,
  "risk_pct": 0.25,
  "score": 0.65,
  "reasons": [],
  "user_id": null,
  "style": "day",
  "risk_mode": "defensive"
}
