{
  "id": "2e34c038-9ba0-420e-ae1f-12d38644a69e",
  "ts": "2025-10-18T19:21:07Z",
  "strategy": "go_v1",
  "mode": "offensive",
  "symbol": "BNB/USDT",
  "timeframe": "1h",
  "side": "LONG",
  "entry": 1099.25,
  "stop": 1083.3911949711032,
  "tp": 1132.4406670746387,
  "rr": 2.092885751111818,
  "prob_win": 73.34382944303212,
  "ev_r": 1.2684408501632949,
  "rsi": 56.97943147677375,
  "atr_pct": 0.011923084318494278,
  "ema_slope": 0.7050130023136805,
  "chop": 48.9800648255155,
  "macd_hist": 0.7842879893045588,
  "bb_width_pct": 0.03711424888818226,
  "fvg": {
    "bull": false,
    "bear": false,
    "size": 0.0
  },
  "stake_usdt": 400.0,
  "pos_size": 0.3638844666818285,
  "risk_usdt": 25.0,
  "risk_pct": 0.25,
  "score": 0.85,
  "reasons": [],
  "user_id": null,
  "style": "day",
  "risk_mode": "defensive"
}
