{
  "id": "2e52b4bf-bb9b-4e09-98b4-f9adfa872534",
  "ts": "2025-10-19T12:37:31Z",
  "strategy": "go_v1",
  "mode": "offensive",
  "symbol": "ETH/USDT",
  "timeframe": "1h",
  "side": "LONG",
  "entry": 3916.0,
  "stop": 3869.964966607655,
  "tp": 4012.6735701239245,
  "rr": 2.1,
  "prob_win": 71.11367666617406,
  "ev_r": 1.2045239766513962,
  "rsi": 57.87892222058021,
  "atr_pct": 0.009715393805524488,
  "ema_slope": 1.113769357806786,
  "chop": 48.82625626730335,
  "macd_hist": 3.0313297924612908,
  "bb_width_pct": 0.018189045048605326,
  "fvg": {
    "bull": false,
    "bear": false,
    "size": 0.0
  },
  "stake_usdt": 400.0,
  "pos_size": 0.10214504596527069,
  "risk_usdt": 25.0,
  "risk_pct": 0.25,
  "score": 0.65,
  "reasons": [],
  "user_id": null,
  "style": "day",
  "risk_mode": "defensive"
}
