{
  "id": "2e75415e-0579-4dfd-bbe4-ea0fe466f3fe",
  "ts": "2025-10-19T13:03:32Z",
  "strategy": "go_v1",
  "mode": "offensive",
  "symbol": "ETH/USDT",
  "timeframe": "1h",
  "side": "LONG",
  "entry": 3918.4,
  "stop": 3875.178690564918,
  "tp": 4009.164749813673,
  "rr": 2.1,
  "prob_win": 71.13272354637922,
  "ev_r": 1.205114429937756,
  "rsi": 57.94241182126407,
  "atr_pct": 0.00911598878170092,
  "ema_slope": 1.1918826746164743,
  "chop": 48.55018149374486,
  "macd_hist": 3.0797607231540205,
  "bb_width_pct": 0.019474899062044516,
  "fvg": {
    "bull": false,
    "bear": false,
    "size": 0.0
  },
  "stake_usdt": 400.0,
  "pos_size": 0.10208248264597795,
  "risk_usdt": 25.0,
  "risk_pct": 0.25,
  "score": 0.65,
  "reasons": [],
  "user_id": null,
  "style": "day",
  "risk_mode": "defensive"
}
