{
  "id": "2e7d49c8-a5b5-4b62-ba15-9505b60c6699",
  "ts": "2025-10-19T12:45:39Z",
  "strategy": "go_v1",
  "mode": "offensive",
  "symbol": "ETH/USDT",
  "timeframe": "1h",
  "side": "LONG",
  "entry": 3911.06,
  "stop": 3865.0249666076547,
  "tp": 4007.733570123925,
  "rr": 2.1,
  "prob_win": 70.70119018994949,
  "ev_r": 1.1917368958884342,
  "rsi": 56.503967299831615,
  "atr_pct": 0.009727665170678511,
  "ema_slope": 1.107048269371201,
  "chop": 48.82625626730335,
  "macd_hist": 2.7160705332016715,
  "bb_width_pct": 0.017872786261863345,
  "fvg": {
    "bull": false,
    "bear": false,
    "size": 0.0
  },
  "stake_usdt": 400.0,
  "pos_size": 0.10227406380878841,
  "risk_usdt": 25.0,
  "risk_pct": 0.25,
  "score": 0.65,
  "reasons": [],
  "user_id": null,
  "style": "day",
  "risk_mode": "defensive"
}
