{
  "id": "2e994318-42d1-42c5-bd92-3fffb645ed35",
  "ts": "2025-10-19T12:23:59Z",
  "strategy": "go_v1",
  "mode": "offensive",
  "symbol": "BNB/USDT",
  "timeframe": "1h",
  "side": "SHORT",
  "entry": 1093.07,
  "stop": 1108.851688512002,
  "tp": 1059.9284541247955,
  "rr": 2.1,
  "prob_win": 67.32972136222911,
  "ev_r": 1.0872213622291027,
  "rsi": 50.56759545923631,
  "atr_pct": 0.01193218895268755,
  "ema_slope": -0.30717943695349326,
  "chop": 53.449040443038896,
  "macd_hist": 1.1440464681595583,
  "bb_width_pct": 0.02534132284523352,
  "fvg": {
    "bull": false,
    "bear": false,
    "size": 0.0
  },
  "stake_usdt": 400.0,
  "pos_size": 0.365941796957194,
  "risk_usdt": 25.0,
  "risk_pct": 0.25,
  "score": 0.55,
  "reasons": [],
  "user_id": null,
  "style": "day",
  "risk_mode": "defensive"
}
