{
  "id": "2ef748d0-0aab-40cf-b677-224575e1a299",
  "ts": "2025-10-18T20:11:00Z",
  "strategy": "go_v1",
  "mode": "offensive",
  "symbol": "SOL/USDT",
  "timeframe": "1h",
  "side": "LONG",
  "entry": 186.54,
  "stop": 184.18313865324942,
  "tp": 191.4894088281762,
  "rr": 2.1,
  "prob_win": 69.33746736292424,
  "ev_r": 1.1494614882506515,
  "rsi": 51.95822454308081,
  "atr_pct": 0.01044183175101958,
  "ema_slope": 0.11354079732251235,
  "chop": 56.95914684025614,
  "macd_hist": 0.1224650947855559,
  "bb_width_pct": 0.019367966997018763,
  "fvg": {
    "bull": false,
    "bear": false,
    "size": 0.0
  },
  "stake_usdt": 400.0,
  "pos_size": 2.1443122118580464,
  "risk_usdt": 25.0,
  "risk_pct": 0.25,
  "score": 0.65,
  "reasons": [],
  "user_id": null,
  "style": "day",
  "risk_mode": "defensive"
}
