{
  "id": "2f0b69a2-f1c1-42ba-afce-26ac67f3ce2b",
  "ts": "2025-10-19T13:27:12Z",
  "strategy": "go_v1",
  "mode": "offensive",
  "symbol": "BNB/USDT",
  "timeframe": "1h",
  "side": "SHORT",
  "entry": 1094.33,
  "stop": 1109.5600392456154,
  "tp": 1062.3469175842076,
  "rr": 2.1,
  "prob_win": 66.97261204164782,
  "ev_r": 1.0761509732910826,
  "rsi": 51.75795986117392,
  "atr_pct": 0.011501840664056516,
  "ema_slope": -0.28487370073203616,
  "chop": 53.87205535803666,
  "macd_hist": 1.2544732709264446,
  "bb_width_pct": 0.025513209422239055,
  "fvg": {
    "bull": false,
    "bear": false,
    "size": 0.0
  },
  "stake_usdt": 400.0,
  "pos_size": 0.3655204554384875,
  "risk_usdt": 25.0,
  "risk_pct": 0.25,
  "score": 0.55,
  "reasons": [],
  "user_id": null,
  "style": "day",
  "risk_mode": "defensive"
}
