{
  "id": "2f30e204-aeaa-4daf-8da7-30966f4f088f",
  "ts": "2025-10-18T19:01:55Z",
  "strategy": "go_v1",
  "mode": "offensive",
  "symbol": "BNB/USDT",
  "timeframe": "1h",
  "side": "LONG",
  "entry": 1098.14,
  "stop": 1082.5275163996746,
  "tp": 1130.816191929856,
  "rr": 2.092952842504485,
  "prob_win": 73.17298702816409,
  "ev_r": 1.2632059822330395,
  "rsi": 56.409956760546976,
  "atr_pct": 0.011749757780003835,
  "ema_slope": 0.7035027982320469,
  "chop": 48.3845406609237,
  "macd_hist": 0.7134503824671097,
  "bb_width_pct": 0.03704715749551508,
  "fvg": {
    "bull": true,
    "bear": false,
    "size": 0.0004921125297317656
  },
  "stake_usdt": 400.0,
  "pos_size": 0.36425228112991054,
  "risk_usdt": 25.0,
  "risk_pct": 0.25,
  "score": 0.85,
  "reasons": [],
  "user_id": null,
  "style": "day",
  "risk_mode": "defensive"
}
