{
  "id": "2f41c373-2334-4c10-96ae-eea8816f783b",
  "ts": "2025-10-18T17:22:31Z",
  "strategy": "go_v1",
  "mode": "offensive",
  "symbol": "ADA/USDT",
  "timeframe": "1h",
  "side": "LONG",
  "entry": 0.6315,
  "stop": 0.6229111923774313,
  "tp": 0.6495364960073942,
  "rr": 2.1,
  "prob_win": 68.66803278688522,
  "ev_r": 1.128709016393442,
  "rsi": 49.72677595628404,
  "atr_pct": 0.011240202878583305,
  "ema_slope": 0.00021953425128658569,
  "chop": 62.13716432820122,
  "macd_hist": 0.0002959450236666145,
  "bb_width_pct": 0.021291681987527688,
  "fvg": {
    "bull": false,
    "bear": false,
    "size": 0.0
  },
  "stake_usdt": 400.0,
  "pos_size": 633.4125098970705,
  "risk_usdt": 25.0,
  "risk_pct": 0.25,
  "score": 0.65,
  "reasons": [],
  "user_id": null,
  "style": "day",
  "risk_mode": "defensive"
}
