{
  "id": "2f4223e4-2d99-4764-81a7-1284776044d6",
  "ts": "2025-10-19T13:20:46Z",
  "strategy": "go_v1",
  "mode": "offensive",
  "symbol": "ADA/USDT",
  "timeframe": "1h",
  "side": "LONG",
  "entry": 0.6421,
  "stop": 0.6334967878189812,
  "tp": 0.6601650048654274,
  "rr": 2.0997976668858755,
  "prob_win": 71.42032967032965,
  "ev_r": 1.2138857128030793,
  "rsi": 58.901098901098834,
  "atr_pct": 0.011073185970387419,
  "ema_slope": 6.055797549307547e-05,
  "chop": 49.89099377602733,
  "macd_hist": 0.001240096758278405,
  "bb_width_pct": 0.03020233311412466,
  "fvg": {
    "bull": false,
    "bear": false,
    "size": 0.0
  },
  "stake_usdt": 400.0,
  "pos_size": 622.9559258682448,
  "risk_usdt": 25.0,
  "risk_pct": 0.25,
  "score": 0.65,
  "reasons": [],
  "user_id": null,
  "style": "day",
  "risk_mode": "defensive"
}
