{
  "id": "3014b5f5-e4d7-4df8-b863-130efb23a4df",
  "ts": "2025-10-19T13:33:41Z",
  "strategy": "go_v1",
  "mode": "offensive",
  "symbol": "BNB/USDT",
  "timeframe": "1h",
  "side": "SHORT",
  "entry": 1097.11,
  "stop": 1112.3400392456151,
  "tp": 1065.1269175842076,
  "rr": 2.1,
  "prob_win": 66.306260707055,
  "ev_r": 1.055494081918705,
  "rsi": 53.97913097648335,
  "atr_pct": 0.01147269580433773,
  "ema_slope": -0.2810913878068314,
  "chop": 53.87205535803666,
  "macd_hist": 1.4318863763395875,
  "bb_width_pct": 0.025833714883466582,
  "fvg": {
    "bull": false,
    "bear": false,
    "size": 0.0
  },
  "stake_usdt": 400.0,
  "pos_size": 0.36459425217161456,
  "risk_usdt": 25.0,
  "risk_pct": 0.25,
  "score": 0.55,
  "reasons": [],
  "user_id": null,
  "style": "day",
  "risk_mode": "defensive"
}
