{
  "id": "3015fe5e-7acd-474f-b271-95dd58304e5c",
  "ts": "2025-10-19T12:26:27Z",
  "strategy": "go_v1",
  "mode": "offensive",
  "symbol": "BTC/USDT",
  "timeframe": "1h",
  "side": "LONG",
  "entry": 107500.0,
  "stop": 106789.36078632488,
  "tp": 108992.34234871778,
  "rr": 2.1,
  "prob_win": 70.6070378952723,
  "ev_r": 1.1888181747534412,
  "rsi": 56.19012631757432,
  "atr_pct": 0.005463303583894904,
  "ema_slope": 8.872281985448716,
  "chop": 49.957580627382484,
  "macd_hist": 87.89642419344881,
  "bb_width_pct": 0.012727383349461415,
  "fvg": {
    "bull": false,
    "bear": false,
    "size": 0.0
  },
  "stake_usdt": 400.0,
  "pos_size": 0.0037209302325581397,
  "risk_usdt": 25.0,
  "risk_pct": 0.25,
  "score": 0.65,
  "reasons": [],
  "user_id": null,
  "style": "day",
  "risk_mode": "defensive"
}
