{
  "id": "30209102-82ca-4e4d-986e-a28666d6aedc",
  "ts": "2025-10-18T18:12:16Z",
  "strategy": "go_v1",
  "mode": "offensive",
  "symbol": "ETH/USDT",
  "timeframe": "1h",
  "side": "LONG",
  "entry": 3884.27,
  "stop": 3843.9592630993875,
  "tp": 3968.922547491287,
  "rr": 2.1,
  "prob_win": 66.66331774161675,
  "ev_r": 1.066562849990119,
  "rsi": 63.87772580538915,
  "atr_pct": 0.008576813299679888,
  "ema_slope": 1.9942715985406385,
  "chop": 56.915004400874345,
  "macd_hist": 1.8500873124111603,
  "bb_width_pct": 0.016854806003634582,
  "fvg": {
    "bull": true,
    "bear": false,
    "size": 0.0006750837413037595
  },
  "stake_usdt": 400.0,
  "pos_size": 0.10297945302463526,
  "risk_usdt": 25.0,
  "risk_pct": 0.25,
  "score": 0.35,
  "reasons": [],
  "user_id": null,
  "style": "day",
  "risk_mode": "defensive"
}
