{
  "id": "30847e8e-8e2b-4abc-834a-09c0d153338c",
  "ts": "2025-10-19T12:44:52Z",
  "strategy": "go_v1",
  "mode": "offensive",
  "symbol": "ETH/USDT",
  "timeframe": "1h",
  "side": "LONG",
  "entry": 3913.34,
  "stop": 3867.3049666076554,
  "tp": 4010.0135701239246,
  "rr": 2.1,
  "prob_win": 70.88910633539165,
  "ev_r": 1.197562296397141,
  "rsi": 57.130354451305465,
  "atr_pct": 0.00972199761391392,
  "ema_slope": 1.1101503101874954,
  "chop": 48.82625626730335,
  "macd_hist": 2.861574806706084,
  "bb_width_pct": 0.018011004511629423,
  "fvg": {
    "bull": false,
    "bear": false,
    "size": 0.0
  },
  "stake_usdt": 400.0,
  "pos_size": 0.102214476636326,
  "risk_usdt": 25.0,
  "risk_pct": 0.25,
  "score": 0.65,
  "reasons": [],
  "user_id": null,
  "style": "day",
  "risk_mode": "defensive"
}
