{
  "id": "317f83ba-d149-4ac9-b810-fa507a9f55ca",
  "ts": "2025-10-19T13:21:15Z",
  "strategy": "go_v1",
  "mode": "offensive",
  "symbol": "BTC/USDT",
  "timeframe": "1h",
  "side": "LONG",
  "entry": 107382.2,
  "stop": 106690.46131201972,
  "tp": 108834.85124475858,
  "rr": 2.1,
  "prob_win": 69.85264100641506,
  "ev_r": 1.1654318711988667,
  "rsi": 53.6754700213835,
  "atr_pct": 0.00532383268455485,
  "ema_slope": 10.800439684534432,
  "chop": 50.82202516390779,
  "macd_hist": 77.80721111618905,
  "bb_width_pct": 0.013151599406038418,
  "fvg": {
    "bull": false,
    "bear": false,
    "size": 0.0
  },
  "stake_usdt": 400.0,
  "pos_size": 0.0037250121528521487,
  "risk_usdt": 25.0,
  "risk_pct": 0.25,
  "score": 0.65,
  "reasons": [],
  "user_id": null,
  "style": "day",
  "risk_mode": "defensive"
}
