{
  "id": "318688dc-1204-4d17-83c3-8cf2f1d830e4",
  "ts": "2025-10-19T13:08:40Z",
  "strategy": "go_v1",
  "mode": "offensive",
  "symbol": "ADA/USDT",
  "timeframe": "1h",
  "side": "LONG",
  "entry": 0.6412,
  "stop": 0.6326659306761241,
  "tp": 0.6591215455801394,
  "rr": 2.1,
  "prob_win": 71.1715246636771,
  "ev_r": 1.2063172645739906,
  "rsi": 58.07174887892369,
  "atr_pct": 0.010999609879043842,
  "ema_slope": 5.933348569717629e-05,
  "chop": 49.594379203376604,
  "macd_hist": 0.001182660860842507,
  "bb_width_pct": 0.029761634931083567,
  "fvg": {
    "bull": false,
    "bear": false,
    "size": 0.0
  },
  "stake_usdt": 400.0,
  "pos_size": 623.8303181534623,
  "risk_usdt": 25.0,
  "risk_pct": 0.25,
  "score": 0.65,
  "reasons": [],
  "user_id": null,
  "style": "day",
  "risk_mode": "defensive"
}
