{
  "id": "318e8dc2-ae2c-48f7-a3d4-366ae46964a7",
  "ts": "2025-10-19T13:00:09Z",
  "strategy": "go_v1",
  "mode": "offensive",
  "symbol": "BTC/USDT",
  "timeframe": "1h",
  "side": "LONG",
  "entry": 107595.7,
  "stop": 106928.46381201972,
  "tp": 108996.89599475858,
  "rr": 2.1,
  "prob_win": 70.86755328570582,
  "ev_r": 1.1968941518568808,
  "rsi": 57.058510952352776,
  "atr_pct": 0.00512506416240989,
  "ema_slope": 11.090915875013609,
  "chop": 49.497890484477644,
  "macd_hist": 91.4322823412599,
  "bb_width_pct": 0.01360963414823915,
  "fvg": {
    "bull": false,
    "bear": false,
    "size": 0.0
  },
  "stake_usdt": 400.0,
  "pos_size": 0.003717620685585019,
  "risk_usdt": 25.0,
  "risk_pct": 0.25,
  "score": 0.65,
  "reasons": [],
  "user_id": null,
  "style": "day",
  "risk_mode": "defensive"
}
