{
  "id": "31efbfd9-8b85-4a17-b252-643d8847f916",
  "ts": "2025-10-19T13:22:52Z",
  "strategy": "go_v1",
  "mode": "offensive",
  "symbol": "BTC/USDT",
  "timeframe": "1h",
  "side": "LONG",
  "entry": 107393.4,
  "stop": 106701.66131201971,
  "tp": 108846.05124475858,
  "rr": 2.1,
  "prob_win": 69.90288185642251,
  "ev_r": 1.166989337549098,
  "rsi": 53.84293952140838,
  "atr_pct": 0.005323277464903856,
  "ema_slope": 10.81567777977402,
  "chop": 50.82202516390779,
  "macd_hist": 78.52196895094812,
  "bb_width_pct": 0.01317032670925661,
  "fvg": {
    "bull": false,
    "bear": false,
    "size": 0.0
  },
  "stake_usdt": 400.0,
  "pos_size": 0.0037246236733356054,
  "risk_usdt": 25.0,
  "risk_pct": 0.25,
  "score": 0.65,
  "reasons": [],
  "user_id": null,
  "style": "day",
  "risk_mode": "defensive"
}
