{
  "id": "329c77cc-6063-450d-aa2c-2fc7b61bba15",
  "ts": "2025-10-18T18:07:21Z",
  "strategy": "go_v1",
  "mode": "offensive",
  "symbol": "BNB/USDT",
  "timeframe": "1h",
  "side": "LONG",
  "entry": 1093.8,
  "stop": 1077.2859314260156,
  "tp": 1128.2848240924632,
  "rr": 2.0882088467762,
  "prob_win": 73.17748512232751,
  "ev_r": 1.2598735693960559,
  "rsi": 56.424950407758395,
  "atr_pct": 0.012477592390758789,
  "ema_slope": 0.719509028647081,
  "chop": 48.19330788455523,
  "macd_hist": 0.3563606607088433,
  "bb_width_pct": 0.04179115322379987,
  "fvg": {
    "bull": false,
    "bear": false,
    "size": 0.0
  },
  "stake_usdt": 400.0,
  "pos_size": 0.3656975681111721,
  "risk_usdt": 25.0,
  "risk_pct": 0.25,
  "score": 0.85,
  "reasons": [],
  "user_id": null,
  "style": "day",
  "risk_mode": "defensive"
}
