{
  "id": "331ce5ff-5158-4771-a0b7-0b37d82aca98",
  "ts": "2025-10-18T17:42:15Z",
  "strategy": "go_v1",
  "mode": "offensive",
  "symbol": "SOL/USDT",
  "timeframe": "1h",
  "side": "LONG",
  "entry": 185.13,
  "stop": 182.4663907914222,
  "tp": 190.7235793380133,
  "rr": 2.1,
  "prob_win": 69.33139534883722,
  "ev_r": 1.149273255813954,
  "rsi": 51.93798449612406,
  "atr_pct": 0.011890725028058342,
  "ema_slope": 0.11643983022666964,
  "chop": 59.57487866217357,
  "macd_hist": 0.0037515844821757738,
  "bb_width_pct": 0.025343260121814263,
  "fvg": {
    "bull": false,
    "bear": false,
    "size": 0.0
  },
  "stake_usdt": 400.0,
  "pos_size": 2.1606438718738183,
  "risk_usdt": 25.0,
  "risk_pct": 0.25,
  "score": 0.65,
  "reasons": [],
  "user_id": null,
  "style": "day",
  "risk_mode": "defensive"
}
