{
  "id": "33a74ebd-88ab-4b90-976c-b216d63755bd",
  "ts": "2025-10-19T12:00:13Z",
  "strategy": "go_v1",
  "mode": "offensive",
  "symbol": "BTC/USDT",
  "timeframe": "1h",
  "side": "LONG",
  "entry": 107721.8,
  "stop": 107039.87235775344,
  "tp": 109153.84804871777,
  "rr": 2.1,
  "prob_win": 71.73426241369958,
  "ev_r": 1.223762134824687,
  "rsi": 59.947541378998565,
  "atr_pct": 0.005231778190116865,
  "ema_slope": 9.17405069292488,
  "chop": 48.36457509699979,
  "macd_hist": 102.05118202822186,
  "bb_width_pct": 0.013398875740382267,
  "fvg": {
    "bull": false,
    "bear": false,
    "size": 0.0
  },
  "stake_usdt": 400.0,
  "pos_size": 0.003713268809098994,
  "risk_usdt": 25.0,
  "risk_pct": 0.25,
  "score": 0.65,
  "reasons": [],
  "user_id": null,
  "style": "day",
  "risk_mode": "defensive"
}
