{
  "id": "33e85c9f-011b-4975-ad51-086b672fce9a",
  "ts": "2025-10-19T13:28:43Z",
  "strategy": "go_v1",
  "mode": "offensive",
  "symbol": "SOL/USDT",
  "timeframe": "1h",
  "side": "LONG",
  "entry": 188.58,
  "stop": 186.20004376388354,
  "tp": 193.5779080958446,
  "rr": 2.1,
  "prob_win": 70.12489677952107,
  "ev_r": 1.1738718001651534,
  "rsi": 54.58298926507026,
  "atr_pct": 0.010430087921632948,
  "ema_slope": 0.07470721981728001,
  "chop": 52.88366191874238,
  "macd_hist": 0.2417103133042472,
  "bb_width_pct": 0.027242135807668547,
  "fvg": {
    "bull": false,
    "bear": false,
    "size": 0.0
  },
  "stake_usdt": 400.0,
  "pos_size": 2.121115706861809,
  "risk_usdt": 25.0,
  "risk_pct": 0.25,
  "score": 0.65,
  "reasons": [],
  "user_id": null,
  "style": "day",
  "risk_mode": "defensive"
}
