{
  "id": "340f7ee6-67ad-4d35-8a62-89656ab82ff0",
  "ts": "2025-10-19T13:16:37Z",
  "strategy": "go_v1",
  "mode": "offensive",
  "symbol": "SOL/USDT",
  "timeframe": "1h",
  "side": "LONG",
  "entry": 188.63,
  "stop": 186.25004376388353,
  "tp": 193.6279080958446,
  "rr": 2.1,
  "prob_win": 70.19278606965173,
  "ev_r": 1.175976368159204,
  "rsi": 54.80928689883913,
  "atr_pct": 0.010427323226748351,
  "ema_slope": 0.07477524702816228,
  "chop": 52.88366191874238,
  "macd_hist": 0.24490119649515218,
  "bb_width_pct": 0.0273190407799054,
  "fvg": {
    "bull": false,
    "bear": false,
    "size": 0.0
  },
  "stake_usdt": 400.0,
  "pos_size": 2.1205534644542228,
  "risk_usdt": 25.0,
  "risk_pct": 0.25,
  "score": 0.65,
  "reasons": [],
  "user_id": null,
  "style": "day",
  "risk_mode": "defensive"
}
