{
  "id": "34194b46-316d-473d-a788-783a55bdcfd4",
  "ts": "2025-10-19T13:05:12Z",
  "strategy": "go_v1",
  "mode": "offensive",
  "symbol": "ETH/USDT",
  "timeframe": "1h",
  "side": "LONG",
  "entry": 3924.13,
  "stop": 3880.713361993489,
  "tp": 4015.3049398136727,
  "rr": 2.1,
  "prob_win": 71.55616873299063,
  "ev_r": 1.2182412307227093,
  "rsi": 59.35389577663539,
  "atr_pct": 0.009143815065669445,
  "ema_slope": 1.1996785929836893,
  "chop": 48.70838430443985,
  "macd_hist": 3.445435936829078,
  "bb_width_pct": 0.019901088287570912,
  "fvg": {
    "bull": false,
    "bear": false,
    "size": 0.0
  },
  "stake_usdt": 400.0,
  "pos_size": 0.10193342218529967,
  "risk_usdt": 25.0,
  "risk_pct": 0.25,
  "score": 0.65,
  "reasons": [],
  "user_id": null,
  "style": "day",
  "risk_mode": "defensive"
}
