{
  "id": "3435ffcd-4487-4162-afc1-d4e39e14d0ca",
  "ts": "2025-10-18T18:54:50Z",
  "strategy": "go_v1",
  "mode": "offensive",
  "symbol": "ETH/USDT",
  "timeframe": "1h",
  "side": "LONG",
  "entry": 3885.02,
  "stop": 3844.4983773851013,
  "tp": 3970.1154074912865,
  "rr": 2.1,
  "prob_win": 66.75847457627123,
  "ev_r": 1.0695127118644079,
  "rsi": 64.19491525423742,
  "atr_pct": 0.008620018509514318,
  "ema_slope": 1.995292006703864,
  "chop": 57.15532245831283,
  "macd_hist": 1.89795056027444,
  "bb_width_pct": 0.016893881113846227,
  "fvg": {
    "bull": true,
    "bear": false,
    "size": 4.6379799020828726e-05
  },
  "stake_usdt": 400.0,
  "pos_size": 0.10295957292369151,
  "risk_usdt": 25.0,
  "risk_pct": 0.25,
  "score": 0.35,
  "reasons": [],
  "user_id": null,
  "style": "day",
  "risk_mode": "defensive"
}
