{
  "id": "3442a088-bab3-4464-88c5-7e8c133a80b2",
  "ts": "2025-10-19T12:44:05Z",
  "strategy": "go_v1",
  "mode": "offensive",
  "symbol": "ETH/USDT",
  "timeframe": "1h",
  "side": "LONG",
  "entry": 3914.56,
  "stop": 3868.524966607655,
  "tp": 4011.233570123925,
  "rr": 2.1,
  "prob_win": 70.9913793103448,
  "ev_r": 1.200732758620689,
  "rsi": 57.47126436781602,
  "atr_pct": 0.009718967685367933,
  "ema_slope": 1.1118101741332924,
  "chop": 48.82625626730335,
  "macd_hist": 2.9394323565638825,
  "bb_width_pct": 0.018090446264978282,
  "fvg": {
    "bull": false,
    "bear": false,
    "size": 0.0
  },
  "stake_usdt": 400.0,
  "pos_size": 0.10218262077985776,
  "risk_usdt": 25.0,
  "risk_pct": 0.25,
  "score": 0.65,
  "reasons": [],
  "user_id": null,
  "style": "day",
  "risk_mode": "defensive"
}
