{
  "id": "34684dbc-5afa-4cb4-9ec1-053b1ab7b285",
  "ts": "2025-10-18T18:39:45Z",
  "strategy": "go_v1",
  "mode": "neutral",
  "symbol": "BTC/USDT",
  "timeframe": "1h",
  "side": "LONG",
  "entry": 106790.4,
  "stop": 106179.79979303069,
  "tp": 107889.48037254473,
  "rr": 1.8,
  "prob_win": 70.19978957212996,
  "ev_r": 0.9655941080196389,
  "rsi": 58.999298573766524,
  "atr_pct": 0.005197949415348332,
  "ema_slope": 3.7652402641316107,
  "chop": 63.7138628566858,
  "macd_hist": 35.76773337190416,
  "bb_width_pct": 0.0076400401706968124,
  "fvg": {
    "bull": false,
    "bear": false,
    "size": 0.0
  },
  "stake_usdt": 400.0,
  "pos_size": 0.0037456550401534223,
  "risk_usdt": 25.0,
  "risk_pct": 0.25,
  "score": 0.65,
  "reasons": [],
  "user_id": null,
  "style": "day",
  "risk_mode": "defensive"
}
