{
  "id": "3486e3af-0f71-4c9f-b2cf-825dfb221c43",
  "ts": "2025-10-19T13:06:51Z",
  "strategy": "go_v1",
  "mode": "offensive",
  "symbol": "ETH/USDT",
  "timeframe": "1h",
  "side": "LONG",
  "entry": 3918.0,
  "stop": 3874.5833619934892,
  "tp": 4009.174939813673,
  "rr": 2.1,
  "prob_win": 71.09760870663095,
  "ev_r": 1.2040258699055597,
  "rsi": 57.82536235543653,
  "atr_pct": 0.009158121238806901,
  "ema_slope": 1.1913384569294863,
  "chop": 48.70838430443985,
  "macd_hist": 3.0542336576269626,
  "bb_width_pct": 0.019447955186334992,
  "fvg": {
    "bull": false,
    "bear": false,
    "size": 0.0
  },
  "stake_usdt": 400.0,
  "pos_size": 0.10209290454313426,
  "risk_usdt": 25.0,
  "risk_pct": 0.25,
  "score": 0.65,
  "reasons": [],
  "user_id": null,
  "style": "day",
  "risk_mode": "defensive"
}
