{
  "id": "34a78a82-8f09-4fa1-89fb-3b4c0d72d84a",
  "ts": "2025-10-19T13:03:27Z",
  "strategy": "go_v1",
  "mode": "offensive",
  "symbol": "BTC/USDT",
  "timeframe": "1h",
  "side": "LONG",
  "entry": 107476.8,
  "stop": 106799.27881201972,
  "tp": 108899.5944947586,
  "rr": 2.1,
  "prob_win": 70.28709038017284,
  "ev_r": 1.1788998017853582,
  "rsi": 55.123634600576146,
  "atr_pct": 0.005209820780851363,
  "ema_slope": 10.929147167528482,
  "chop": 50.05934531924557,
  "macd_hist": 83.84436211334533,
  "bb_width_pct": 0.013328570744773102,
  "fvg": {
    "bull": false,
    "bear": false,
    "size": 0.0
  },
  "stake_usdt": 400.0,
  "pos_size": 0.0037217334345644826,
  "risk_usdt": 25.0,
  "risk_pct": 0.25,
  "score": 0.65,
  "reasons": [],
  "user_id": null,
  "style": "day",
  "risk_mode": "defensive"
}
