{
  "id": "34bd3f56-0ae2-4c77-bc78-ed43fd48ec2a",
  "ts": "2025-10-19T11:45:06Z",
  "strategy": "go_v1",
  "mode": "offensive",
  "symbol": "ETH/USDT",
  "timeframe": "1h",
  "side": "LONG",
  "entry": 3921.89,
  "stop": 3874.976740867871,
  "tp": 4020.4078441774705,
  "rr": 2.1,
  "prob_win": 71.09232018104889,
  "ev_r": 1.2038619256125154,
  "rsi": 57.807733936829614,
  "atr_pct": 0.009885868430514267,
  "ema_slope": 1.080908589345872,
  "chop": 47.634297616091466,
  "macd_hist": 3.0853227002635375,
  "bb_width_pct": 0.018236079041038473,
  "fvg": {
    "bull": false,
    "bear": false,
    "size": 0.0
  },
  "stake_usdt": 400.0,
  "pos_size": 0.10199164178495572,
  "risk_usdt": 25.0,
  "risk_pct": 0.25,
  "score": 0.65,
  "reasons": [],
  "user_id": null,
  "style": "day",
  "risk_mode": "defensive"
}
