{
  "id": "34cc3a60-177c-4fb2-8408-e4d05dd0b019",
  "ts": "2025-10-19T12:46:32Z",
  "strategy": "go_v1",
  "mode": "offensive",
  "symbol": "SOL/USDT",
  "timeframe": "1h",
  "side": "LONG",
  "entry": 188.49,
  "stop": 186.00329327582241,
  "tp": 193.71208412077294,
  "rr": 2.1,
  "prob_win": 70.33400000000003,
  "ev_r": 1.180354000000001,
  "rsi": 55.28000000000009,
  "atr_pct": 0.01090312230947907,
  "ema_slope": 0.07208413068515851,
  "chop": 52.897202143352764,
  "macd_hist": 0.22343875370071115,
  "bb_width_pct": 0.025524795407959405,
  "fvg": {
    "bull": false,
    "bear": false,
    "size": 0.0
  },
  "stake_usdt": 400.0,
  "pos_size": 2.1221284948803647,
  "risk_usdt": 25.0,
  "risk_pct": 0.25,
  "score": 0.65,
  "reasons": [],
  "user_id": null,
  "style": "day",
  "risk_mode": "defensive"
}
