{
  "id": "34da8e48-6841-4031-bcd2-41ec3c7ecaf3",
  "ts": "2025-10-18T17:42:25Z",
  "strategy": "go_v1",
  "mode": "offensive",
  "symbol": "ADA/USDT",
  "timeframe": "1h",
  "side": "LONG",
  "entry": 0.6327,
  "stop": 0.6238691923774314,
  "tp": 0.6512446960073943,
  "rr": 2.1,
  "prob_win": 69.14682539682539,
  "ev_r": 1.1435515873015873,
  "rsi": 51.32275132275132,
  "atr_pct": 0.011534989912794925,
  "ema_slope": 0.00022116690434783017,
  "chop": 63.386965378843044,
  "macd_hist": 0.0003725262202478413,
  "bb_width_pct": 0.0214161194814957,
  "fvg": {
    "bull": false,
    "bear": false,
    "size": 0.0
  },
  "stake_usdt": 400.0,
  "pos_size": 632.211158526948,
  "risk_usdt": 25.0,
  "risk_pct": 0.25,
  "score": 0.65,
  "reasons": [],
  "user_id": null,
  "style": "day",
  "risk_mode": "defensive"
}
