{
  "id": "35c558d9-6dc2-4a39-a8cd-4ce4f4f45091",
  "ts": "2025-10-19T12:16:00Z",
  "strategy": "go_v1",
  "mode": "offensive",
  "symbol": "ETH/USDT",
  "timeframe": "1h",
  "side": "LONG",
  "entry": 3916.43,
  "stop": 3870.983545179083,
  "tp": 4011.8675551239244,
  "rr": 2.1,
  "prob_win": 71.15053312271692,
  "ev_r": 1.2056665268042246,
  "rsi": 58.00177707572306,
  "atr_pct": 0.009590125081006255,
  "ema_slope": 1.1143543918202525,
  "chop": 48.34902644136855,
  "macd_hist": 3.05877138790256,
  "bb_width_pct": 0.01821949021077314,
  "fvg": {
    "bull": false,
    "bear": false,
    "size": 0.0
  },
  "stake_usdt": 400.0,
  "pos_size": 0.10213383106553674,
  "risk_usdt": 25.0,
  "risk_pct": 0.25,
  "score": 0.65,
  "reasons": [],
  "user_id": null,
  "style": "day",
  "risk_mode": "defensive"
}
