{
  "id": "35d6c850-3263-49f6-ace8-a68bc7664db7",
  "ts": "2025-10-19T13:32:36Z",
  "strategy": "go_v1",
  "mode": "offensive",
  "symbol": "BTC/USDT",
  "timeframe": "1h",
  "side": "LONG",
  "entry": 107489.0,
  "stop": 106797.26131201972,
  "tp": 108941.65124475858,
  "rr": 2.1,
  "prob_win": 70.3448312870267,
  "ev_r": 1.1806897698978278,
  "rsi": 55.316104290088994,
  "atr_pct": 0.005318542977415418,
  "ema_slope": 10.945745806989812,
  "chop": 50.82202516390779,
  "macd_hist": 84.62293761192113,
  "bb_width_pct": 0.013354454766282161,
  "fvg": {
    "bull": false,
    "bear": false,
    "size": 0.0
  },
  "stake_usdt": 400.0,
  "pos_size": 0.0037213110178715963,
  "risk_usdt": 25.0,
  "risk_pct": 0.25,
  "score": 0.65,
  "reasons": [],
  "user_id": null,
  "style": "day",
  "risk_mode": "defensive"
}
