{
  "id": "3606af83-c705-4f26-8e1f-df5fb498cb4c",
  "ts": "2025-10-19T12:38:26Z",
  "strategy": "go_v1",
  "mode": "offensive",
  "symbol": "SOL/USDT",
  "timeframe": "1h",
  "side": "LONG",
  "entry": 188.9,
  "stop": 186.4132932758224,
  "tp": 194.12208412077294,
  "rr": 2.1,
  "prob_win": 70.8964019851117,
  "ev_r": 1.1977884615384624,
  "rsi": 57.154673283705634,
  "atr_pct": 0.010879457512513024,
  "ema_slope": 0.07264195381441413,
  "chop": 52.897202143352764,
  "macd_hist": 0.24960399586596815,
  "bb_width_pct": 0.026273987452968352,
  "fvg": {
    "bull": false,
    "bear": false,
    "size": 0.0
  },
  "stake_usdt": 400.0,
  "pos_size": 2.117522498676548,
  "risk_usdt": 25.0,
  "risk_pct": 0.25,
  "score": 0.65,
  "reasons": [],
  "user_id": null,
  "style": "day",
  "risk_mode": "defensive"
}
