{
  "id": "369b178d-9707-48e0-a29d-f2166029a940",
  "ts": "2025-10-19T12:58:42Z",
  "strategy": "go_v1",
  "mode": "offensive",
  "symbol": "SOL/USDT",
  "timeframe": "1h",
  "side": "LONG",
  "entry": 188.76,
  "stop": 186.2732932758224,
  "tp": 193.98208412077292,
  "rr": 2.1,
  "prob_win": 70.70012264922323,
  "ev_r": 1.19170380212592,
  "rsi": 56.50040883074409,
  "atr_pct": 0.01088752661641084,
  "ema_slope": 0.07245147762393853,
  "chop": 52.897202143352764,
  "macd_hist": 0.2406695229314752,
  "bb_width_pct": 0.026004774483585527,
  "fvg": {
    "bull": false,
    "bear": false,
    "size": 0.0
  },
  "stake_usdt": 400.0,
  "pos_size": 2.1190930281839373,
  "risk_usdt": 25.0,
  "risk_pct": 0.25,
  "score": 0.65,
  "reasons": [],
  "user_id": null,
  "style": "day",
  "risk_mode": "defensive"
}
