{
  "id": "36b55e34-ac48-4371-85b4-11763739a96b",
  "ts": "2025-10-19T12:44:09Z",
  "strategy": "go_v1",
  "mode": "offensive",
  "symbol": "SOL/USDT",
  "timeframe": "1h",
  "side": "LONG",
  "entry": 188.64,
  "stop": 186.1532932758224,
  "tp": 193.86208412077292,
  "rr": 2.1,
  "prob_win": 70.53542510121457,
  "ev_r": 1.186598178137652,
  "rsi": 55.95141700404859,
  "atr_pct": 0.010894452523927642,
  "ema_slope": 0.07228821231782283,
  "chop": 52.897202143352764,
  "macd_hist": 0.23301140327335784,
  "bb_width_pct": 0.02578495497472326,
  "fvg": {
    "bull": false,
    "bear": false,
    "size": 0.0
  },
  "stake_usdt": 400.0,
  "pos_size": 2.1204410517387617,
  "risk_usdt": 25.0,
  "risk_pct": 0.25,
  "score": 0.65,
  "reasons": [],
  "user_id": null,
  "style": "day",
  "risk_mode": "defensive"
}
