{
  "id": "376b7c84-9a40-4f3a-9821-42009f407602",
  "ts": "2025-10-18T17:37:24Z",
  "strategy": "go_v1",
  "mode": "offensive",
  "symbol": "BNB/USDT",
  "timeframe": "1h",
  "side": "LONG",
  "entry": 1093.3,
  "stop": 1075.9437723680408,
  "tp": 1129.5062520456795,
  "rr": 2.086066904251171,
  "prob_win": 71.86807423345884,
  "ev_r": 1.217896853641437,
  "rsi": 52.06024744486281,
  "atr_pct": 0.013119902843207347,
  "ema_slope": 0.713411820067576,
  "chop": 48.85982632166823,
  "macd_hist": 0.2856618844571376,
  "bb_width_pct": 0.0439330957488291,
  "fvg": {
    "bull": false,
    "bear": false,
    "size": 0.0
  },
  "stake_usdt": 400.0,
  "pos_size": 0.3658648129516144,
  "risk_usdt": 25.0,
  "risk_pct": 0.25,
  "score": 0.85,
  "reasons": [],
  "user_id": null,
  "style": "day",
  "risk_mode": "defensive"
}
