{
  "id": "37950ca2-1822-490e-b2fa-b001c414ce8e",
  "ts": "2025-10-18T19:15:51Z",
  "strategy": "go_v1",
  "mode": "neutral",
  "symbol": "BTC/USDT",
  "timeframe": "1h",
  "side": "LONG",
  "entry": 106831.2,
  "stop": 106251.6348094628,
  "tp": 107874.41734296698,
  "rr": 1.8,
  "prob_win": 68.12287717760492,
  "ev_r": 0.9074405609729379,
  "rsi": 52.0762572586831,
  "atr_pct": 0.004931868648324773,
  "ema_slope": 3.792673954726162,
  "chop": 62.36320593488981,
  "macd_hist": 32.88468026947129,
  "bb_width_pct": 0.006757493750748557,
  "fvg": {
    "bull": false,
    "bear": false,
    "size": 0.0
  },
  "stake_usdt": 400.0,
  "pos_size": 0.0037442245336568344,
  "risk_usdt": 25.0,
  "risk_pct": 0.25,
  "score": 0.65,
  "reasons": [],
  "user_id": null,
  "style": "day",
  "risk_mode": "defensive"
}
