{
  "id": "37e7e90c-93e0-4f78-9322-d0fc9df29e70",
  "ts": "2025-10-19T12:17:44Z",
  "strategy": "go_v1",
  "mode": "offensive",
  "symbol": "SOL/USDT",
  "timeframe": "1h",
  "side": "LONG",
  "entry": 188.2,
  "stop": 185.7132932758224,
  "tp": 193.42208412077295,
  "rr": 2.1,
  "prob_win": 69.95797498045349,
  "ev_r": 1.168697224394058,
  "rsi": 54.026583268178264,
  "atr_pct": 0.010919923082432042,
  "ema_slope": 0.07168957286203609,
  "chop": 52.897202143352764,
  "macd_hist": 0.2049316311935715,
  "bb_width_pct": 0.0250696350291289,
  "fvg": {
    "bull": false,
    "bear": false,
    "size": 0.0
  },
  "stake_usdt": 400.0,
  "pos_size": 2.1253985122210417,
  "risk_usdt": 25.0,
  "risk_pct": 0.25,
  "score": 0.65,
  "reasons": [],
  "user_id": null,
  "style": "day",
  "risk_mode": "defensive"
}
