{
  "id": "380aa427-fa85-41c2-996c-a192bb3e19be",
  "ts": "2025-10-19T13:00:29Z",
  "strategy": "go_v1",
  "mode": "offensive",
  "symbol": "ADA/USDT",
  "timeframe": "1h",
  "side": "LONG",
  "entry": 0.6408,
  "stop": 0.6324560735332669,
  "tp": 0.6583222455801395,
  "rr": 2.1,
  "prob_win": 71.04729729729729,
  "ev_r": 1.2024662162162159,
  "rsi": 57.65765765765763,
  "atr_pct": 0.010761246874687963,
  "ema_slope": 5.87892680100492e-05,
  "chop": 48.76651012752535,
  "macd_hist": 0.0011571337953154314,
  "bb_width_pct": 0.0295802334725266,
  "fvg": {
    "bull": false,
    "bear": false,
    "size": 0.0
  },
  "stake_usdt": 400.0,
  "pos_size": 624.2197253433208,
  "risk_usdt": 25.0,
  "risk_pct": 0.25,
  "score": 0.65,
  "reasons": [],
  "user_id": null,
  "style": "day",
  "risk_mode": "defensive"
}
