{
  "id": "3825f3e3-acbb-4a33-8f3f-5296cea984d1",
  "ts": "2025-10-19T12:51:38Z",
  "strategy": "go_v1",
  "mode": "offensive",
  "symbol": "ADA/USDT",
  "timeframe": "1h",
  "side": "LONG",
  "entry": 0.6393,
  "stop": 0.6303514637688421,
  "tp": 0.6580919260854315,
  "rr": 2.1,
  "prob_win": 70.70931477516058,
  "ev_r": 1.1919887580299782,
  "rsi": 56.53104925053527,
  "atr_pct": 0.011568097119599961,
  "ema_slope": 3.264640804031945e-05,
  "chop": 49.482547391257114,
  "macd_hist": 0.0010624133546515708,
  "bb_width_pct": 0.027501784655111296,
  "fvg": {
    "bull": false,
    "bear": false,
    "size": 0.0
  },
  "stake_usdt": 400.0,
  "pos_size": 625.6843422493353,
  "risk_usdt": 25.0,
  "risk_pct": 0.25,
  "score": 0.65,
  "reasons": [],
  "user_id": null,
  "style": "day",
  "risk_mode": "defensive"
}
