{
  "id": "38955f4f-b0a7-4085-957e-d3072f8e3dae",
  "ts": "2025-10-18T18:02:15Z",
  "strategy": "go_v1",
  "mode": "offensive",
  "symbol": "SOL/USDT",
  "timeframe": "1h",
  "side": "LONG",
  "entry": 186.1,
  "stop": 183.5692353247253,
  "tp": 191.41460581807686,
  "rr": 2.1,
  "prob_win": 66.70121334681491,
  "ev_r": 1.0677376137512624,
  "rsi": 64.00404448938306,
  "atr_pct": 0.011238802009382275,
  "ema_slope": 0.11889868327694826,
  "chop": 59.62193045062276,
  "macd_hist": 0.08205660335861542,
  "bb_width_pct": 0.026049341559847176,
  "fvg": {
    "bull": true,
    "bear": false,
    "size": 0.0016175122661347462
  },
  "stake_usdt": 400.0,
  "pos_size": 2.14938205265986,
  "risk_usdt": 25.0,
  "risk_pct": 0.25,
  "score": 0.35,
  "reasons": [],
  "user_id": null,
  "style": "day",
  "risk_mode": "defensive"
}
