{
  "id": "38b46796-101f-44ce-85db-5e031b760274",
  "ts": "2025-10-18T19:56:01Z",
  "strategy": "go_v1",
  "mode": "offensive",
  "symbol": "SOL/USDT",
  "timeframe": "1h",
  "side": "LONG",
  "entry": 186.1,
  "stop": 183.63351086147017,
  "tp": 191.27962719091263,
  "rr": 2.1,
  "prob_win": 71.49694783573806,
  "ev_r": 1.2164053829078798,
  "rsi": 59.15649278579351,
  "atr_pct": 0.010953362577348098,
  "ema_slope": 0.11643538142036282,
  "chop": 59.60615184611875,
  "macd_hist": 0.0815111432956323,
  "bb_width_pct": 0.02151655691172178,
  "fvg": {
    "bull": false,
    "bear": false,
    "size": 0.0
  },
  "stake_usdt": 400.0,
  "pos_size": 2.14938205265986,
  "risk_usdt": 25.0,
  "risk_pct": 0.25,
  "score": 0.65,
  "reasons": [],
  "user_id": null,
  "style": "day",
  "risk_mode": "defensive"
}
