{
  "id": "3969f431-f678-4e05-b689-df4fb0935ede",
  "ts": "2025-10-19T12:35:52Z",
  "strategy": "go_v1",
  "mode": "offensive",
  "symbol": "ETH/USDT",
  "timeframe": "1h",
  "side": "LONG",
  "entry": 3914.03,
  "stop": 3867.994966607655,
  "tp": 4010.703570123925,
  "rr": 2.1,
  "prob_win": 70.94679968777442,
  "ev_r": 1.199350790321007,
  "rsi": 57.322665625914716,
  "atr_pct": 0.009720283733756229,
  "ema_slope": 1.1110890856979037,
  "chop": 48.82625626730335,
  "macd_hist": 2.905608994740213,
  "bb_width_pct": 0.018055470038027533,
  "fvg": {
    "bull": false,
    "bear": false,
    "size": 0.0
  },
  "stake_usdt": 400.0,
  "pos_size": 0.10219645735980562,
  "risk_usdt": 25.0,
  "risk_pct": 0.25,
  "score": 0.65,
  "reasons": [],
  "user_id": null,
  "style": "day",
  "risk_mode": "defensive"
}
