{
  "id": "396c32e3-9c6f-45d5-983d-1ea7b5dbe48f",
  "ts": "2025-10-19T12:08:46Z",
  "strategy": "go_v1",
  "mode": "offensive",
  "symbol": "ADA/USDT",
  "timeframe": "1h",
  "side": "LONG",
  "entry": 0.6413,
  "stop": 0.6326539637688421,
  "tp": 0.6594566760854316,
  "rr": 2.1,
  "prob_win": 71.46812080536911,
  "ev_r": 1.2155117449664423,
  "rsi": 59.06040268456368,
  "atr_pct": 0.011142186946141056,
  "ema_slope": 3.5367496475749735e-05,
  "chop": 48.15285593599851,
  "macd_hist": 0.001190048682286949,
  "bb_width_pct": 0.02840394668805088,
  "fvg": {
    "bull": false,
    "bear": false,
    "size": 0.0
  },
  "stake_usdt": 400.0,
  "pos_size": 623.7330422579137,
  "risk_usdt": 25.0,
  "risk_pct": 0.25,
  "score": 0.65,
  "reasons": [],
  "user_id": null,
  "style": "day",
  "risk_mode": "defensive"
}
