{
  "id": "3a038b2e-bfe8-4774-9f6d-4d6480a86e80",
  "ts": "2025-10-18T19:50:57Z",
  "strategy": "go_v1",
  "mode": "offensive",
  "symbol": "ETH/USDT",
  "timeframe": "1h",
  "side": "LONG",
  "entry": 3891.43,
  "stop": 3852.71291465534,
  "tp": 3972.735879223786,
  "rr": 2.1,
  "prob_win": 65.5192498663204,
  "ev_r": 1.0310967458559324,
  "rsi": 60.064166221067985,
  "atr_pct": 0.008222579153147816,
  "ema_slope": 1.9715157438951887,
  "chop": 58.29065516788576,
  "macd_hist": 2.1963372665940906,
  "bb_width_pct": 0.015128239538932772,
  "fvg": {
    "bull": false,
    "bear": false,
    "size": 0.0
  },
  "stake_usdt": 400.0,
  "pos_size": 0.10278997694934768,
  "risk_usdt": 25.0,
  "risk_pct": 0.25,
  "score": 0.35,
  "reasons": [],
  "user_id": null,
  "style": "day",
  "risk_mode": "defensive"
}
