{
  "id": "3a27467f-bc63-4f94-aed9-302093a735c8",
  "ts": "2025-10-18T19:06:06Z",
  "strategy": "go_v1",
  "mode": "offensive",
  "symbol": "SOL/USDT",
  "timeframe": "1h",
  "side": "LONG",
  "entry": 185.93,
  "stop": 183.50845371861305,
  "tp": 191.01524719091265,
  "rr": 2.1,
  "prob_win": 71.26131221719459,
  "ev_r": 1.209100678733032,
  "rsi": 58.37104072398192,
  "atr_pct": 0.010763609522409633,
  "ema_slope": 0.11620408890337361,
  "chop": 58.77647636629379,
  "macd_hist": 0.07066214044663272,
  "bb_width_pct": 0.02134859326432246,
  "fvg": {
    "bull": false,
    "bear": false,
    "size": 0.0
  },
  "stake_usdt": 400.0,
  "pos_size": 2.151347281234873,
  "risk_usdt": 25.0,
  "risk_pct": 0.25,
  "score": 0.65,
  "reasons": [],
  "user_id": null,
  "style": "day",
  "risk_mode": "defensive"
}
