{
  "id": "3a2eb04e-17b8-4f8e-aa1a-499c3aa344d2",
  "ts": "2025-10-19T13:43:33Z",
  "strategy": "go_v1",
  "mode": "offensive",
  "symbol": "BNB/USDT",
  "timeframe": "1h",
  "side": "SHORT",
  "entry": 1102.1,
  "stop": 1117.7241535313294,
  "tp": 1069.2892775842076,
  "rr": 2.1,
  "prob_win": 65.31069364161851,
  "ev_r": 1.0246315028901738,
  "rsi": 57.29768786127163,
  "atr_pct": 0.011716290336277349,
  "ema_slope": -0.2743022721606356,
  "chop": 54.853141052621304,
  "macd_hist": 1.7503365187898616,
  "bb_width_pct": 0.026863154096332605,
  "fvg": {
    "bull": false,
    "bear": false,
    "size": 0.0
  },
  "stake_usdt": 400.0,
  "pos_size": 0.36294347155430545,
  "risk_usdt": 25.0,
  "risk_pct": 0.25,
  "score": 0.55,
  "reasons": [],
  "user_id": null,
  "style": "day",
  "risk_mode": "defensive"
}
