{
  "id": "3b75d707-4fd2-4a1b-a48a-305b563f7051",
  "ts": "2025-10-19T12:21:57Z",
  "strategy": "go_v1",
  "mode": "offensive",
  "symbol": "SOL/USDT",
  "timeframe": "1h",
  "side": "LONG",
  "entry": 188.31,
  "stop": 185.8232932758224,
  "tp": 193.53208412077294,
  "rr": 2.1,
  "prob_win": 70.09858044164041,
  "ev_r": 1.1730559936908524,
  "rsi": 54.49526813880133,
  "atr_pct": 0.010913544283966386,
  "ema_slope": 0.07183923272598058,
  "chop": 52.897202143352764,
  "macd_hist": 0.2119515742135351,
  "bb_width_pct": 0.025234704010528467,
  "fvg": {
    "bull": false,
    "bear": false,
    "size": 0.0
  },
  "stake_usdt": 400.0,
  "pos_size": 2.124156975200467,
  "risk_usdt": 25.0,
  "risk_pct": 0.25,
  "score": 0.65,
  "reasons": [],
  "user_id": null,
  "style": "day",
  "risk_mode": "defensive"
}
