{
  "id": "3b78c9c8-0f8f-40eb-b894-d5944be29ff5",
  "ts": "2025-10-19T12:07:38Z",
  "strategy": "go_v1",
  "mode": "offensive",
  "symbol": "BTC/USDT",
  "timeframe": "1h",
  "side": "LONG",
  "entry": 107781.0,
  "stop": 107089.12442918202,
  "tp": 109233.93869871777,
  "rr": 2.1,
  "prob_win": 65.71170165252347,
  "ev_r": 1.0370627512282276,
  "rsi": 60.70567217507825,
  "atr_pct": 0.005305183589051491,
  "ema_slope": 9.25459491061985,
  "chop": 48.924130822025056,
  "macd_hist": 105.82918772621915,
  "bb_width_pct": 0.01361302123425858,
  "fvg": {
    "bull": false,
    "bear": false,
    "size": 0.0
  },
  "stake_usdt": 400.0,
  "pos_size": 0.0037112292519089637,
  "risk_usdt": 25.0,
  "risk_pct": 0.25,
  "score": 0.35,
  "reasons": [],
  "user_id": null,
  "style": "day",
  "risk_mode": "defensive"
}
