{
  "id": "3be74ee0-6122-4fd7-b66b-df6a1e524337",
  "ts": "2025-10-19T11:50:32Z",
  "strategy": "go_v1",
  "mode": "offensive",
  "symbol": "ADA/USDT",
  "timeframe": "1h",
  "side": "LONG",
  "entry": 0.6411,
  "stop": 0.6319936532604362,
  "tp": 0.6602233281530839,
  "rr": 2.1,
  "prob_win": 70.85583153347729,
  "ev_r": 1.196530777537796,
  "rsi": 57.01943844492428,
  "atr_pct": 0.011739052248219814,
  "ema_slope": 2.099703702464795e-05,
  "chop": 48.690344638224815,
  "macd_hist": 0.000990293926190292,
  "bb_width_pct": 0.026298294385049728,
  "fvg": {
    "bull": true,
    "bear": false,
    "size": 0.00046853037638601745
  },
  "stake_usdt": 400.0,
  "pos_size": 623.9276243955701,
  "risk_usdt": 25.0,
  "risk_pct": 0.25,
  "score": 0.65,
  "reasons": [],
  "user_id": null,
  "style": "day",
  "risk_mode": "defensive"
}
