{
  "id": "3c2862d5-2a47-42fb-8fc7-fd01348050b0",
  "ts": "2025-10-19T13:15:42Z",
  "strategy": "go_v1",
  "mode": "offensive",
  "symbol": "ETH/USDT",
  "timeframe": "1h",
  "side": "LONG",
  "entry": 3916.5,
  "stop": 3872.690976279203,
  "tp": 4008.4989498136733,
  "rr": 2.1,
  "prob_win": 70.9671820961355,
  "ev_r": 1.1999826449802007,
  "rsi": 57.390606987118375,
  "atr_pct": 0.009244428629626236,
  "ema_slope": 1.1892976406027556,
  "chop": 49.024207623962376,
  "macd_hist": 2.958507161900041,
  "bb_width_pct": 0.01935026943166624,
  "fvg": {
    "bull": false,
    "bear": false,
    "size": 0.0
  },
  "stake_usdt": 400.0,
  "pos_size": 0.10213200561726031,
  "risk_usdt": 25.0,
  "risk_pct": 0.25,
  "score": 0.65,
  "reasons": [],
  "user_id": null,
  "style": "day",
  "risk_mode": "defensive"
}
