{
  "id": "3ca1d291-b35b-4fd8-bd6b-5ae5929e1ff7",
  "ts": "2025-10-19T13:01:19Z",
  "strategy": "go_v1",
  "mode": "offensive",
  "symbol": "ADA/USDT",
  "timeframe": "1h",
  "side": "LONG",
  "entry": 0.6413,
  "stop": 0.6329215021046956,
  "tp": 0.6588948455801394,
  "rr": 2.1,
  "prob_win": 71.19966442953017,
  "ev_r": 1.2071895973154354,
  "rsi": 58.165548098433916,
  "atr_pct": 0.010797409053284704,
  "ema_slope": 5.946954011888968e-05,
  "chop": 48.91838334954905,
  "macd_hist": 0.0011890426272242538,
  "bb_width_pct": 0.02980839395756126,
  "fvg": {
    "bull": false,
    "bear": false,
    "size": 0.0
  },
  "stake_usdt": 400.0,
  "pos_size": 623.7330422579137,
  "risk_usdt": 25.0,
  "risk_pct": 0.25,
  "score": 0.65,
  "reasons": [],
  "user_id": null,
  "style": "day",
  "risk_mode": "defensive"
}
