{
  "id": "3cc26da0-0229-47fa-9f81-a6a378102879",
  "ts": "2025-10-19T12:23:38Z",
  "strategy": "go_v1",
  "mode": "offensive",
  "symbol": "BTC/USDT",
  "timeframe": "1h",
  "side": "LONG",
  "entry": 107525.8,
  "stop": 106815.16078632486,
  "tp": 109018.14234871778,
  "rr": 2.1,
  "prob_win": 70.73084203934074,
  "ev_r": 1.1926561032195633,
  "rsi": 56.602806797802494,
  "atr_pct": 0.0054619927056455495,
  "ema_slope": 8.9073840262612,
  "chop": 49.957580627382484,
  "macd_hist": 89.54291991994386,
  "bb_width_pct": 0.012794214160546609,
  "fvg": {
    "bull": false,
    "bear": false,
    "size": 0.0
  },
  "stake_usdt": 400.0,
  "pos_size": 0.003720037423576481,
  "risk_usdt": 25.0,
  "risk_pct": 0.25,
  "score": 0.65,
  "reasons": [],
  "user_id": null,
  "style": "day",
  "risk_mode": "defensive"
}
