{
  "id": "3cfa1cd8-64ee-48db-887b-6aed58f1669e",
  "ts": "2025-10-19T13:21:30Z",
  "strategy": "go_v1",
  "mode": "offensive",
  "symbol": "BNB/USDT",
  "timeframe": "1h",
  "side": "SHORT",
  "entry": 1092.37,
  "stop": 1107.6000392456153,
  "tp": 1060.3869175842078,
  "rr": 2.1,
  "prob_win": 67.41865748204606,
  "ev_r": 1.0899783819434277,
  "rsi": 50.27114172651319,
  "atr_pct": 0.011522478000949282,
  "ema_slope": -0.28754036739871214,
  "chop": 53.87205535803666,
  "macd_hist": 1.129390649843861,
  "bb_width_pct": 0.02540171069148051,
  "fvg": {
    "bull": false,
    "bear": false,
    "size": 0.0
  },
  "stake_usdt": 400.0,
  "pos_size": 0.3661762955775058,
  "risk_usdt": 25.0,
  "risk_pct": 0.25,
  "score": 0.55,
  "reasons": [],
  "user_id": null,
  "style": "day",
  "risk_mode": "defensive"
}
