{
  "id": "3d25125f-4ed0-4494-8374-873b80ff6c61",
  "ts": "2025-10-19T12:02:00Z",
  "strategy": "go_v1",
  "mode": "offensive",
  "symbol": "ETH/USDT",
  "timeframe": "1h",
  "side": "LONG",
  "entry": 3923.56,
  "stop": 3878.9207880362264,
  "tp": 4017.3023451239246,
  "rr": 2.1,
  "prob_win": 71.74364182267747,
  "ev_r": 1.2240528965030018,
  "rsi": 59.97880607559157,
  "atr_pct": 0.009402662559986974,
  "ema_slope": 1.124055072092416,
  "chop": 47.68456887930396,
  "macd_hist": 3.513791330922503,
  "bb_width_pct": 0.01878910427308763,
  "fvg": {
    "bull": false,
    "bear": false,
    "size": 0.0
  },
  "stake_usdt": 400.0,
  "pos_size": 0.1019482306884564,
  "risk_usdt": 25.0,
  "risk_pct": 0.25,
  "score": 0.65,
  "reasons": [],
  "user_id": null,
  "style": "day",
  "risk_mode": "defensive"
}
