{
  "id": "3d78e737-e601-41e0-a1f4-28d8c930da98",
  "ts": "2025-10-19T13:26:08Z",
  "strategy": "go_v1",
  "mode": "offensive",
  "symbol": "BTC/USDT",
  "timeframe": "1h",
  "side": "LONG",
  "entry": 107403.3,
  "stop": 106711.56131201972,
  "tp": 108855.95124475859,
  "rr": 2.1,
  "prob_win": 69.94755293591822,
  "ev_r": 1.168374141013465,
  "rsi": 53.9918431197274,
  "atr_pct": 0.005322786786806418,
  "ema_slope": 10.829147167528482,
  "chop": 50.82202516390779,
  "macd_hist": 79.15376382274545,
  "bb_width_pct": 0.013187382885489082,
  "fvg": {
    "bull": false,
    "bear": false,
    "size": 0.0
  },
  "stake_usdt": 400.0,
  "pos_size": 0.0037242803526521067,
  "risk_usdt": 25.0,
  "risk_pct": 0.25,
  "score": 0.65,
  "reasons": [],
  "user_id": null,
  "style": "day",
  "risk_mode": "defensive"
}
