{
  "id": "3d7a0d2b-dde3-4a5c-879d-6302dcf5fb8d",
  "ts": "2025-10-18T17:22:14Z",
  "strategy": "go_v1",
  "mode": "offensive",
  "symbol": "ETH/USDT",
  "timeframe": "1h",
  "side": "LONG",
  "entry": 3871.99,
  "stop": 3831.8677756904076,
  "tp": 3956.246671050143,
  "rr": 2.1,
  "prob_win": 69.04759140070331,
  "ev_r": 1.1404753334218027,
  "rsi": 50.991971335677725,
  "atr_pct": 0.008563778074266363,
  "ema_slope": 1.9706586779686237,
  "chop": 55.45410599805752,
  "macd_hist": 0.6470751000008299,
  "bb_width_pct": 0.015701149780661814,
  "fvg": {
    "bull": false,
    "bear": false,
    "size": 0.0
  },
  "stake_usdt": 400.0,
  "pos_size": 0.103306051926787,
  "risk_usdt": 25.0,
  "risk_pct": 0.25,
  "score": 0.65,
  "reasons": [],
  "user_id": null,
  "style": "day",
  "risk_mode": "defensive"
}
