{
  "id": "3d806881-e426-481f-9607-3ce36ae9c79b",
  "ts": "2025-10-19T13:25:24Z",
  "strategy": "go_v1",
  "mode": "offensive",
  "symbol": "ETH/USDT",
  "timeframe": "1h",
  "side": "LONG",
  "entry": 3917.95,
  "stop": 3874.140976279203,
  "tp": 4009.948949813673,
  "rr": 2.1,
  "prob_win": 71.09322932444711,
  "ev_r": 1.2038901090578602,
  "rsi": 57.81076441482367,
  "atr_pct": 0.009241007345150182,
  "ema_slope": 1.1912704297185952,
  "chop": 49.024207623962376,
  "macd_hist": 3.0510427744361266,
  "bb_width_pct": 0.01944461354726498,
  "fvg": {
    "bull": false,
    "bear": false,
    "size": 0.0
  },
  "stake_usdt": 400.0,
  "pos_size": 0.10209420742990595,
  "risk_usdt": 25.0,
  "risk_pct": 0.25,
  "score": 0.65,
  "reasons": [],
  "user_id": null,
  "style": "day",
  "risk_mode": "defensive"
}
