{
  "id": "3d9ec57b-fa8e-4ca5-ac04-d81ddbd79120",
  "ts": "2025-10-18T18:12:32Z",
  "strategy": "go_v1",
  "mode": "offensive",
  "symbol": "ADA/USDT",
  "timeframe": "1h",
  "side": "LONG",
  "entry": 0.6347,
  "stop": 0.6260233725051356,
  "tp": 0.6529209177392152,
  "rr": 2.1,
  "prob_win": 66.50826446280996,
  "ev_r": 1.0617561983471089,
  "rsi": 63.360881542699865,
  "atr_pct": 0.011297883290816641,
  "ema_slope": 0.00023808303264788154,
  "chop": 62.722559376943856,
  "macd_hist": 0.000602304846126524,
  "bb_width_pct": 0.02268437427891216,
  "fvg": {
    "bull": true,
    "bear": false,
    "size": 0.0022123893805309053
  },
  "stake_usdt": 400.0,
  "pos_size": 630.2190011028832,
  "risk_usdt": 25.0,
  "risk_pct": 0.25,
  "score": 0.35,
  "reasons": [],
  "user_id": null,
  "style": "day",
  "risk_mode": "defensive"
}
