{
  "id": "3de56669-66fc-4a1c-94a9-a43a03818742",
  "ts": "2025-10-19T12:47:28Z",
  "strategy": "go_v1",
  "mode": "offensive",
  "symbol": "BNB/USDT",
  "timeframe": "1h",
  "side": "SHORT",
  "entry": 1094.88,
  "stop": 1110.6616885120022,
  "tp": 1061.7384541247957,
  "rr": 2.1,
  "prob_win": 66.91381399575883,
  "ev_r": 1.0743282338685236,
  "rsi": 51.95395334747058,
  "atr_pct": 0.011912463264023617,
  "ema_slope": -0.3047168519195253,
  "chop": 53.449040443038896,
  "macd_hist": 1.2595564396696315,
  "bb_width_pct": 0.025474450214239715,
  "fvg": {
    "bull": false,
    "bear": false,
    "size": 0.0
  },
  "stake_usdt": 400.0,
  "pos_size": 0.3653368405670027,
  "risk_usdt": 25.0,
  "risk_pct": 0.25,
  "score": 0.55,
  "reasons": [],
  "user_id": null,
  "style": "day",
  "risk_mode": "defensive"
}
