{
  "id": "3e0cd434-bdbb-45a5-95d0-e1d6e30cd69c",
  "ts": "2025-10-18T19:31:03Z",
  "strategy": "go_v1",
  "mode": "offensive",
  "symbol": "SOL/USDT",
  "timeframe": "1h",
  "side": "LONG",
  "entry": 185.84,
  "stop": 183.37351086147018,
  "tp": 191.01962719091262,
  "rr": 2.1,
  "prob_win": 71.13285714285715,
  "ev_r": 1.2051185714285717,
  "rsi": 57.94285714285715,
  "atr_pct": 0.010968686911560917,
  "ema_slope": 0.11608163992377152,
  "chop": 59.60615184611875,
  "macd_hist": 0.0649185507030447,
  "bb_width_pct": 0.02127132668030105,
  "fvg": {
    "bull": false,
    "bear": false,
    "size": 0.0
  },
  "stake_usdt": 400.0,
  "pos_size": 2.152389151958674,
  "risk_usdt": 25.0,
  "risk_pct": 0.25,
  "score": 0.65,
  "reasons": [],
  "user_id": null,
  "style": "day",
  "risk_mode": "defensive"
}
