{
  "id": "3e4a66b5-cf95-4aeb-8062-3953368ed10a",
  "ts": "2025-10-16T18:52:02Z",
  "strategy": "go_v1",
  "symbol": "BTC/USDT",
  "timeframe": "15m",
  "side": "SHORT",
  "entry": 108236.5,
  "stop": 109455.43524937055,
  "tp": 106071.1093779416,
  "rr": 1.7764607457012944,
  "prob_win": 62.910865110028546,
  "ev_r": 1.0571903175513397,
  "rsi": 35.27297161095251,
  "atr_pct": 0.006175122420959977,
  "ema_slope": -127.16789124715149,
  "chop": 53.69801114373721,
  "macd_hist": -17.83050967460008,
  "bb_width_pct": 0.03753925429870535,
  "pass": true,
  "score": 0.584,
  "reasons": [
    "slope_low:-127.167891"
  ],
  "candles": 220,
  "src": "ccxt",
  "adaptive": "1",
  "outcome": null,
  "stake_usdt": 200.0,
  "pos_size": 0.0018478054999930707,
  "risk_usdt": 5.0,
  "risk_pct": 0.5,
  "ai_prob": 0.5
}
