{
  "id": "3e702b0c-190a-4555-85cc-35161a28854c",
  "ts": "2025-10-18T19:01:50Z",
  "strategy": "go_v1",
  "mode": "offensive",
  "symbol": "SOL/USDT",
  "timeframe": "1h",
  "side": "LONG",
  "entry": 185.9,
  "stop": 183.48363943289877,
  "tp": 190.97435719091263,
  "rr": 2.1,
  "prob_win": 71.21878547105563,
  "ev_r": 1.2077823496027245,
  "rsi": 58.22928490351874,
  "atr_pct": 0.010742292653124845,
  "ema_slope": 0.1161632725768425,
  "chop": 58.67956501380377,
  "macd_hist": 0.06874761053210338,
  "bb_width_pct": 0.021321933368398074,
  "fvg": {
    "bull": false,
    "bear": false,
    "size": 0.0
  },
  "stake_usdt": 400.0,
  "pos_size": 2.151694459386767,
  "risk_usdt": 25.0,
  "risk_pct": 0.25,
  "score": 0.65,
  "reasons": [],
  "user_id": null,
  "style": "day",
  "risk_mode": "defensive"
}
