{
  "id": "3efc0fef-bbba-437c-bf97-90ea1050aca9",
  "ts": "2025-10-19T12:21:51Z",
  "strategy": "go_v1",
  "mode": "offensive",
  "symbol": "ETH/USDT",
  "timeframe": "1h",
  "side": "LONG",
  "entry": 3913.02,
  "stop": 3867.360066607655,
  "tp": 4008.905860123925,
  "rr": 2.1,
  "prob_win": 70.86248118840719,
  "ev_r": 1.196736916840623,
  "rsi": 57.04160396135728,
  "atr_pct": 0.009643569964486232,
  "ema_slope": 1.109714936038157,
  "chop": 48.52281405811554,
  "macd_hist": 2.841153154284438,
  "bb_width_pct": 0.01799079575254194,
  "fvg": {
    "bull": false,
    "bear": false,
    "size": 0.0
  },
  "stake_usdt": 400.0,
  "pos_size": 0.10222283555923557,
  "risk_usdt": 25.0,
  "risk_pct": 0.25,
  "score": 0.65,
  "reasons": [],
  "user_id": null,
  "style": "day",
  "risk_mode": "defensive"
}
