{
  "id": "3f5b8164-6b62-440f-a56e-7f413e834ad7",
  "ts": "2025-10-19T12:49:03Z",
  "strategy": "go_v1",
  "mode": "offensive",
  "symbol": "BNB/USDT",
  "timeframe": "1h",
  "side": "SHORT",
  "entry": 1095.77,
  "stop": 1111.551688512002,
  "tp": 1062.6284541247953,
  "rr": 2.1,
  "prob_win": 66.70082911100874,
  "ev_r": 1.067725702441271,
  "rsi": 52.66390296330419,
  "atr_pct": 0.011902787791702802,
  "ema_slope": -0.30350596756576315,
  "chop": 53.449040443038896,
  "macd_hist": 1.31635416046729,
  "bb_width_pct": 0.02556964729128038,
  "fvg": {
    "bull": false,
    "bear": false,
    "size": 0.0
  },
  "stake_usdt": 400.0,
  "pos_size": 0.3650401087819524,
  "risk_usdt": 25.0,
  "risk_pct": 0.25,
  "score": 0.55,
  "reasons": [],
  "user_id": null,
  "style": "day",
  "risk_mode": "defensive"
}
