{
  "id": "3f6be097-09de-4f5f-b81e-958679e6776b",
  "ts": "2025-10-19T12:39:15Z",
  "strategy": "go_v1",
  "mode": "offensive",
  "symbol": "SOL/USDT",
  "timeframe": "1h",
  "side": "LONG",
  "entry": 188.99,
  "stop": 186.50329327582241,
  "tp": 194.21208412077294,
  "rr": 2.1,
  "prob_win": 70.99876441515653,
  "ev_r": 1.2009616968698527,
  "rsi": 57.4958813838551,
  "atr_pct": 0.010874276544334146,
  "ema_slope": 0.07276440279400746,
  "chop": 52.897202143352764,
  "macd_hist": 0.25534758560955617,
  "bb_width_pct": 0.026454121869679045,
  "fvg": {
    "bull": false,
    "bear": false,
    "size": 0.0
  },
  "stake_usdt": 400.0,
  "pos_size": 2.1165141012752,
  "risk_usdt": 25.0,
  "risk_pct": 0.25,
  "score": 0.65,
  "reasons": [],
  "user_id": null,
  "style": "day",
  "risk_mode": "defensive"
}
