{
  "id": "3fb93f65-8a4c-4581-93db-02b659ba562e",
  "ts": "2025-10-19T11:52:46Z",
  "strategy": "go_v1",
  "mode": "offensive",
  "symbol": "ETH/USDT",
  "timeframe": "1h",
  "side": "LONG",
  "entry": 3919.11,
  "stop": 3871.555440867871,
  "tp": 4018.9745741774714,
  "rr": 2.1,
  "prob_win": 70.85832847990682,
  "ev_r": 1.1966081828771116,
  "rsi": 57.027761599689384,
  "atr_pct": 0.010028115704573131,
  "ema_slope": 1.0771262764208074,
  "chop": 48.163809614690564,
  "macd_hist": 2.907909594850395,
  "bb_width_pct": 0.017981237719024733,
  "fvg": {
    "bull": false,
    "bear": false,
    "size": 0.0
  },
  "stake_usdt": 400.0,
  "pos_size": 0.10206398901791477,
  "risk_usdt": 25.0,
  "risk_pct": 0.25,
  "score": 0.65,
  "reasons": [],
  "user_id": null,
  "style": "day",
  "risk_mode": "defensive"
}
