{
  "id": "40708384-8bbf-4421-a430-98a756e5315d",
  "ts": "2025-10-18T20:05:56Z",
  "strategy": "go_v1",
  "mode": "offensive",
  "symbol": "ETH/USDT",
  "timeframe": "1h",
  "side": "LONG",
  "entry": 3890.73,
  "stop": 3854.3480064029727,
  "tp": 3967.132186553757,
  "rr": 2.1,
  "prob_win": 71.12929396865604,
  "ev_r": 1.2050081130283372,
  "rsi": 57.93097989552012,
  "atr_pct": 0.007728051883150034,
  "ema_slope": 1.9252763194968938,
  "chop": 57.19009325234221,
  "macd_hist": 2.0959541238237085,
  "bb_width_pct": 0.013575666198508488,
  "fvg": {
    "bull": false,
    "bear": false,
    "size": 0.0
  },
  "stake_usdt": 400.0,
  "pos_size": 0.10280847038987542,
  "risk_usdt": 25.0,
  "risk_pct": 0.25,
  "score": 0.65,
  "reasons": [],
  "user_id": null,
  "style": "day",
  "risk_mode": "defensive"
}
