{
  "id": "40a79e3d-5684-427d-8370-fc424c7d5f84",
  "ts": "2025-10-19T11:57:48Z",
  "strategy": "go_v1",
  "mode": "offensive",
  "symbol": "ETH/USDT",
  "timeframe": "1h",
  "side": "LONG",
  "entry": 3921.01,
  "stop": 3873.4554408678714,
  "tp": 4020.8745741774715,
  "rr": 2.1,
  "prob_win": 71.01756147741747,
  "ev_r": 1.2015444057999416,
  "rsi": 57.55853825805823,
  "atr_pct": 0.010023256390304948,
  "ema_slope": 1.0797113104343863,
  "chop": 48.163809614690564,
  "macd_hist": 3.02916315610401,
  "bb_width_pct": 0.018153486832392023,
  "fvg": {
    "bull": false,
    "bear": false,
    "size": 0.0
  },
  "stake_usdt": 400.0,
  "pos_size": 0.10201453197007913,
  "risk_usdt": 25.0,
  "risk_pct": 0.25,
  "score": 0.65,
  "reasons": [],
  "user_id": null,
  "style": "day",
  "risk_mode": "defensive"
}
