{
  "id": "40cac402-e89e-4b9b-b379-f6950d212e6a",
  "ts": "2025-10-19T11:56:09Z",
  "strategy": "go_v1",
  "mode": "offensive",
  "symbol": "SOL/USDT",
  "timeframe": "1h",
  "side": "LONG",
  "entry": 188.79,
  "stop": 186.22928505600058,
  "tp": 194.16750138239874,
  "rr": 2.1,
  "prob_win": 70.86850649350647,
  "ev_r": 1.1969237012987008,
  "rsi": 57.06168831168826,
  "atr_pct": 0.01120977457570991,
  "ema_slope": 0.0714942716718984,
  "chop": 52.65273472655626,
  "macd_hist": 0.1857079492301798,
  "bb_width_pct": 0.025958997879935195,
  "fvg": {
    "bull": false,
    "bear": false,
    "size": 0.0
  },
  "stake_usdt": 400.0,
  "pos_size": 2.1187562900577364,
  "risk_usdt": 25.0,
  "risk_pct": 0.25,
  "score": 0.65,
  "reasons": [],
  "user_id": null,
  "style": "day",
  "risk_mode": "defensive"
}
