{
  "id": "40ed1b83-5a4e-49db-b79c-561e03ebf326",
  "ts": "2025-10-19T12:05:31Z",
  "strategy": "go_v1",
  "mode": "offensive",
  "symbol": "ADA/USDT",
  "timeframe": "1h",
  "side": "LONG",
  "entry": 0.6413,
  "stop": 0.6326971780545563,
  "tp": 0.6593659260854315,
  "rr": 2.1,
  "prob_win": 71.46812080536911,
  "ev_r": 1.2155117449664423,
  "rsi": 59.06040268456368,
  "atr_pct": 0.011086496495939463,
  "ema_slope": 3.5367496475749735e-05,
  "chop": 47.95903291406683,
  "macd_hist": 0.001190048682286949,
  "bb_width_pct": 0.02840394668805088,
  "fvg": {
    "bull": false,
    "bear": false,
    "size": 0.0
  },
  "stake_usdt": 400.0,
  "pos_size": 623.7330422579137,
  "risk_usdt": 25.0,
  "risk_pct": 0.25,
  "score": 0.65,
  "reasons": [],
  "user_id": null,
  "style": "day",
  "risk_mode": "defensive"
}
