{
  "id": "41464ae8-5c6d-4a96-b678-044972266b86",
  "ts": "2025-10-19T13:04:31Z",
  "strategy": "go_v1",
  "mode": "offensive",
  "symbol": "BNB/USDT",
  "timeframe": "1h",
  "side": "SHORT",
  "entry": 1097.07,
  "stop": 1111.9646963884725,
  "tp": 1065.7911375842077,
  "rr": 2.1,
  "prob_win": 66.31486676016831,
  "ev_r": 1.0557608695652176,
  "rsi": 53.95044413277228,
  "atr_pct": 0.011220493165207433,
  "ema_slope": -0.2811458095755862,
  "chop": 53.016791347235504,
  "macd_hist": 1.4293336697870638,
  "bb_width_pct": 0.025827778773731856,
  "fvg": {
    "bull": false,
    "bear": false,
    "size": 0.0
  },
  "stake_usdt": 400.0,
  "pos_size": 0.3646075455531552,
  "risk_usdt": 25.0,
  "risk_pct": 0.25,
  "score": 0.55,
  "reasons": [],
  "user_id": null,
  "style": "day",
  "risk_mode": "defensive"
}
