{
  "id": "4196cb43-81f9-47de-9013-b00ff597687d",
  "ts": "2025-10-19T11:57:05Z",
  "strategy": "go_v1",
  "mode": "offensive",
  "symbol": "BNB/USDT",
  "timeframe": "1h",
  "side": "SHORT",
  "entry": 1098.74,
  "stop": 1114.7378800097847,
  "tp": 1065.1444519794518,
  "rr": 2.1,
  "prob_win": 66.18996671421779,
  "ev_r": 1.0518889681407515,
  "rsi": 54.36677761927405,
  "atr_pct": 0.012033227549591985,
  "ema_slope": -0.3102562709747204,
  "chop": 52.88279350086263,
  "macd_hist": 1.161941189895457,
  "bb_width_pct": 0.02509051644301143,
  "fvg": {
    "bull": false,
    "bear": false,
    "size": 0.0
  },
  "stake_usdt": 400.0,
  "pos_size": 0.36405337022407486,
  "risk_usdt": 25.0,
  "risk_pct": 0.25,
  "score": 0.55,
  "reasons": [],
  "user_id": null,
  "style": "day",
  "risk_mode": "defensive"
}
