{
  "id": "41ba84c5-4d83-45eb-b64f-6861702d5ecf",
  "ts": "2025-10-19T13:38:21Z",
  "strategy": "go_v1",
  "mode": "offensive",
  "symbol": "BTC/USDT",
  "timeframe": "1h",
  "side": "LONG",
  "entry": 107644.8,
  "stop": 106948.61024059115,
  "tp": 109106.79849475861,
  "rr": 2.1,
  "prob_win": 71.06454657185499,
  "ev_r": 1.2030009437275049,
  "rsi": 57.71515523951661,
  "atr_pct": 0.005345018408023213,
  "ema_slope": 11.157718596099912,
  "chop": 51.057676091032114,
  "macd_hist": 94.56572963470816,
  "bb_width_pct": 0.013743906251965234,
  "fvg": {
    "bull": false,
    "bear": false,
    "size": 0.0
  },
  "stake_usdt": 400.0,
  "pos_size": 0.0037159249680430453,
  "risk_usdt": 25.0,
  "risk_pct": 0.25,
  "score": 0.65,
  "reasons": [],
  "user_id": null,
  "style": "day",
  "risk_mode": "defensive"
}
