{
  "id": "4279465d-e8be-424f-9ede-819e93067fcc",
  "ts": "2025-10-19T13:26:18Z",
  "strategy": "go_v1",
  "mode": "offensive",
  "symbol": "SOL/USDT",
  "timeframe": "1h",
  "side": "LONG",
  "entry": 188.51,
  "stop": 186.13004376388352,
  "tp": 193.50790809584456,
  "rr": 2.1,
  "prob_win": 70.0307881773399,
  "ev_r": 1.1709544334975368,
  "rsi": 54.26929392446631,
  "atr_pct": 0.010433960958365825,
  "ema_slope": 0.07461198172203783,
  "chop": 52.88366191874238,
  "macd_hist": 0.23724307683701207,
  "bb_width_pct": 0.02713746813302103,
  "fvg": {
    "bull": false,
    "bear": false,
    "size": 0.0
  },
  "stake_usdt": 400.0,
  "pos_size": 2.1219033473025304,
  "risk_usdt": 25.0,
  "risk_pct": 0.25,
  "score": 0.65,
  "reasons": [],
  "user_id": null,
  "style": "day",
  "risk_mode": "defensive"
}
