{
  "id": "4291c92a-c296-49e8-981a-3003a4dc6cbf",
  "ts": "2025-10-19T12:10:58Z",
  "strategy": "go_v1",
  "mode": "offensive",
  "symbol": "ETH/USDT",
  "timeframe": "1h",
  "side": "LONG",
  "entry": 3918.71,
  "stop": 3873.6844523219406,
  "tp": 4013.263650123925,
  "rr": 2.1,
  "prob_win": 71.34860209685469,
  "ev_r": 1.2118066650024957,
  "rsi": 58.66200698951567,
  "atr_pct": 0.00949577703584807,
  "ema_slope": 1.1174564326366871,
  "chop": 48.00402356358921,
  "macd_hist": 3.204275661406971,
  "bb_width_pct": 0.018388498574024914,
  "fvg": {
    "bull": false,
    "bear": false,
    "size": 0.0
  },
  "stake_usdt": 400.0,
  "pos_size": 0.10207440713908403,
  "risk_usdt": 25.0,
  "risk_pct": 0.25,
  "score": 0.65,
  "reasons": [],
  "user_id": null,
  "style": "day",
  "risk_mode": "defensive"
}
