{
  "id": "42f2ec11-7439-4e49-adab-6cd9ecbfef51",
  "ts": "2025-10-19T12:57:06Z",
  "strategy": "go_v1",
  "mode": "offensive",
  "symbol": "BNB/USDT",
  "timeframe": "1h",
  "side": "SHORT",
  "entry": 1097.44,
  "stop": 1113.2216885120022,
  "tp": 1064.2984541247954,
  "rr": 2.1,
  "prob_win": 66.28506145603528,
  "ev_r": 1.0548369051370936,
  "rsi": 54.049795146549094,
  "atr_pct": 0.011884675042384257,
  "ema_slope": -0.30123385872219205,
  "chop": 53.449040443038896,
  "macd_hist": 1.4229296590429839,
  "bb_width_pct": 0.025800208411624212,
  "fvg": {
    "bull": false,
    "bear": false,
    "size": 0.0
  },
  "stake_usdt": 400.0,
  "pos_size": 0.3644846187490888,
  "risk_usdt": 25.0,
  "risk_pct": 0.25,
  "score": 0.55,
  "reasons": [],
  "user_id": null,
  "style": "day",
  "risk_mode": "defensive"
}
