{
  "id": "43012b25-a041-4bb3-869a-a75b0af15a67",
  "ts": "2025-10-19T12:16:45Z",
  "strategy": "go_v1",
  "mode": "offensive",
  "symbol": "BTC/USDT",
  "timeframe": "1h",
  "side": "LONG",
  "entry": 107455.8,
  "stop": 106745.22128632487,
  "tp": 108948.01529871777,
  "rr": 2.1,
  "prob_win": 70.39908314493849,
  "ev_r": 1.1823715774930932,
  "rsi": 55.49694381646164,
  "atr_pct": 0.00546508550742447,
  "ema_slope": 8.812145931026093,
  "chop": 49.9542933407512,
  "macd_hist": 85.07568345271419,
  "bb_width_pct": 0.012620193994437402,
  "fvg": {
    "bull": false,
    "bear": false,
    "size": 0.0
  },
  "stake_usdt": 400.0,
  "pos_size": 0.003722460769916561,
  "risk_usdt": 25.0,
  "risk_pct": 0.25,
  "score": 0.65,
  "reasons": [],
  "user_id": null,
  "style": "day",
  "risk_mode": "defensive"
}
