{
  "id": "43d7113d-b03e-4799-ab30-21f117a78965",
  "ts": "2025-10-19T12:55:26Z",
  "strategy": "go_v1",
  "mode": "offensive",
  "symbol": "SOL/USDT",
  "timeframe": "1h",
  "side": "LONG",
  "entry": 188.69,
  "stop": 186.2032932758224,
  "tp": 193.91208412077293,
  "rr": 2.1,
  "prob_win": 70.60365853658539,
  "ev_r": 1.1887134146341471,
  "rsi": 56.17886178861794,
  "atr_pct": 0.010891565658560125,
  "ema_slope": 0.07235623952871384,
  "chop": 52.897202143352764,
  "macd_hist": 0.23620228646424007,
  "bb_width_pct": 0.02587530108087958,
  "fvg": {
    "bull": false,
    "bear": false,
    "size": 0.0
  },
  "stake_usdt": 400.0,
  "pos_size": 2.1198791668874875,
  "risk_usdt": 25.0,
  "risk_pct": 0.25,
  "score": 0.65,
  "reasons": [],
  "user_id": null,
  "style": "day",
  "risk_mode": "defensive"
}
