{
  "id": "43e700bf-5957-49d4-8931-b89aeea5391a",
  "ts": "2025-10-19T13:19:06Z",
  "strategy": "go_v1",
  "mode": "offensive",
  "symbol": "BNB/USDT",
  "timeframe": "1h",
  "side": "SHORT",
  "entry": 1093.25,
  "stop": 1108.4800392456152,
  "tp": 1061.2669175842077,
  "rr": 2.1,
  "prob_win": 67.2216035634744,
  "ev_r": 1.0838697104677064,
  "rsi": 50.92798812175204,
  "atr_pct": 0.01151320310441067,
  "ema_slope": -0.28634308848715617,
  "chop": 53.87205535803666,
  "macd_hist": 1.1855501940035702,
  "bb_width_pct": 0.025439915896664382,
  "fvg": {
    "bull": false,
    "bear": false,
    "size": 0.0
  },
  "stake_usdt": 400.0,
  "pos_size": 0.3658815458495312,
  "risk_usdt": 25.0,
  "risk_pct": 0.25,
  "score": 0.55,
  "reasons": [],
  "user_id": null,
  "style": "day",
  "risk_mode": "defensive"
}
