{
  "id": "440149b2-5833-42b4-91a6-56187fb87e9b",
  "ts": "2025-10-19T13:30:29Z",
  "strategy": "go_v1",
  "mode": "offensive",
  "symbol": "ADA/USDT",
  "timeframe": "1h",
  "side": "LONG",
  "entry": 0.6456,
  "stop": 0.6367720735332669,
  "tp": 0.664118250411673,
  "rr": 2.097689698872867,
  "prob_win": 66.05102040816323,
  "ev_r": 1.0460556551840874,
  "rsi": 61.83673469387743,
  "atr_pct": 0.011300816290737379,
  "ema_slope": 6.531988025495881e-05,
  "chop": 50.839262966169905,
  "macd_hist": 0.0014634585816402502,
  "bb_width_pct": 0.03231030112713301,
  "fvg": {
    "bull": false,
    "bear": false,
    "size": 0.0
  },
  "stake_usdt": 400.0,
  "pos_size": 619.5786864931847,
  "risk_usdt": 25.0,
  "risk_pct": 0.25,
  "score": 0.35,
  "reasons": [],
  "user_id": null,
  "style": "day",
  "risk_mode": "defensive"
}
