{
  "id": "440dfd46-24d9-40e6-bd2e-10267f263e62",
  "ts": "2025-10-19T11:54:24Z",
  "strategy": "go_v1",
  "mode": "offensive",
  "symbol": "ETH/USDT",
  "timeframe": "1h",
  "side": "LONG",
  "entry": 3917.63,
  "stop": 3870.0754408678713,
  "tp": 4017.494574177471,
  "rr": 2.1,
  "prob_win": 70.73631457208944,
  "ev_r": 1.1928257517347727,
  "rsi": 56.621048573631455,
  "atr_pct": 0.010031904120335408,
  "ema_slope": 1.0751126709784893,
  "chop": 48.163809614690564,
  "macd_hist": 2.8134594524000986,
  "bb_width_pct": 0.01785294287959756,
  "fvg": {
    "bull": false,
    "bear": false,
    "size": 0.0
  },
  "stake_usdt": 400.0,
  "pos_size": 0.10210254669277088,
  "risk_usdt": 25.0,
  "risk_pct": 0.25,
  "score": 0.65,
  "reasons": [],
  "user_id": null,
  "style": "day",
  "risk_mode": "defensive"
}
