{
  "id": "449ac76a-4415-494f-86c8-4700bd203312",
  "ts": "2025-10-19T13:26:23Z",
  "strategy": "go_v1",
  "mode": "offensive",
  "symbol": "BNB/USDT",
  "timeframe": "1h",
  "side": "SHORT",
  "entry": 1093.77,
  "stop": 1109.0000392456154,
  "tp": 1061.7869175842077,
  "rr": 2.1,
  "prob_win": 67.10272332784677,
  "ev_r": 1.0801844231632503,
  "rsi": 51.32425557384407,
  "atr_pct": 0.011507729498794963,
  "ema_slope": -0.2856356054939736,
  "chop": 53.87205535803666,
  "macd_hist": 1.2187353791885636,
  "bb_width_pct": 0.02547158511831028,
  "fvg": {
    "bull": false,
    "bear": false,
    "size": 0.0
  },
  "stake_usdt": 400.0,
  "pos_size": 0.36570759848962764,
  "risk_usdt": 25.0,
  "risk_pct": 0.25,
  "score": 0.55,
  "reasons": [],
  "user_id": null,
  "style": "day",
  "risk_mode": "defensive"
}
