{
  "id": "44acf8a5-ee95-4078-a3e9-5beba3bc3317",
  "ts": "2025-10-19T13:04:21Z",
  "strategy": "go_v1",
  "mode": "offensive",
  "symbol": "ETH/USDT",
  "timeframe": "1h",
  "side": "LONG",
  "entry": 3922.94,
  "stop": 3879.565711993489,
  "tp": 4014.0260048136734,
  "rr": 2.1,
  "prob_win": 71.48259646098462,
  "ev_r": 1.2159604902905234,
  "rsi": 59.10865486994875,
  "atr_pct": 0.009137666906362436,
  "ema_slope": 1.198059545364791,
  "chop": 48.67413972976375,
  "macd_hist": 3.3694929168858536,
  "bb_width_pct": 0.019806505997196553,
  "fvg": {
    "bull": false,
    "bear": false,
    "size": 0.0
  },
  "stake_usdt": 400.0,
  "pos_size": 0.10196434306922869,
  "risk_usdt": 25.0,
  "risk_pct": 0.25,
  "score": 0.65,
  "reasons": [],
  "user_id": null,
  "style": "day",
  "risk_mode": "defensive"
}
