{
  "id": "44e595c2-4f84-4a3c-9189-cab51a492956",
  "ts": "2025-10-18T19:36:11Z",
  "strategy": "go_v1",
  "mode": "offensive",
  "symbol": "ADA/USDT",
  "timeframe": "1h",
  "side": "LONG",
  "entry": 0.6351,
  "stop": 0.6267856979429377,
  "tp": 0.6525600343198308,
  "rr": 2.1,
  "prob_win": 71.63990825688074,
  "ev_r": 1.2208371559633031,
  "rsi": 59.63302752293581,
  "atr_pct": 0.010819278875926661,
  "ema_slope": 0.00024328665705620792,
  "chop": 64.8503183763246,
  "macd_hist": 0.0005992565483996647,
  "bb_width_pct": 0.020626557536900465,
  "fvg": {
    "bull": false,
    "bear": false,
    "size": 0.0
  },
  "stake_usdt": 400.0,
  "pos_size": 629.822075263738,
  "risk_usdt": 25.0,
  "risk_pct": 0.25,
  "score": 0.65,
  "reasons": [],
  "user_id": null,
  "style": "day",
  "risk_mode": "defensive"
}
