{
  "id": "45b91257-9408-41e5-b03e-8acd284c6f62",
  "ts": "2025-10-16T17:20:08Z",
  "strategy": "go_v1",
  "symbol": "BTC/USDT",
  "timeframe": "15m",
  "side": "SHORT",
  "entry": 108731.7,
  "stop": 110163.20626107923,
  "tp": 106303.70071694526,
  "rr": 1.6961150286721276,
  "prob_win": 61.644491616509036,
  "ev_r": 0.9407131478388552,
  "rsi": 36.141713241616536,
  "atr_pct": 0.006850489470481498,
  "ema_slope": -92.3756416509743,
  "chop": 44.77735084349867,
  "macd_hist": -143.4665131279279,
  "bb_width_pct": 0.0438849713278723,
  "pass": true,
  "score": 0.51,
  "reasons": [
    "slope_low:-92.375642"
  ],
  "candles": 220,
  "src": "ccxt",
  "adaptive": "1",
  "outcome": "TP",
  "stake_usdt": 200.0,
  "pos_size": 0.0018393899847054724,
  "risk_usdt": 5.0,
  "risk_pct": 0.5,
  "ai_prob": 0.5,
  "marked_at": "2025-10-16T17:20:47Z",
  "marked_by": 1405575660566745148
}
