{
  "id": "45bb5934-5a64-4d37-b548-aeb71475f478",
  "ts": "2025-10-19T14:08:57Z",
  "strategy": "go_v1",
  "mode": "offensive",
  "symbol": "BTC/USDT",
  "timeframe": "1h",
  "side": "LONG",
  "entry": 107861.8,
  "stop": 107154.94611815808,
  "tp": 109346.19315186804,
  "rr": 2.1,
  "prob_win": 66.67234664070112,
  "ev_r": 1.0668427458617347,
  "rsi": 63.907822135670365,
  "atr_pct": 0.005415974532715224,
  "ema_slope": 14.671282165220806,
  "chop": 52.006362408974496,
  "macd_hist": 117.00764512255807,
  "bb_width_pct": 0.016079456657636552,
  "fvg": {
    "bull": true,
    "bear": false,
    "size": 0.0002903627400595096
  },
  "stake_usdt": 400.0,
  "pos_size": 0.0037084491451097605,
  "risk_usdt": 25.0,
  "risk_pct": 0.25,
  "score": 0.35,
  "reasons": [],
  "user_id": null,
  "style": "day",
  "risk_mode": "defensive"
}
