{
  "id": "45c89d6a-ca59-4518-b3c4-3b534c270cb4",
  "ts": "2025-10-19T13:34:14Z",
  "strategy": "go_v1",
  "mode": "offensive",
  "symbol": "BTC/USDT",
  "timeframe": "1h",
  "side": "LONG",
  "entry": 107596.1,
  "stop": 106904.36131201973,
  "tp": 109048.75124475859,
  "rr": 2.1,
  "prob_win": 70.8695748449956,
  "ev_r": 1.1969568201948637,
  "rsi": 57.06524948331865,
  "atr_pct": 0.005313248956973401,
  "ema_slope": 11.091460092699617,
  "chop": 50.82202516390779,
  "macd_hist": 91.4578094067866,
  "bb_width_pct": 0.013610685985425384,
  "fvg": {
    "bull": false,
    "bear": false,
    "size": 0.0
  },
  "stake_usdt": 400.0,
  "pos_size": 0.0037176068649328368,
  "risk_usdt": 25.0,
  "risk_pct": 0.25,
  "score": 0.65,
  "reasons": [],
  "user_id": null,
  "style": "day",
  "risk_mode": "defensive"
}
