{
  "id": "4615f0e7-a777-497f-a1cc-4c9eec73d012",
  "ts": "2025-10-18T18:55:00Z",
  "strategy": "go_v1",
  "mode": "offensive",
  "symbol": "BNB/USDT",
  "timeframe": "1h",
  "side": "LONG",
  "entry": 1095.81,
  "stop": 1079.2241957117296,
  "tp": 1130.4440710861747,
  "rr": 2.088175555687011,
  "prob_win": 73.56094331116871,
  "ev_r": 1.2716910698682917,
  "rsi": 57.703144370562356,
  "atr_pct": 0.012508807431304399,
  "ema_slope": 0.722243722524613,
  "chop": 48.36256589049292,
  "macd_hist": 0.4846341649824455,
  "bb_width_pct": 0.041824444312988956,
  "fvg": {
    "bull": false,
    "bear": false,
    "size": 0.0
  },
  "stake_usdt": 400.0,
  "pos_size": 0.3650267838402643,
  "risk_usdt": 25.0,
  "risk_pct": 0.25,
  "score": 0.85,
  "reasons": [],
  "user_id": null,
  "style": "day",
  "risk_mode": "defensive"
}
