{
  "id": "464e5974-9776-4571-9bbf-0b31e9ee43d4",
  "ts": "2025-10-19T12:38:32Z",
  "strategy": "go_v1",
  "mode": "offensive",
  "symbol": "BNB/USDT",
  "timeframe": "1h",
  "side": "SHORT",
  "entry": 1097.46,
  "stop": 1113.2416885120022,
  "tp": 1064.3184541247954,
  "rr": 2.1,
  "prob_win": 66.27994955863807,
  "ev_r": 1.0546784363177801,
  "rsi": 54.066834804539795,
  "atr_pct": 0.011884458457268765,
  "ema_slope": -0.30120664783788464,
  "chop": 53.449040443038896,
  "macd_hist": 1.4242060123192457,
  "bb_width_pct": 0.025803374657765624,
  "fvg": {
    "bull": false,
    "bear": false,
    "size": 0.0
  },
  "stake_usdt": 400.0,
  "pos_size": 0.3644779764182749,
  "risk_usdt": 25.0,
  "risk_pct": 0.25,
  "score": 0.55,
  "reasons": [],
  "user_id": null,
  "style": "day",
  "risk_mode": "defensive"
}
