{
  "id": "46b56d79-6be8-45cf-83e0-81c7a422c6a1",
  "ts": "2025-10-19T12:20:13Z",
  "strategy": "go_v1",
  "mode": "offensive",
  "symbol": "SOL/USDT",
  "timeframe": "1h",
  "side": "LONG",
  "entry": 188.45,
  "stop": 185.9632932758224,
  "tp": 193.67208412077292,
  "rr": 2.1,
  "prob_win": 70.2811004784689,
  "ev_r": 1.1787141148325362,
  "rsi": 55.10366826156301,
  "atr_pct": 0.010905436583251315,
  "ema_slope": 0.07202970891646494,
  "chop": 52.897202143352764,
  "macd_hist": 0.22088604714800536,
  "bb_width_pct": 0.025458221000512482,
  "fvg": {
    "bull": false,
    "bear": false,
    "size": 0.0
  },
  "stake_usdt": 400.0,
  "pos_size": 2.122578933404086,
  "risk_usdt": 25.0,
  "risk_pct": 0.25,
  "score": 0.65,
  "reasons": [],
  "user_id": null,
  "style": "day",
  "risk_mode": "defensive"
}
