{
  "id": "476a8d33-480b-4dd7-8009-52805afb9fb6",
  "ts": "2025-10-19T12:01:26Z",
  "strategy": "go_v1",
  "mode": "offensive",
  "symbol": "ADA/USDT",
  "timeframe": "1h",
  "side": "LONG",
  "entry": 0.6421,
  "stop": 0.6335317494831278,
  "tp": 0.6600933260854316,
  "rr": 2.1,
  "prob_win": 65.54100227790431,
  "ev_r": 1.0317710706150338,
  "rsi": 60.13667425968103,
  "atr_pct": 0.011028186846713197,
  "ema_slope": 3.6455931849901335e-05,
  "chop": 47.80325749151766,
  "macd_hist": 0.0012411028133411002,
  "bb_width_pct": 0.028830272882102756,
  "fvg": {
    "bull": false,
    "bear": false,
    "size": 0.0
  },
  "stake_usdt": 400.0,
  "pos_size": 622.9559258682448,
  "risk_usdt": 25.0,
  "risk_pct": 0.25,
  "score": 0.35,
  "reasons": [],
  "user_id": null,
  "style": "day",
  "risk_mode": "defensive"
}
