{
  "id": "47c519fc-9006-4a20-9fd6-a0d527944815",
  "ts": "2025-10-19T13:13:18Z",
  "strategy": "go_v1",
  "mode": "offensive",
  "symbol": "ETH/USDT",
  "timeframe": "1h",
  "side": "LONG",
  "entry": 3911.99,
  "stop": 3868.1818405649174,
  "tp": 4003.987134813673,
  "rr": 2.1,
  "prob_win": 70.58658464856383,
  "ev_r": 1.188184124105479,
  "rsi": 56.1219488285461,
  "atr_pct": 0.00925490362762095,
  "ema_slope": 1.1831615861810576,
  "chop": 49.02351486253508,
  "macd_hist": 2.6706894980824174,
  "bb_width_pct": 0.01908913473288823,
  "fvg": {
    "bull": false,
    "bear": false,
    "size": 0.0
  },
  "stake_usdt": 400.0,
  "pos_size": 0.10224975012717313,
  "risk_usdt": 25.0,
  "risk_pct": 0.25,
  "score": 0.65,
  "reasons": [],
  "user_id": null,
  "style": "day",
  "risk_mode": "defensive"
}
