{
  "id": "47e498a2-a07a-46b7-9846-dbf9df4f69b1",
  "ts": "2025-10-19T13:08:26Z",
  "strategy": "go_v1",
  "mode": "offensive",
  "symbol": "ETH/USDT",
  "timeframe": "1h",
  "side": "LONG",
  "entry": 3916.63,
  "stop": 3873.0819905649173,
  "tp": 4008.080819813673,
  "rr": 2.1,
  "prob_win": 70.9784080650015,
  "ev_r": 1.2003306500150464,
  "rsi": 57.42802688333832,
  "atr_pct": 0.009189045286947419,
  "ema_slope": 1.1894745113511562,
  "chop": 48.814415897221565,
  "macd_hist": 2.9668034581966527,
  "bb_width_pct": 0.01935852468422671,
  "fvg": {
    "bull": false,
    "bear": false,
    "size": 0.0
  },
  "stake_usdt": 400.0,
  "pos_size": 0.10212861567214672,
  "risk_usdt": 25.0,
  "risk_pct": 0.25,
  "score": 0.65,
  "reasons": [],
  "user_id": null,
  "style": "day",
  "risk_mode": "defensive"
}
