{
  "id": "47f841e1-9003-4110-8be2-8ce66c887d9e",
  "ts": "2025-10-19T11:53:50Z",
  "strategy": "go_v1",
  "mode": "offensive",
  "symbol": "ADA/USDT",
  "timeframe": "1h",
  "side": "LONG",
  "entry": 0.6417,
  "stop": 0.6325936532604363,
  "tp": 0.6608233281530841,
  "rr": 2.1,
  "prob_win": 71.0804157549234,
  "ev_r": 1.203492888402625,
  "rsi": 57.76805251641131,
  "atr_pct": 0.011728076042284125,
  "ema_slope": 2.1813363555236008e-05,
  "chop": 48.690344638224815,
  "macd_hist": 0.00102858452448095,
  "bb_width_pct": 0.026660589994203777,
  "fvg": {
    "bull": true,
    "bear": false,
    "size": 0.00046853037638601745
  },
  "stake_usdt": 400.0,
  "pos_size": 623.3442418575657,
  "risk_usdt": 25.0,
  "risk_pct": 0.25,
  "score": 0.65,
  "reasons": [],
  "user_id": null,
  "style": "day",
  "risk_mode": "defensive"
}
