{
  "id": "4819f737-2a57-4977-a222-5660486c2a42",
  "ts": "2025-10-19T12:11:51Z",
  "strategy": "go_v1",
  "mode": "offensive",
  "symbol": "SOL/USDT",
  "timeframe": "1h",
  "side": "LONG",
  "entry": 188.54,
  "stop": 186.0965075615367,
  "tp": 193.6713341207729,
  "rr": 2.1,
  "prob_win": 70.40060240963857,
  "ev_r": 1.1824186746987957,
  "rsi": 55.502008032128536,
  "atr_pct": 0.010710805337856287,
  "ema_slope": 0.07215215789604953,
  "chop": 52.214193057194116,
  "macd_hist": 0.22662963689159338,
  "bb_width_pct": 0.025609683355896293,
  "fvg": {
    "bull": false,
    "bear": false,
    "size": 0.0
  },
  "stake_usdt": 400.0,
  "pos_size": 2.1215657154980376,
  "risk_usdt": 25.0,
  "risk_pct": 0.25,
  "score": 0.65,
  "reasons": [],
  "user_id": null,
  "style": "day",
  "risk_mode": "defensive"
}
