{
  "id": "483d4708-0470-46d6-be95-69f3fc95992a",
  "ts": "2025-10-18T18:19:50Z",
  "strategy": "go_v1",
  "mode": "offensive",
  "symbol": "ETH/USDT",
  "timeframe": "1h",
  "side": "LONG",
  "entry": 3885.74,
  "stop": 3845.429263099387,
  "tp": 3970.3925474912858,
  "rr": 2.1,
  "prob_win": 66.85071846726984,
  "ev_r": 1.0723722724853653,
  "rsi": 64.50239489089947,
  "atr_pct": 0.008573568637002888,
  "ema_slope": 1.9962715985407506,
  "chop": 56.915004400874345,
  "macd_hist": 1.9438992782231441,
  "bb_width_pct": 0.016932894433343747,
  "fvg": {
    "bull": true,
    "bear": false,
    "size": 0.0006750837413037595
  },
  "stake_usdt": 400.0,
  "pos_size": 0.10294049524672264,
  "risk_usdt": 25.0,
  "risk_pct": 0.25,
  "score": 0.35,
  "reasons": [],
  "user_id": null,
  "style": "day",
  "risk_mode": "defensive"
}
