{
  "id": "486f907f-c7d9-407d-b55c-2100ec9580b0",
  "ts": "2025-10-16T19:07:35Z",
  "strategy": "go_v1",
  "symbol": "BTC/USDT",
  "timeframe": "15m",
  "side": "SHORT",
  "entry": 108388.4,
  "stop": 109567.3639228922,
  "tp": 106627.3313445946,
  "rr": 1.4937426168946675,
  "prob_win": 54.287018941671676,
  "ev_r": 0.4250500056853558,
  "rsi": 42.84989476849069,
  "atr_pct": 0.006169493664064429,
  "ema_slope": -127.21917420767303,
  "chop": 67.68421950583756,
  "macd_hist": 31.34767395733695,
  "bb_width_pct": 0.036257383105332545,
  "pass": false,
  "score": -2.129,
  "reasons": [
    "slope_low:-127.219174",
    "chop_high:67.7"
  ],
  "candles": 220,
  "src": "ccxt",
  "adaptive": "1",
  "outcome": null,
  "stake_usdt": 200.0,
  "pos_size": 0.0018452159087134787,
  "risk_usdt": 5.0,
  "risk_pct": 0.5,
  "ai_prob": 0.5
}
