{
  "id": "4998eebe-16b3-46b6-b17f-c896f72103fc",
  "ts": "2025-10-19T12:15:18Z",
  "strategy": "go_v1",
  "mode": "offensive",
  "symbol": "BNB/USDT",
  "timeframe": "1h",
  "side": "SHORT",
  "entry": 1095.46,
  "stop": 1111.1206885120023,
  "tp": 1062.5725541247955,
  "rr": 2.1,
  "prob_win": 66.77567237163812,
  "ev_r": 1.070045843520782,
  "rsi": 52.41442542787293,
  "atr_pct": 0.011814870263190051,
  "ema_slope": -0.3039277362732805,
  "chop": 53.13920782419095,
  "macd_hist": 1.2965706846837746,
  "bb_width_pct": 0.025534283804873728,
  "fvg": {
    "bull": false,
    "bear": false,
    "size": 0.0
  },
  "stake_usdt": 400.0,
  "pos_size": 0.3651434100743067,
  "risk_usdt": 25.0,
  "risk_pct": 0.25,
  "score": 0.55,
  "reasons": [],
  "user_id": null,
  "style": "day",
  "risk_mode": "defensive"
}
