{
  "id": "49c200f5-4628-45ad-81bd-015c58b2e072",
  "ts": "2025-10-19T11:59:41Z",
  "strategy": "go_v1",
  "mode": "offensive",
  "symbol": "ADA/USDT",
  "timeframe": "1h",
  "side": "LONG",
  "entry": 0.6424,
  "stop": 0.6332936532604362,
  "tp": 0.661523328153084,
  "rr": 2.1,
  "prob_win": 71.34999999999995,
  "ev_r": 1.2118499999999983,
  "rsi": 58.66666666666648,
  "atr_pct": 0.011715296382835808,
  "ema_slope": 2.276574450767422e-05,
  "chop": 48.690344638224815,
  "macd_hist": 0.0010732568891533543,
  "bb_width_pct": 0.02710887027713997,
  "fvg": {
    "bull": true,
    "bear": false,
    "size": 0.00046853037638601745
  },
  "stake_usdt": 400.0,
  "pos_size": 622.6650062266501,
  "risk_usdt": 25.0,
  "risk_pct": 0.25,
  "score": 0.65,
  "reasons": [],
  "user_id": null,
  "style": "day",
  "risk_mode": "defensive"
}
