{
  "id": "4a5e70f1-d192-48d0-939d-afe84728386b",
  "ts": "2025-10-19T13:01:08Z",
  "strategy": "go_v1",
  "mode": "offensive",
  "symbol": "SOL/USDT",
  "timeframe": "1h",
  "side": "LONG",
  "entry": 188.83,
  "stop": 186.50362947816924,
  "tp": 193.7153780958446,
  "rr": 2.1,
  "prob_win": 70.45283806343909,
  "ev_r": 1.1840379799666119,
  "rsi": 55.6761268781303,
  "atr_pct": 0.010181752189672334,
  "ema_slope": 0.07504735587169137,
  "chop": 52.03457553355755,
  "macd_hist": 0.2576647292586811,
  "bb_width_pct": 0.027644187537174708,
  "fvg": {
    "bull": false,
    "bear": false,
    "size": 0.0
  },
  "stake_usdt": 400.0,
  "pos_size": 2.1183074723296085,
  "risk_usdt": 25.0,
  "risk_pct": 0.25,
  "score": 0.65,
  "reasons": [],
  "user_id": null,
  "style": "day",
  "risk_mode": "defensive"
}
