{
  "id": "4ab75580-2510-44a0-aa57-867b875b7afa",
  "ts": "2025-10-19T12:26:43Z",
  "strategy": "go_v1",
  "mode": "offensive",
  "symbol": "BNB/USDT",
  "timeframe": "1h",
  "side": "SHORT",
  "entry": 1093.44,
  "stop": 1109.2216885120022,
  "tp": 1060.2984541247954,
  "rr": 2.1,
  "prob_win": 67.24651645419506,
  "ev_r": 1.084642010080047,
  "rsi": 50.844945152683145,
  "atr_pct": 0.011928151319244018,
  "ema_slope": -0.3066760355930187,
  "chop": 53.449040443038896,
  "macd_hist": 1.1676590037722232,
  "bb_width_pct": 0.02536189272566901,
  "fvg": {
    "bull": false,
    "bear": false,
    "size": 0.0
  },
  "stake_usdt": 400.0,
  "pos_size": 0.3658179689786362,
  "risk_usdt": 25.0,
  "risk_pct": 0.25,
  "score": 0.55,
  "reasons": [],
  "user_id": null,
  "style": "day",
  "risk_mode": "defensive"
}
