{
  "id": "4adbce79-8fb3-497c-9d03-c5c8da537eb1",
  "ts": "2025-10-19T13:48:51Z",
  "strategy": "go_v1",
  "mode": "offensive",
  "symbol": "BNB/USDT",
  "timeframe": "1h",
  "side": "SHORT",
  "entry": 1103.79,
  "stop": 1119.602567817044,
  "tp": 1070.5836075842078,
  "rr": 2.1,
  "prob_win": 65.00528988573848,
  "ev_r": 1.0151639864578925,
  "rsi": 58.31570038087177,
  "atr_pct": 0.0118394240438177,
  "ema_slope": -0.2720029524326871,
  "chop": 55.313343108156396,
  "macd_hist": 1.8581883706416358,
  "bb_width_pct": 0.02733477206892074,
  "fvg": {
    "bull": false,
    "bear": false,
    "size": 0.0
  },
  "stake_usdt": 400.0,
  "pos_size": 0.36238777303653774,
  "risk_usdt": 25.0,
  "risk_pct": 0.25,
  "score": 0.55,
  "reasons": [],
  "user_id": null,
  "style": "day",
  "risk_mode": "defensive"
}
