{
  "id": "4b07ef56-c3b8-4bca-af7a-ba011480dcf0",
  "ts": "2025-10-19T13:10:04Z",
  "strategy": "go_v1",
  "mode": "offensive",
  "symbol": "ETH/USDT",
  "timeframe": "1h",
  "side": "LONG",
  "entry": 3915.4,
  "stop": 3871.8493977077746,
  "tp": 4006.856264813673,
  "rr": 2.1,
  "prob_win": 70.87277553461941,
  "ev_r": 1.1970560415732017,
  "rsi": 57.075918448731336,
  "atr_pct": 0.009192479261214625,
  "ema_slope": 1.1878010419632932,
  "chop": 48.81650564315726,
  "macd_hist": 2.8883077317009054,
  "bb_width_pct": 0.019282032929857418,
  "fvg": {
    "bull": false,
    "bear": false,
    "size": 0.0
  },
  "stake_usdt": 400.0,
  "pos_size": 0.10216069877917965,
  "risk_usdt": 25.0,
  "risk_pct": 0.25,
  "score": 0.65,
  "reasons": [],
  "user_id": null,
  "style": "day",
  "risk_mode": "defensive"
}
