{
  "id": "4b980390-b8d9-4174-b73b-e03bd55d4e4a",
  "ts": "2025-10-18T18:19:45Z",
  "strategy": "go_v1",
  "mode": "neutral",
  "symbol": "BTC/USDT",
  "timeframe": "1h",
  "side": "LONG",
  "entry": 106730.0,
  "stop": 106119.53336445928,
  "tp": 107828.8399439733,
  "rr": 1.8,
  "prob_win": 69.7136068034017,
  "ev_r": 0.9519809904952479,
  "rsi": 57.37868934467235,
  "atr_pct": 0.005199753290296882,
  "ema_slope": 3.683063393378616,
  "chop": 63.70241207562841,
  "macd_hist": 31.913146477315152,
  "bb_width_pct": 0.007657746728445008,
  "fvg": {
    "bull": false,
    "bear": false,
    "size": 0.0
  },
  "stake_usdt": 400.0,
  "pos_size": 0.003747774758737,
  "risk_usdt": 25.0,
  "risk_pct": 0.25,
  "score": 0.65,
  "reasons": [],
  "user_id": null,
  "style": "day",
  "risk_mode": "defensive"
}
