{
  "id": "4bbea55d-f0a2-4119-82f3-b98ed0a172fb",
  "ts": "2025-10-19T12:55:16Z",
  "strategy": "go_v1",
  "mode": "offensive",
  "symbol": "BTC/USDT",
  "timeframe": "1h",
  "side": "LONG",
  "entry": 107511.5,
  "stop": 106794.4737148963,
  "tp": 109017.25519871777,
  "rr": 2.1,
  "prob_win": 70.66199818552961,
  "ev_r": 1.1905219437514183,
  "rsi": 56.373327285098725,
  "atr_pct": 0.0055118169376975786,
  "ema_slope": 8.887928243947208,
  "chop": 50.30302966388245,
  "macd_hist": 88.6303273273529,
  "bb_width_pct": 0.012756788369756545,
  "fvg": {
    "bull": false,
    "bear": false,
    "size": 0.0
  },
  "stake_usdt": 400.0,
  "pos_size": 0.0037205322221343764,
  "risk_usdt": 25.0,
  "risk_pct": 0.25,
  "score": 0.65,
  "reasons": [],
  "user_id": null,
  "style": "day",
  "risk_mode": "defensive"
}
