{
  "id": "4c8c95d5-5dc9-401c-a8f1-0ce21ce4c30a",
  "ts": "2025-10-19T13:14:21Z",
  "strategy": "go_v1",
  "mode": "offensive",
  "symbol": "ADA/USDT",
  "timeframe": "1h",
  "side": "LONG",
  "entry": 0.641,
  "stop": 0.6323967878189812,
  "tp": 0.6590667455801394,
  "rr": 2.1,
  "prob_win": 71.11486486486484,
  "ev_r": 1.2045608108108103,
  "rsi": 57.88288288288283,
  "atr_pct": 0.011092188317606493,
  "ema_slope": 5.9061376853612744e-05,
  "chop": 49.89099377602733,
  "macd_hist": 0.0011698973280790136,
  "bb_width_pct": 0.029669801996488936,
  "fvg": {
    "bull": false,
    "bear": false,
    "size": 0.0
  },
  "stake_usdt": 400.0,
  "pos_size": 624.02496099844,
  "risk_usdt": 25.0,
  "risk_pct": 0.25,
  "score": 0.65,
  "reasons": [],
  "user_id": null,
  "style": "day",
  "risk_mode": "defensive"
}
