{
  "id": "4cea870f-ad90-4793-aa99-3d80f1f60347",
  "ts": "2025-10-18T19:35:52Z",
  "strategy": "go_v1",
  "mode": "neutral",
  "symbol": "BTC/USDT",
  "timeframe": "1h",
  "side": "LONG",
  "entry": 106873.6,
  "stop": 106288.67623803424,
  "tp": 107926.4627715384,
  "rr": 1.8,
  "prob_win": 68.44924510118865,
  "ev_r": 0.9165788628332822,
  "rsi": 53.164150337295496,
  "atr_pct": 0.004975493241683089,
  "ema_slope": 3.850361029555027,
  "chop": 62.838608804123,
  "macd_hist": 35.590549215335784,
  "bb_width_pct": 0.006772882521650447,
  "fvg": {
    "bull": false,
    "bear": false,
    "size": 0.0
  },
  "stake_usdt": 400.0,
  "pos_size": 0.0037427390861728247,
  "risk_usdt": 25.0,
  "risk_pct": 0.25,
  "score": 0.65,
  "reasons": [],
  "user_id": null,
  "style": "day",
  "risk_mode": "defensive"
}
