{
  "id": "4d0d0163-5241-4365-a45b-83fcc408f0a1",
  "ts": "2025-10-19T13:32:51Z",
  "strategy": "go_v1",
  "mode": "offensive",
  "symbol": "BNB/USDT",
  "timeframe": "1h",
  "side": "SHORT",
  "entry": 1095.9,
  "stop": 1111.1300392456155,
  "tp": 1063.9169175842078,
  "rr": 2.1,
  "prob_win": 66.59582689335393,
  "ev_r": 1.0644706336939718,
  "rsi": 53.01391035548694,
  "atr_pct": 0.011485362983754873,
  "ema_slope": -0.2827376463102821,
  "chop": 53.87205535803666,
  "macd_hist": 1.3546670031202832,
  "bb_width_pct": 0.02567112351927017,
  "fvg": {
    "bull": false,
    "bear": false,
    "size": 0.0
  },
  "stake_usdt": 400.0,
  "pos_size": 0.36499680627794506,
  "risk_usdt": 25.0,
  "risk_pct": 0.25,
  "score": 0.55,
  "reasons": [],
  "user_id": null,
  "style": "day",
  "risk_mode": "defensive"
}
