{
  "id": "4d9d2907-2307-420f-87d1-5c4f309db5d9",
  "ts": "2025-10-19T12:40:45Z",
  "strategy": "go_v1",
  "mode": "offensive",
  "symbol": "BTC/USDT",
  "timeframe": "1h",
  "side": "LONG",
  "entry": 107622.1,
  "stop": 106905.07371489631,
  "tp": 109127.85519871778,
  "rr": 2.1,
  "prob_win": 71.209462623661,
  "ev_r": 1.2074933413334907,
  "rsi": 58.198208745536654,
  "atr_pct": 0.005506152608964824,
  "ema_slope": 9.038404434430868,
  "chop": 50.30302966388245,
  "macd_hist": 95.68856094558859,
  "bb_width_pct": 0.013070479579350147,
  "fvg": {
    "bull": false,
    "bear": false,
    "size": 0.0
  },
  "stake_usdt": 400.0,
  "pos_size": 0.0037167087429068935,
  "risk_usdt": 25.0,
  "risk_pct": 0.25,
  "score": 0.65,
  "reasons": [],
  "user_id": null,
  "style": "day",
  "risk_mode": "defensive"
}
