{
  "id": "4dfb6bfd-a041-4311-95eb-d524a61d91dc",
  "ts": "2025-10-18T19:30:53Z",
  "strategy": "go_v1",
  "mode": "neutral",
  "symbol": "BTC/USDT",
  "timeframe": "1h",
  "side": "LONG",
  "entry": 106904.6,
  "stop": 106319.67623803423,
  "tp": 107957.4627715384,
  "rr": 1.8,
  "prob_win": 68.67863914050987,
  "ev_r": 0.9230018959342763,
  "rsi": 53.928797135032916,
  "atr_pct": 0.004974050457270705,
  "ema_slope": 3.892537900299058,
  "chop": 62.838608804123,
  "macd_hist": 37.56889679368949,
  "bb_width_pct": 0.006795271513096091,
  "fvg": {
    "bull": false,
    "bear": false,
    "size": 0.0
  },
  "stake_usdt": 400.0,
  "pos_size": 0.0037416537735513716,
  "risk_usdt": 25.0,
  "risk_pct": 0.25,
  "score": 0.65,
  "reasons": [],
  "user_id": null,
  "style": "day",
  "risk_mode": "defensive"
}
