{
  "id": "4e088132-f05a-4be7-8304-fced5c06a719",
  "ts": "2025-10-19T12:20:03Z",
  "strategy": "go_v1",
  "mode": "offensive",
  "symbol": "BTC/USDT",
  "timeframe": "1h",
  "side": "LONG",
  "entry": 107560.0,
  "stop": 106849.36078632488,
  "tp": 109052.34234871776,
  "rr": 2.1,
  "prob_win": 70.89778509213214,
  "ev_r": 1.1978313378560963,
  "rsi": 57.15928364044046,
  "atr_pct": 0.005460255999151192,
  "ema_slope": 8.95391463851122,
  "chop": 49.957580627382484,
  "macd_hist": 91.72548402252276,
  "bb_width_pct": 0.012887546318243449,
  "fvg": {
    "bull": false,
    "bear": false,
    "size": 0.0
  },
  "stake_usdt": 400.0,
  "pos_size": 0.003718854592785422,
  "risk_usdt": 25.0,
  "risk_pct": 0.25,
  "score": 0.65,
  "reasons": [],
  "user_id": null,
  "style": "day",
  "risk_mode": "defensive"
}
