{
  "id": "4e3faacf-8190-4a06-a0cb-7c284552bd46",
  "ts": "2025-10-19T11:52:00Z",
  "strategy": "go_v1",
  "mode": "offensive",
  "symbol": "SOL/USDT",
  "timeframe": "1h",
  "side": "LONG",
  "entry": 188.71,
  "stop": 186.1492850560006,
  "tp": 194.08750138239878,
  "rr": 2.1,
  "prob_win": 70.75806451612904,
  "ev_r": 1.1935000000000002,
  "rsi": 56.69354838709679,
  "atr_pct": 0.01121452674552633,
  "ema_slope": 0.07138542813448502,
  "chop": 52.65273472655626,
  "macd_hist": 0.18060253612479094,
  "bb_width_pct": 0.025791679267840758,
  "fvg": {
    "bull": false,
    "bear": false,
    "size": 0.0
  },
  "stake_usdt": 400.0,
  "pos_size": 2.1196544963171,
  "risk_usdt": 25.0,
  "risk_pct": 0.25,
  "score": 0.65,
  "reasons": [],
  "user_id": null,
  "style": "day",
  "risk_mode": "defensive"
}
