{
  "id": "4e42c47d-10dc-43b4-8f46-111e7bc1e3ac",
  "ts": "2025-10-19T13:27:02Z",
  "strategy": "go_v1",
  "mode": "offensive",
  "symbol": "ETH/USDT",
  "timeframe": "1h",
  "side": "LONG",
  "entry": 3921.5,
  "stop": 3877.690976279203,
  "tp": 4013.498949813673,
  "rr": 2.1,
  "prob_win": 71.3923719291077,
  "ev_r": 1.2131635298023389,
  "rsi": 58.807906430359,
  "atr_pct": 0.00923264177685354,
  "ema_slope": 1.1961003616912977,
  "chop": 49.024207623962376,
  "macd_hist": 3.2775954809888095,
  "bb_width_pct": 0.019696258847295058,
  "fvg": {
    "bull": false,
    "bear": false,
    "size": 0.0
  },
  "stake_usdt": 400.0,
  "pos_size": 0.10200178503123805,
  "risk_usdt": 25.0,
  "risk_pct": 0.25,
  "score": 0.65,
  "reasons": [],
  "user_id": null,
  "style": "day",
  "risk_mode": "defensive"
}
