{
  "id": "4e61aafd-d5cc-452f-ad80-d4c97752c715",
  "ts": "2025-10-18T17:27:15Z",
  "strategy": "go_v1",
  "mode": "offensive",
  "symbol": "SOL/USDT",
  "timeframe": "1h",
  "side": "LONG",
  "entry": 185.25,
  "stop": 182.59676221999365,
  "tp": 190.82179933801334,
  "rr": 2.1,
  "prob_win": 69.49712643678161,
  "ev_r": 1.1544109195402301,
  "rsi": 52.49042145593874,
  "atr_pct": 0.011836753014159321,
  "ema_slope": 0.11660309553280283,
  "chop": 59.39292240296239,
  "macd_hist": 0.011409704140293131,
  "bb_width_pct": 0.025389440405524214,
  "fvg": {
    "bull": false,
    "bear": false,
    "size": 0.0
  },
  "stake_usdt": 400.0,
  "pos_size": 2.1592442645074224,
  "risk_usdt": 25.0,
  "risk_pct": 0.25,
  "score": 0.65,
  "reasons": [],
  "user_id": null,
  "style": "day",
  "risk_mode": "defensive"
}
