{
  "id": "4ec14635-67f9-45ea-abee-ab48f45ca458",
  "ts": "2025-10-19T12:18:43Z",
  "strategy": "go_v1",
  "mode": "offensive",
  "symbol": "ADA/USDT",
  "timeframe": "1h",
  "side": "LONG",
  "entry": 0.6403,
  "stop": 0.6314033209116992,
  "tp": 0.6589830260854317,
  "rr": 2.1,
  "prob_win": 71.0804157549234,
  "ev_r": 1.203492888402625,
  "rsi": 57.76805251641131,
  "atr_pct": 0.011483097525695951,
  "ema_slope": 3.400695225803459e-05,
  "chop": 49.25788872030878,
  "macd_hist": 0.0011262310184693043,
  "bb_width_pct": 0.0279227329293869,
  "fvg": {
    "bull": false,
    "bear": false,
    "size": 0.0
  },
  "stake_usdt": 400.0,
  "pos_size": 624.7071685147587,
  "risk_usdt": 25.0,
  "risk_pct": 0.25,
  "score": 0.65,
  "reasons": [],
  "user_id": null,
  "style": "day",
  "risk_mode": "defensive"
}
