{
  "id": "4ec6bf61-2def-4d32-b6ef-49c2b4a71e95",
  "ts": "2025-10-19T11:56:19Z",
  "strategy": "go_v1",
  "mode": "offensive",
  "symbol": "ADA/USDT",
  "timeframe": "1h",
  "side": "LONG",
  "entry": 0.6428,
  "stop": 0.6336936532604363,
  "tp": 0.661923328153084,
  "rr": 2.1,
  "prob_win": 71.50784753363226,
  "ev_r": 1.2167432735426003,
  "rsi": 59.19282511210752,
  "atr_pct": 0.011708006217071753,
  "ema_slope": 2.3309962194698734e-05,
  "chop": 48.690344638224815,
  "macd_hist": 0.00109878395468043,
  "bb_width_pct": 0.027376915283721298,
  "fvg": {
    "bull": true,
    "bear": false,
    "size": 0.00046853037638601745
  },
  "stake_usdt": 400.0,
  "pos_size": 622.2775357809583,
  "risk_usdt": 25.0,
  "risk_pct": 0.25,
  "score": 0.65,
  "reasons": [],
  "user_id": null,
  "style": "day",
  "risk_mode": "defensive"
}
