{
  "id": "4f05563a-d434-4f62-98df-d5074cbacfa4",
  "ts": "2025-10-19T12:54:42Z",
  "strategy": "go_v1",
  "mode": "offensive",
  "symbol": "BNB/USDT",
  "timeframe": "1h",
  "side": "SHORT",
  "entry": 1095.97,
  "stop": 1111.7516885120021,
  "tp": 1062.8284541247954,
  "rr": 2.1,
  "prob_win": 66.65216386878174,
  "ev_r": 1.0662170799322341,
  "rsi": 52.82612043739419,
  "atr_pct": 0.011900615690679652,
  "ema_slope": -0.3032338587222341,
  "chop": 53.449040443038896,
  "macd_hist": 1.3291176932310007,
  "bb_width_pct": 0.025593707227620884,
  "fvg": {
    "bull": false,
    "bear": false,
    "size": 0.0
  },
  "stake_usdt": 400.0,
  "pos_size": 0.36497349380001276,
  "risk_usdt": 25.0,
  "risk_pct": 0.25,
  "score": 0.55,
  "reasons": [],
  "user_id": null,
  "style": "day",
  "risk_mode": "defensive"
}
