{
  "id": "4f40ff38-fda3-43d6-8772-50e0ccb6efbc",
  "ts": "2025-10-19T12:24:58Z",
  "strategy": "go_v1",
  "mode": "offensive",
  "symbol": "BNB/USDT",
  "timeframe": "1h",
  "side": "SHORT",
  "entry": 1094.82,
  "stop": 1110.601688512002,
  "tp": 1061.6784541247955,
  "rr": 2.1,
  "prob_win": 66.92796610169492,
  "ev_r": 1.0747669491525427,
  "rsi": 51.906779661016934,
  "atr_pct": 0.011913116109053707,
  "ema_slope": -0.30479848457258757,
  "chop": 53.449040443038896,
  "macd_hist": 1.255727379840482,
  "bb_width_pct": 0.025468733326723246,
  "fvg": {
    "bull": false,
    "bear": false,
    "size": 0.0
  },
  "stake_usdt": 400.0,
  "pos_size": 0.3653568623152665,
  "risk_usdt": 25.0,
  "risk_pct": 0.25,
  "score": 0.55,
  "reasons": [],
  "user_id": null,
  "style": "day",
  "risk_mode": "defensive"
}
