{
  "id": "4f46fdec-f548-45f1-b734-d051f788129d",
  "ts": "2025-10-19T12:49:56Z",
  "strategy": "go_v1",
  "mode": "offensive",
  "symbol": "ADA/USDT",
  "timeframe": "1h",
  "side": "LONG",
  "entry": 0.6387,
  "stop": 0.6297514637688422,
  "tp": 0.6574919260854316,
  "rr": 2.1,
  "prob_win": 70.49418604651163,
  "ev_r": 1.1853197674418605,
  "rsi": 55.81395348837212,
  "atr_pct": 0.011578964284578448,
  "ema_slope": 3.183008150973139e-05,
  "chop": 49.482547391257114,
  "macd_hist": 0.0010241227563610907,
  "bb_width_pct": 0.027279333981815323,
  "fvg": {
    "bull": false,
    "bear": false,
    "size": 0.0
  },
  "stake_usdt": 400.0,
  "pos_size": 626.2721152340691,
  "risk_usdt": 25.0,
  "risk_pct": 0.25,
  "score": 0.65,
  "reasons": [],
  "user_id": null,
  "style": "day",
  "risk_mode": "defensive"
}
