{
  "id": "4fa6b202-74c2-4381-bf89-1d2be26475ea",
  "ts": "2025-10-19T12:33:28Z",
  "strategy": "go_v1",
  "mode": "offensive",
  "symbol": "BNB/USDT",
  "timeframe": "1h",
  "side": "SHORT",
  "entry": 1097.24,
  "stop": 1113.0216885120021,
  "tp": 1064.0984541247956,
  "rr": 2.1,
  "prob_win": 66.33600377002826,
  "ev_r": 1.056416116870876,
  "rsi": 53.87998743323914,
  "atr_pct": 0.011886841327799004,
  "ema_slope": -0.30150596756575615,
  "chop": 53.449040443038896,
  "macd_hist": 1.410166126279455,
  "bb_width_pct": 0.025769068720442812,
  "fvg": {
    "bull": false,
    "bear": false,
    "size": 0.0
  },
  "stake_usdt": 400.0,
  "pos_size": 0.3645510553753053,
  "risk_usdt": 25.0,
  "risk_pct": 0.25,
  "score": 0.55,
  "reasons": [],
  "user_id": null,
  "style": "day",
  "risk_mode": "defensive"
}
