{
  "id": "4fec6fbc-9cce-4ef9-b9d8-0b4b1ed97987",
  "ts": "2025-10-18T19:40:52Z",
  "strategy": "go_v1",
  "mode": "neutral",
  "symbol": "BTC/USDT",
  "timeframe": "1h",
  "side": "LONG",
  "entry": 106905.2,
  "stop": 106320.27623803422,
  "tp": 107958.0627715384,
  "rr": 1.8,
  "prob_win": 68.68300515952409,
  "ev_r": 0.9231241444666742,
  "rsi": 53.94335053174692,
  "atr_pct": 0.004974022540665392,
  "ema_slope": 3.8933542268392736,
  "chop": 62.838608804123,
  "macd_hist": 37.60718739197954,
  "bb_width_pct": 0.006795797022067914,
  "fvg": {
    "bull": false,
    "bear": false,
    "size": 0.0
  },
  "stake_usdt": 400.0,
  "pos_size": 0.0037416327737097915,
  "risk_usdt": 25.0,
  "risk_pct": 0.25,
  "score": 0.65,
  "reasons": [],
  "user_id": null,
  "style": "day",
  "risk_mode": "defensive"
}
