{
  "id": "50d2a25c-0e57-401d-9d08-43ec71d61772",
  "ts": "2025-10-19T13:17:20Z",
  "strategy": "go_v1",
  "mode": "offensive",
  "symbol": "ETH/USDT",
  "timeframe": "1h",
  "side": "LONG",
  "entry": 3917.84,
  "stop": 3874.030976279203,
  "tp": 4009.838949813673,
  "rr": 2.1,
  "prob_win": 71.08360246253216,
  "ev_r": 1.203591676338497,
  "rsi": 57.77867487510721,
  "atr_pct": 0.009241266802097877,
  "ema_slope": 1.191120769854467,
  "chop": 49.024207623962376,
  "macd_hist": 3.0440228314157753,
  "bb_width_pct": 0.019437282589371215,
  "fvg": {
    "bull": false,
    "bear": false,
    "size": 0.0
  },
  "stake_usdt": 400.0,
  "pos_size": 0.10209707389786209,
  "risk_usdt": 25.0,
  "risk_pct": 0.25,
  "score": 0.65,
  "reasons": [],
  "user_id": null,
  "style": "day",
  "risk_mode": "defensive"
}
