{
  "id": "516a8f63-76c5-4fd2-8ca3-bacf4a5ceac9",
  "ts": "2025-10-18T17:57:07Z",
  "strategy": "go_v1",
  "mode": "defensive",
  "symbol": "BTC/USDT",
  "timeframe": "1h",
  "side": "LONG",
  "entry": 106835.6,
  "stop": 106259.53610688869,
  "tp": 107757.30222897811,
  "rr": 1.6,
  "prob_win": 65.21253286590712,
  "ev_r": 0.6955258545135853,
  "rsi": 46.541776219690426,
  "atr_pct": 0.00544652456966081,
  "ema_slope": 3.1255337065682376,
  "chop": 65.47588111072038,
  "macd_hist": 43.75986692062966,
  "bb_width_pct": 0.007723330681490508,
  "fvg": {
    "bull": false,
    "bear": false,
    "size": 0.0
  },
  "stake_usdt": 400.0,
  "pos_size": 0.0037440703286170524,
  "risk_usdt": 25.0,
  "risk_pct": 0.25,
  "score": 0.65,
  "reasons": [],
  "user_id": null,
  "style": "day",
  "risk_mode": "defensive"
}
