{
  "id": "51dcf30a-87ee-497e-b424-689a2554983b",
  "ts": "2025-10-19T12:56:04Z",
  "strategy": "go_v1",
  "mode": "offensive",
  "symbol": "BTC/USDT",
  "timeframe": "1h",
  "side": "LONG",
  "entry": 107505.7,
  "stop": 106788.6737148963,
  "tp": 109011.45519871775,
  "rr": 2.1,
  "prob_win": 70.63423436173224,
  "ev_r": 1.1896612652136995,
  "rsi": 56.28078120577415,
  "atr_pct": 0.005512114303681323,
  "ema_slope": 8.880037087493372,
  "chop": 50.30302966388245,
  "macd_hist": 88.26018487721583,
  "bb_width_pct": 0.012741880517646994,
  "fvg": {
    "bull": false,
    "bear": false,
    "size": 0.0
  },
  "stake_usdt": 400.0,
  "pos_size": 0.003720732947183266,
  "risk_usdt": 25.0,
  "risk_pct": 0.25,
  "score": 0.65,
  "reasons": [],
  "user_id": null,
  "style": "day",
  "risk_mode": "defensive"
}
