{
  "id": "5222c997-2868-478a-a784-f472bbb3a93b",
  "ts": "2025-10-19T12:10:54Z",
  "strategy": "go_v1",
  "mode": "offensive",
  "symbol": "BTC/USDT",
  "timeframe": "1h",
  "side": "LONG",
  "entry": 107665.1,
  "stop": 106970.5797148963,
  "tp": 109123.59259871778,
  "rr": 2.1,
  "prob_win": 71.43200142281248,
  "ev_r": 1.2143920441071867,
  "rsi": 58.94000474270825,
  "atr_pct": 0.005331195593532848,
  "ema_slope": 9.096907835795466,
  "chop": 49.07151196417115,
  "macd_hist": 98.43272048975476,
  "bb_width_pct": 0.013207002831190875,
  "fvg": {
    "bull": false,
    "bear": false,
    "size": 0.0
  },
  "stake_usdt": 400.0,
  "pos_size": 0.0037152243391776908,
  "risk_usdt": 25.0,
  "risk_pct": 0.25,
  "score": 0.65,
  "reasons": [],
  "user_id": null,
  "style": "day",
  "risk_mode": "defensive"
}
