{
  "id": "529eec1b-74b2-4307-a3c4-4ac1d76d3ded",
  "ts": "2025-10-19T12:49:37Z",
  "strategy": "go_v1",
  "mode": "offensive",
  "symbol": "BTC/USDT",
  "timeframe": "1h",
  "side": "LONG",
  "entry": 107490.9,
  "stop": 106773.8737148963,
  "tp": 108996.65519871777,
  "rr": 2.1,
  "prob_win": 70.56380010147133,
  "ev_r": 1.1874778031456112,
  "rsi": 56.046000338237754,
  "atr_pct": 0.0055128732450586354,
  "ema_slope": 8.859901033066269,
  "chop": 50.30302966388245,
  "macd_hist": 87.31568345271651,
  "bb_width_pct": 0.012704555749978154,
  "fvg": {
    "bull": false,
    "bear": false,
    "size": 0.0
  },
  "stake_usdt": 400.0,
  "pos_size": 0.00372124524029476,
  "risk_usdt": 25.0,
  "risk_pct": 0.25,
  "score": 0.65,
  "reasons": [],
  "user_id": null,
  "style": "day",
  "risk_mode": "defensive"
}
