{
  "id": "531b07fd-2509-4179-8fba-01938b093aaf",
  "ts": "2025-10-19T12:40:10Z",
  "strategy": "go_v1",
  "mode": "offensive",
  "symbol": "BNB/USDT",
  "timeframe": "1h",
  "side": "SHORT",
  "entry": 1097.01,
  "stop": 1112.791688512002,
  "tp": 1063.8684541247956,
  "rr": 2.1,
  "prob_win": 66.39419314446704,
  "ev_r": 1.0582199874784783,
  "rsi": 53.68602285177653,
  "atr_pct": 0.011889333532524023,
  "ema_slope": -0.30181889273586887,
  "chop": 53.449040443038896,
  "macd_hist": 1.3954880636011693,
  "bb_width_pct": 0.025734436344548285,
  "fvg": {
    "bull": false,
    "bear": false,
    "size": 0.0
  },
  "stake_usdt": 400.0,
  "pos_size": 0.3646274874431409,
  "risk_usdt": 25.0,
  "risk_pct": 0.25,
  "score": 0.55,
  "reasons": [],
  "user_id": null,
  "style": "day",
  "risk_mode": "defensive"
}
