{
  "id": "5369c40f-311f-4b57-b935-928a6e2271f3",
  "ts": "2025-10-19T13:27:07Z",
  "strategy": "go_v1",
  "mode": "offensive",
  "symbol": "SOL/USDT",
  "timeframe": "1h",
  "side": "LONG",
  "entry": 188.65,
  "stop": 186.27004376388354,
  "tp": 193.6479080958446,
  "rr": 2.1,
  "prob_win": 70.2200996677741,
  "ev_r": 1.176823089700997,
  "rsi": 54.90033222591366,
  "atr_pct": 0.010426217759138837,
  "ema_slope": 0.07480245791251344,
  "chop": 52.88366191874238,
  "macd_hist": 0.24617754977148232,
  "bb_width_pct": 0.0273502986953304,
  "fvg": {
    "bull": false,
    "bear": false,
    "size": 0.0
  },
  "stake_usdt": 400.0,
  "pos_size": 2.1203286509408956,
  "risk_usdt": 25.0,
  "risk_pct": 0.25,
  "score": 0.65,
  "reasons": [],
  "user_id": null,
  "style": "day",
  "risk_mode": "defensive"
}
