{
  "id": "53ab1238-2ff3-427a-8035-5bf7426ab337",
  "ts": "2025-10-18T17:37:29Z",
  "strategy": "go_v1",
  "mode": "offensive",
  "symbol": "ADA/USDT",
  "timeframe": "1h",
  "side": "LONG",
  "entry": 0.6336,
  "stop": 0.6247778352345743,
  "tp": 0.6521265460073943,
  "rr": 2.1,
  "prob_win": 69.48643410852713,
  "ev_r": 1.1540794573643414,
  "rsi": 52.45478036175712,
  "atr_pct": 0.011507331535168076,
  "ema_slope": 0.00022239139414372935,
  "chop": 63.343032251406825,
  "macd_hist": 0.00042996211768373926,
  "bb_width_pct": 0.021592629247586658,
  "fvg": {
    "bull": false,
    "bear": false,
    "size": 0.0
  },
  "stake_usdt": 400.0,
  "pos_size": 631.3131313131313,
  "risk_usdt": 25.0,
  "risk_pct": 0.25,
  "score": 0.65,
  "reasons": [],
  "user_id": null,
  "style": "day",
  "risk_mode": "defensive"
}
