{
  "id": "53e6e98f-c6da-4f52-9e4c-051ac1deb7e5",
  "ts": "2025-10-19T13:22:14Z",
  "strategy": "go_v1",
  "mode": "offensive",
  "symbol": "SOL/USDT",
  "timeframe": "1h",
  "side": "LONG",
  "entry": 188.36,
  "stop": 185.98004376388354,
  "tp": 193.3579080958446,
  "rr": 2.1,
  "prob_win": 69.83272506082727,
  "ev_r": 1.1648144768856454,
  "rsi": 53.60908353609091,
  "atr_pct": 0.01044227001625367,
  "ema_slope": 0.07440790008937352,
  "chop": 52.88366191874238,
  "macd_hist": 0.22767042726436537,
  "bb_width_pct": 0.026925139662709544,
  "fvg": {
    "bull": false,
    "bear": false,
    "size": 0.0
  },
  "stake_usdt": 400.0,
  "pos_size": 2.1235931195582927,
  "risk_usdt": 25.0,
  "risk_pct": 0.25,
  "score": 0.65,
  "reasons": [],
  "user_id": null,
  "style": "day",
  "risk_mode": "defensive"
}
