{
  "id": "5402b6b7-a29a-416b-a573-fc0814516e17",
  "ts": "2025-10-19T12:19:12Z",
  "strategy": "go_v1",
  "mode": "offensive",
  "symbol": "BTC/USDT",
  "timeframe": "1h",
  "side": "LONG",
  "entry": 107580.2,
  "stop": 106869.56078632487,
  "tp": 109072.54234871778,
  "rr": 2.1,
  "prob_win": 70.99793985832008,
  "ev_r": 1.2009361356079225,
  "rsi": 57.49313286106695,
  "atr_pct": 0.005459230743842289,
  "ema_slope": 8.981397631710633,
  "chop": 49.957580627382484,
  "macd_hist": 93.01460083163246,
  "bb_width_pct": 0.01294516895728969,
  "fvg": {
    "bull": false,
    "bear": false,
    "size": 0.0
  },
  "stake_usdt": 400.0,
  "pos_size": 0.0037181563150096393,
  "risk_usdt": 25.0,
  "risk_pct": 0.25,
  "score": 0.65,
  "reasons": [],
  "user_id": null,
  "style": "day",
  "risk_mode": "defensive"
}
