{
  "id": "542b6844-5ede-4fd9-b73a-3f3ed922e14e",
  "ts": "2025-10-19T13:00:19Z",
  "strategy": "go_v1",
  "mode": "offensive",
  "symbol": "SOL/USDT",
  "timeframe": "1h",
  "side": "LONG",
  "entry": 188.74,
  "stop": 186.4170866210264,
  "tp": 193.6181180958446,
  "rr": 2.1,
  "prob_win": 70.34414225941424,
  "ev_r": 1.1806684100418416,
  "rsi": 55.31380753138082,
  "atr_pct": 0.010171469339401742,
  "ema_slope": 0.07492490689211553,
  "chop": 51.97913687236054,
  "macd_hist": 0.25192113951507034,
  "bb_width_pct": 0.027494433848190215,
  "fvg": {
    "bull": false,
    "bear": false,
    "size": 0.0
  },
  "stake_usdt": 400.0,
  "pos_size": 2.1193175797393238,
  "risk_usdt": 25.0,
  "risk_pct": 0.25,
  "score": 0.65,
  "reasons": [],
  "user_id": null,
  "style": "day",
  "risk_mode": "defensive"
}
