{
  "id": "54c0e3ee-35fe-4903-8f1e-d4bf3d88df45",
  "ts": "2025-10-19T13:23:46Z",
  "strategy": "go_v1",
  "mode": "offensive",
  "symbol": "ETH/USDT",
  "timeframe": "1h",
  "side": "LONG",
  "entry": 3919.94,
  "stop": 3876.130976279203,
  "tp": 4011.9389498136734,
  "rr": 2.1,
  "prob_win": 71.2692533278931,
  "ev_r": 1.2093468531646858,
  "rsi": 58.39751109297695,
  "atr_pct": 0.009236316047677044,
  "ema_slope": 1.1939779127116097,
  "chop": 49.024207623962376,
  "macd_hist": 3.1780399254331027,
  "bb_width_pct": 0.01958210673176847,
  "fvg": {
    "bull": false,
    "bear": false,
    "size": 0.0
  },
  "stake_usdt": 400.0,
  "pos_size": 0.10204237819966631,
  "risk_usdt": 25.0,
  "risk_pct": 0.25,
  "score": 0.65,
  "reasons": [],
  "user_id": null,
  "style": "day",
  "risk_mode": "defensive"
}
