{
  "id": "54e5c16c-77e2-426d-8a35-ba1506cde84c",
  "ts": "2025-10-19T13:18:52Z",
  "strategy": "go_v1",
  "mode": "offensive",
  "symbol": "BTC/USDT",
  "timeframe": "1h",
  "side": "LONG",
  "entry": 107400.1,
  "stop": 106708.36131201973,
  "tp": 108852.75124475859,
  "rr": 2.1,
  "prob_win": 69.93308679877201,
  "ev_r": 1.167925690761932,
  "rsi": 53.94362266257334,
  "atr_pct": 0.0053229453799335915,
  "ema_slope": 10.824793426031457,
  "chop": 50.82202516390779,
  "macd_hist": 78.94954729852024,
  "bb_width_pct": 0.01318181831492641,
  "fvg": {
    "bull": false,
    "bear": false,
    "size": 0.0
  },
  "stake_usdt": 400.0,
  "pos_size": 0.0037243913180713983,
  "risk_usdt": 25.0,
  "risk_pct": 0.25,
  "score": 0.65,
  "reasons": [],
  "user_id": null,
  "style": "day",
  "risk_mode": "defensive"
}
