{
  "id": "55133efb-da6d-4d9b-8091-c8296828e10b",
  "ts": "2025-10-18T18:12:10Z",
  "strategy": "go_v1",
  "mode": "neutral",
  "symbol": "BTC/USDT",
  "timeframe": "1h",
  "side": "LONG",
  "entry": 106670.9,
  "stop": 106060.43336445927,
  "tp": 107769.7399439733,
  "rr": 1.8,
  "prob_win": 69.26306465899022,
  "ev_r": 0.939365810451726,
  "rsi": 55.876882196634064,
  "atr_pct": 0.005202634164269602,
  "ema_slope": 3.6026552301197126,
  "chop": 63.70241207562841,
  "macd_hist": 28.14152254569953,
  "bb_width_pct": 0.007705636893592926,
  "fvg": {
    "bull": false,
    "bear": false,
    "size": 0.0
  },
  "stake_usdt": 400.0,
  "pos_size": 0.003749851177781382,
  "risk_usdt": 25.0,
  "risk_pct": 0.25,
  "score": 0.65,
  "reasons": [],
  "user_id": null,
  "style": "day",
  "risk_mode": "defensive"
}
