{
  "id": "551daa8c-4f6d-469f-8e57-82f3de3540b5",
  "ts": "2025-10-19T13:17:15Z",
  "strategy": "go_v1",
  "mode": "offensive",
  "symbol": "BTC/USDT",
  "timeframe": "1h",
  "side": "LONG",
  "entry": 107419.8,
  "stop": 106728.06131201972,
  "tp": 108872.4512447586,
  "rr": 2.1,
  "prob_win": 70.02255633822581,
  "ev_r": 1.1706992464850003,
  "rsi": 54.24185446075272,
  "atr_pct": 0.005321969190962986,
  "ema_slope": 10.851596147117759,
  "chop": 50.82202516390779,
  "macd_hist": 80.20675527573322,
  "bb_width_pct": 0.01321685268152054,
  "fvg": {
    "bull": false,
    "bear": false,
    "size": 0.0
  },
  "stake_usdt": 400.0,
  "pos_size": 0.0037237082921398102,
  "risk_usdt": 25.0,
  "risk_pct": 0.25,
  "score": 0.65,
  "reasons": [],
  "user_id": null,
  "style": "day",
  "risk_mode": "defensive"
}
