{
  "id": "553231d9-7b2c-4468-abdd-f3d821a9a658",
  "ts": "2025-10-19T12:20:55Z",
  "strategy": "go_v1",
  "mode": "offensive",
  "symbol": "BTC/USDT",
  "timeframe": "1h",
  "side": "LONG",
  "entry": 107558.1,
  "stop": 106847.46078632488,
  "tp": 109050.44234871778,
  "rr": 2.1,
  "prob_win": 70.8884244095846,
  "ev_r": 1.1975411566971228,
  "rsi": 57.128081365282,
  "atr_pct": 0.005460352453870998,
  "ema_slope": 8.951329604494841,
  "chop": 49.957580627382484,
  "macd_hist": 91.60423046125933,
  "bb_width_pct": 0.012882221096967383,
  "fvg": {
    "bull": false,
    "bear": false,
    "size": 0.0
  },
  "stake_usdt": 400.0,
  "pos_size": 0.0037189202858734023,
  "risk_usdt": 25.0,
  "risk_pct": 0.25,
  "score": 0.65,
  "reasons": [],
  "user_id": null,
  "style": "day",
  "risk_mode": "defensive"
}
