{
  "id": "555561a0-5af3-4851-af5d-33780e5b9bc4",
  "ts": "2025-10-19T12:25:56Z",
  "strategy": "go_v1",
  "mode": "offensive",
  "symbol": "ADA/USDT",
  "timeframe": "1h",
  "side": "LONG",
  "entry": 0.6404,
  "stop": 0.6315033209116993,
  "tp": 0.6590830260854316,
  "rr": 2.1,
  "prob_win": 71.11842105263155,
  "ev_r": 1.2046710526315783,
  "rsi": 57.89473684210517,
  "atr_pct": 0.01148130441240337,
  "ema_slope": 3.414300667978217e-05,
  "chop": 49.25788872030878,
  "macd_hist": 0.001132612784851051,
  "bb_width_pct": 0.027968191159517614,
  "fvg": {
    "bull": false,
    "bear": false,
    "size": 0.0
  },
  "stake_usdt": 400.0,
  "pos_size": 624.6096189881324,
  "risk_usdt": 25.0,
  "risk_pct": 0.25,
  "score": 0.65,
  "reasons": [],
  "user_id": null,
  "style": "day",
  "risk_mode": "defensive"
}
