{
  "id": "55871b1f-232b-49f2-91a7-c002aedcffb0",
  "ts": "2025-10-18T18:57:31Z",
  "strategy": "go_v1",
  "mode": "neutral",
  "symbol": "BTC/USDT",
  "timeframe": "1h",
  "side": "LONG",
  "entry": 106778.5,
  "stop": 106167.89979303071,
  "tp": 107877.58037254473,
  "rr": 1.8,
  "prob_win": 70.10184151785714,
  "ev_r": 0.9628515625,
  "rsi": 58.67280505952383,
  "atr_pct": 0.005198528704231793,
  "ema_slope": 3.7490497879381466,
  "chop": 63.7138628566858,
  "macd_hist": 35.008303172473376,
  "bb_width_pct": 0.00764101547630144,
  "fvg": {
    "bull": false,
    "bear": false,
    "size": 0.0
  },
  "stake_usdt": 400.0,
  "pos_size": 0.0037460724771372516,
  "risk_usdt": 25.0,
  "risk_pct": 0.25,
  "score": 0.65,
  "reasons": [],
  "user_id": null,
  "style": "day",
  "risk_mode": "defensive"
}
