{
  "id": "558d1e5d-7619-4f19-aa35-a72975a43d3d",
  "ts": "2025-10-19T12:37:35Z",
  "strategy": "go_v1",
  "mode": "offensive",
  "symbol": "SOL/USDT",
  "timeframe": "1h",
  "side": "LONG",
  "entry": 188.77,
  "stop": 186.28329327582242,
  "tp": 193.99208412077294,
  "rr": 2.1,
  "prob_win": 70.71399345335519,
  "ev_r": 1.1921337970540107,
  "rsi": 56.546644844517296,
  "atr_pct": 0.010886949854922445,
  "ema_slope": 0.07246508306611847,
  "chop": 52.897202143352764,
  "macd_hist": 0.24130769956965165,
  "bb_width_pct": 0.026023552693425284,
  "fvg": {
    "bull": false,
    "bear": false,
    "size": 0.0
  },
  "stake_usdt": 400.0,
  "pos_size": 2.11898077024951,
  "risk_usdt": 25.0,
  "risk_pct": 0.25,
  "score": 0.65,
  "reasons": [],
  "user_id": null,
  "style": "day",
  "risk_mode": "defensive"
}
