{
  "id": "56600d48-3c56-44ff-b9dc-1860d4aa53b8",
  "ts": "2025-10-18T18:57:46Z",
  "strategy": "go_v1",
  "mode": "offensive",
  "symbol": "BNB/USDT",
  "timeframe": "1h",
  "side": "LONG",
  "entry": 1096.61,
  "stop": 1080.0241957117298,
  "tp": 1131.243568472014,
  "rr": 2.088145251810767,
  "prob_win": 73.69068368379624,
  "ev_r": 1.2756753492080448,
  "rsi": 58.13561227932076,
  "atr_pct": 0.012499681993869903,
  "ema_slope": 0.7233321578987643,
  "chop": 48.36256589049292,
  "macd_hist": 0.5356882960363792,
  "bb_width_pct": 0.04185474818923313,
  "fvg": {
    "bull": false,
    "bear": false,
    "size": 0.0
  },
  "stake_usdt": 400.0,
  "pos_size": 0.364760489143816,
  "risk_usdt": 25.0,
  "risk_pct": 0.25,
  "score": 0.85,
  "reasons": [],
  "user_id": null,
  "style": "day",
  "risk_mode": "defensive"
}
