{
  "id": "5697f967-99d6-42a7-95e5-91f209a7ea90",
  "ts": "2025-10-19T11:44:30Z",
  "strategy": "go_v1",
  "mode": "offensive",
  "symbol": "ADA/USDT",
  "timeframe": "1h",
  "side": "LONG",
  "entry": 0.6427,
  "stop": 0.6337665104032933,
  "tp": 0.6614603281530841,
  "rr": 2.1,
  "prob_win": 71.46812080536911,
  "ev_r": 1.2155117449664423,
  "rsi": 59.06040268456368,
  "atr_pct": 0.011487551351293885,
  "ema_slope": 2.3173907772951152e-05,
  "chop": 47.92014905414471,
  "macd_hist": 0.0010924021882985945,
  "bb_width_pct": 0.02730911342898528,
  "fvg": {
    "bull": true,
    "bear": false,
    "size": 0.003592066218959814
  },
  "stake_usdt": 400.0,
  "pos_size": 622.3743581764431,
  "risk_usdt": 25.0,
  "risk_pct": 0.25,
  "score": 0.65,
  "reasons": [],
  "user_id": null,
  "style": "day",
  "risk_mode": "defensive"
}
