{
  "id": "570c805d-e1df-4353-9e5e-d578e37fe495",
  "ts": "2025-10-19T12:49:47Z",
  "strategy": "go_v1",
  "mode": "offensive",
  "symbol": "SOL/USDT",
  "timeframe": "1h",
  "side": "LONG",
  "entry": 188.62,
  "stop": 186.1332932758224,
  "tp": 193.84208412077294,
  "rr": 2.1,
  "prob_win": 70.50828617623284,
  "ev_r": 1.1857568714632185,
  "rsi": 55.860953920776154,
  "atr_pct": 0.01089560769862003,
  "ema_slope": 0.07226100143347167,
  "chop": 52.897202143352764,
  "macd_hist": 0.23173504999700495,
  "bb_width_pct": 0.02574931963702522,
  "fvg": {
    "bull": false,
    "bear": false,
    "size": 0.0
  },
  "stake_usdt": 400.0,
  "pos_size": 2.120665889089174,
  "risk_usdt": 25.0,
  "risk_pct": 0.25,
  "score": 0.65,
  "reasons": [],
  "user_id": null,
  "style": "day",
  "risk_mode": "defensive"
}
