{
  "id": "5781e976-936a-4fb1-9e27-282f0e04dc86",
  "ts": "2025-10-19T12:54:47Z",
  "strategy": "go_v1",
  "mode": "offensive",
  "symbol": "ADA/USDT",
  "timeframe": "1h",
  "side": "LONG",
  "entry": 0.6392,
  "stop": 0.630251463768842,
  "tp": 0.6579919260854317,
  "rr": 2.1,
  "prob_win": 70.67307692307692,
  "ev_r": 1.1908653846153845,
  "rsi": 56.41025641025636,
  "atr_pct": 0.011569906896996645,
  "ema_slope": 3.2510353618606055e-05,
  "chop": 49.482547391257114,
  "macd_hist": 0.001056031588269913,
  "bb_width_pct": 0.027463115810567915,
  "fvg": {
    "bull": false,
    "bear": false,
    "size": 0.0
  },
  "stake_usdt": 400.0,
  "pos_size": 625.7822277847309,
  "risk_usdt": 25.0,
  "risk_pct": 0.25,
  "score": 0.65,
  "reasons": [],
  "user_id": null,
  "style": "day",
  "risk_mode": "defensive"
}
