{
  "id": "5791f77d-401a-42bb-8906-3f72f03765b8",
  "ts": "2025-10-19T13:16:46Z",
  "strategy": "go_v1",
  "mode": "offensive",
  "symbol": "ADA/USDT",
  "timeframe": "1h",
  "side": "LONG",
  "entry": 0.6418,
  "stop": 0.6331967878189813,
  "tp": 0.6598663110519662,
  "rr": 2.0999494923333306,
  "prob_win": 71.33849557522123,
  "ev_r": 1.211457331422306,
  "rsi": 58.62831858407076,
  "atr_pct": 0.011078361968815459,
  "ema_slope": 6.0149812227764345e-05,
  "chop": 49.89099377602733,
  "macd_hist": 0.0012209514591330762,
  "bb_width_pct": 0.030050507666669418,
  "fvg": {
    "bull": false,
    "bear": false,
    "size": 0.0
  },
  "stake_usdt": 400.0,
  "pos_size": 623.2471174820816,
  "risk_usdt": 25.0,
  "risk_pct": 0.25,
  "score": 0.65,
  "reasons": [],
  "user_id": null,
  "style": "day",
  "risk_mode": "defensive"
}
