{
  "id": "579315f2-245f-4653-a871-b2c1a58372af",
  "ts": "2025-10-18T18:21:43Z",
  "strategy": "go_v1",
  "mode": "neutral",
  "symbol": "BTC/USDT",
  "timeframe": "1h",
  "side": "LONG",
  "entry": 106682.6,
  "stop": 106072.13336445928,
  "tp": 107781.43994397331,
  "rr": 1.8,
  "prob_win": 69.3503761741531,
  "ev_r": 0.9418105328762867,
  "rsi": 56.167920580510334,
  "atr_pct": 0.005202063585564902,
  "ema_slope": 3.61857359746345,
  "chop": 63.70241207562841,
  "macd_hist": 28.88818921236698,
  "bb_width_pct": 0.007693777761873766,
  "fvg": {
    "bull": false,
    "bear": false,
    "size": 0.0
  },
  "stake_usdt": 400.0,
  "pos_size": 0.003749439927410843,
  "risk_usdt": 25.0,
  "risk_pct": 0.25,
  "score": 0.65,
  "reasons": [],
  "user_id": 1405575660566745148,
  "style": "day",
  "risk_mode": "defensive"
}
