{
  "id": "57979c66-f595-46ba-a628-1d3fd7ce08d6",
  "ts": "2025-10-19T13:30:24Z",
  "strategy": "go_v1",
  "mode": "offensive",
  "symbol": "BNB/USDT",
  "timeframe": "1h",
  "side": "SHORT",
  "entry": 1094.39,
  "stop": 1109.6200392456155,
  "tp": 1062.4069175842078,
  "rr": 2.1,
  "prob_win": 66.95854100589032,
  "ev_r": 1.0757147711826,
  "rsi": 51.804863313698924,
  "atr_pct": 0.011501210074924812,
  "ema_slope": -0.2847920680789389,
  "chop": 53.87205535803666,
  "macd_hist": 1.2583023307557761,
  "bb_width_pct": 0.025518130121337454,
  "fvg": {
    "bull": false,
    "bear": false,
    "size": 0.0
  },
  "stake_usdt": 400.0,
  "pos_size": 0.3655004157567229,
  "risk_usdt": 25.0,
  "risk_pct": 0.25,
  "score": 0.55,
  "reasons": [],
  "user_id": null,
  "style": "day",
  "risk_mode": "defensive"
}
