{
  "id": "57b134bf-a010-4071-a84c-7aef6b552099",
  "ts": "2025-10-18T19:55:56Z",
  "strategy": "go_v1",
  "mode": "offensive",
  "symbol": "ETH/USDT",
  "timeframe": "1h",
  "side": "LONG",
  "entry": 3889.85,
  "stop": 3851.13291465534,
  "tp": 3971.1558792237865,
  "rr": 2.1,
  "prob_win": 71.62288332173512,
  "ev_r": 1.2203093829737888,
  "rsi": 59.57627773911709,
  "atr_pct": 0.008225919044162115,
  "ema_slope": 1.9693660840313685,
  "chop": 58.29065516788576,
  "macd_hist": 2.0955053577624856,
  "bb_width_pct": 0.015020196122230907,
  "fvg": {
    "bull": false,
    "bear": false,
    "size": 0.0
  },
  "stake_usdt": 400.0,
  "pos_size": 0.10283172872989961,
  "risk_usdt": 25.0,
  "risk_pct": 0.25,
  "score": 0.65,
  "reasons": [],
  "user_id": null,
  "style": "day",
  "risk_mode": "defensive"
}
