{
  "id": "57cb5693-51a1-4dd1-9d4a-73d08950f69b",
  "ts": "2025-10-18T19:46:11Z",
  "strategy": "go_v1",
  "mode": "offensive",
  "symbol": "ADA/USDT",
  "timeframe": "1h",
  "side": "LONG",
  "entry": 0.6359,
  "stop": 0.6275856979429377,
  "tp": 0.6533600343198307,
  "rr": 2.1,
  "prob_win": 65.67910447761196,
  "ev_r": 1.0360522388059707,
  "rsi": 60.59701492537321,
  "atr_pct": 0.01080566757996701,
  "ema_slope": 0.0002443750924303253,
  "chop": 64.8503183763246,
  "macd_hist": 0.0006503106794539048,
  "bb_width_pct": 0.020890718354097355,
  "fvg": {
    "bull": false,
    "bear": false,
    "size": 0.0
  },
  "stake_usdt": 400.0,
  "pos_size": 629.0297216543481,
  "risk_usdt": 25.0,
  "risk_pct": 0.25,
  "score": 0.35,
  "reasons": [],
  "user_id": null,
  "style": "day",
  "risk_mode": "defensive"
}
