{
  "id": "57f02abe-ac79-4a49-ae5d-d7e8a8417fd4",
  "ts": "2025-10-19T12:53:03Z",
  "strategy": "go_v1",
  "mode": "offensive",
  "symbol": "SOL/USDT",
  "timeframe": "1h",
  "side": "LONG",
  "entry": 188.71,
  "stop": 186.2232932758224,
  "tp": 193.93208412077297,
  "rr": 2.1,
  "prob_win": 70.63110749185671,
  "ev_r": 1.189564332247558,
  "rsi": 56.27035830618902,
  "atr_pct": 0.01089041134075412,
  "ema_slope": 0.07238345041305624,
  "chop": 52.897202143352764,
  "macd_hist": 0.23747863974061567,
  "bb_width_pct": 0.025911939442249038,
  "fvg": {
    "bull": false,
    "bear": false,
    "size": 0.0
  },
  "stake_usdt": 400.0,
  "pos_size": 2.1196544963171,
  "risk_usdt": 25.0,
  "risk_pct": 0.25,
  "score": 0.65,
  "reasons": [],
  "user_id": null,
  "style": "day",
  "risk_mode": "defensive"
}
