{
  "id": "58e3dc86-16db-46c7-9f3a-7154f929fe5e",
  "ts": "2025-10-19T13:14:49Z",
  "strategy": "go_v1",
  "mode": "offensive",
  "symbol": "BTC/USDT",
  "timeframe": "1h",
  "side": "LONG",
  "entry": 107331.1,
  "stop": 106639.36131201973,
  "tp": 108783.7512447586,
  "rr": 2.1,
  "prob_win": 69.62732749178535,
  "ev_r": 1.158447152245346,
  "rsi": 52.92442497261783,
  "atr_pct": 0.005326367344594491,
  "ema_slope": 10.730915875009128,
  "chop": 50.82202516390779,
  "macd_hist": 74.54612849510731,
  "bb_width_pct": 0.013073884657852211,
  "fvg": {
    "bull": false,
    "bear": false,
    "size": 0.0
  },
  "stake_usdt": 400.0,
  "pos_size": 0.00372678561945233,
  "risk_usdt": 25.0,
  "risk_pct": 0.25,
  "score": 0.65,
  "reasons": [],
  "user_id": null,
  "style": "day",
  "risk_mode": "defensive"
}
