{
  "id": "58ecec22-73da-467d-bfbf-1527e56098e0",
  "ts": "2025-10-19T13:25:34Z",
  "strategy": "go_v1",
  "mode": "offensive",
  "symbol": "BNB/USDT",
  "timeframe": "1h",
  "side": "SHORT",
  "entry": 1093.19,
  "stop": 1108.4200392456155,
  "tp": 1061.2069175842078,
  "rr": 2.1,
  "prob_win": 67.23520249221183,
  "ev_r": 1.0842912772585667,
  "rsi": 50.88265835929391,
  "atr_pct": 0.011513835009373453,
  "ema_slope": -0.2864247211402184,
  "chop": 53.87205535803666,
  "macd_hist": 1.1817211341744207,
  "bb_width_pct": 0.025436695682649328,
  "fvg": {
    "bull": false,
    "bear": false,
    "size": 0.0
  },
  "stake_usdt": 400.0,
  "pos_size": 0.3659016273474876,
  "risk_usdt": 25.0,
  "risk_pct": 0.25,
  "score": 0.55,
  "reasons": [],
  "user_id": null,
  "style": "day",
  "risk_mode": "defensive"
}
