{
  "id": "59119e7e-ff20-42f0-8492-081ddb08bab0",
  "ts": "2025-10-19T12:14:24Z",
  "strategy": "go_v1",
  "mode": "offensive",
  "symbol": "BNB/USDT",
  "timeframe": "1h",
  "side": "SHORT",
  "entry": 1094.83,
  "stop": 1110.490688512002,
  "tp": 1061.9425541247954,
  "rr": 2.1,
  "prob_win": 66.92560920236113,
  "ev_r": 1.074693885273195,
  "rsi": 51.91463599212955,
  "atr_pct": 0.011821668915278331,
  "ema_slope": -0.30478487913041635,
  "chop": 53.13920782419095,
  "macd_hist": 1.2563655564787948,
  "bb_width_pct": 0.02546967996970996,
  "fvg": {
    "bull": false,
    "bear": false,
    "size": 0.0
  },
  "stake_usdt": 400.0,
  "pos_size": 0.36535352520482633,
  "risk_usdt": 25.0,
  "risk_pct": 0.25,
  "score": 0.55,
  "reasons": [],
  "user_id": null,
  "style": "day",
  "risk_mode": "defensive"
}
