{
  "id": "596349f5-6f5e-4830-abb9-c01724603dda",
  "ts": "2025-10-19T12:59:25Z",
  "strategy": "go_v1",
  "mode": "offensive",
  "symbol": "ETH/USDT",
  "timeframe": "1h",
  "side": "LONG",
  "entry": 3919.71,
  "stop": 3873.6749666076553,
  "tp": 4016.3835701239245,
  "rr": 2.1,
  "prob_win": 71.43690416457599,
  "ev_r": 1.214544029101856,
  "rsi": 58.95634721525334,
  "atr_pct": 0.00970619819895704,
  "ema_slope": 1.1188169768543677,
  "chop": 48.82625626730335,
  "macd_hist": 3.2680933252247986,
  "bb_width_pct": 0.018466587301196356,
  "fvg": {
    "bull": false,
    "bear": false,
    "size": 0.0
  },
  "stake_usdt": 400.0,
  "pos_size": 0.1020483658229818,
  "risk_usdt": 25.0,
  "risk_pct": 0.25,
  "score": 0.65,
  "reasons": [],
  "user_id": null,
  "style": "day",
  "risk_mode": "defensive"
}
