{
  "id": "597e6a61-ecc1-491a-ac39-e1f29c5b57c9",
  "ts": "2025-10-19T12:07:43Z",
  "strategy": "go_v1",
  "mode": "offensive",
  "symbol": "ETH/USDT",
  "timeframe": "1h",
  "side": "LONG",
  "entry": 3926.57,
  "stop": 3881.611866607655,
  "tp": 4020.982080123925,
  "rr": 2.1,
  "prob_win": 65.6732776617954,
  "ev_r": 1.035871607515657,
  "rsi": 60.57759220598464,
  "atr_pct": 0.009462579845115183,
  "ema_slope": 1.1281503101876635,
  "chop": 47.948473412355916,
  "macd_hist": 3.7058824990139314,
  "bb_width_pct": 0.019064591663072554,
  "fvg": {
    "bull": false,
    "bear": false,
    "size": 0.0
  },
  "stake_usdt": 400.0,
  "pos_size": 0.10187007999348031,
  "risk_usdt": 25.0,
  "risk_pct": 0.25,
  "score": 0.35,
  "reasons": [],
  "user_id": null,
  "style": "day",
  "risk_mode": "defensive"
}
