{
  "id": "59a1d994-adf1-4361-bba9-a0adcdb0db28",
  "ts": "2025-10-19T12:56:19Z",
  "strategy": "go_v1",
  "mode": "offensive",
  "symbol": "BNB/USDT",
  "timeframe": "1h",
  "side": "SHORT",
  "entry": 1096.91,
  "stop": 1112.6916885120022,
  "tp": 1063.7684541247954,
  "rr": 2.1,
  "prob_win": 66.41936240037502,
  "ev_r": 1.0590002344116258,
  "rsi": 53.60212533208325,
  "atr_pct": 0.011890417425781676,
  "ema_slope": -0.3019549471576159,
  "chop": 53.449040443038896,
  "macd_hist": 1.3891062972194956,
  "bb_width_pct": 0.02571977318785233,
  "fvg": {
    "bull": false,
    "bear": false,
    "size": 0.0
  },
  "stake_usdt": 400.0,
  "pos_size": 0.3646607287744664,
  "risk_usdt": 25.0,
  "risk_pct": 0.25,
  "score": 0.55,
  "reasons": [],
  "user_id": null,
  "style": "day",
  "risk_mode": "defensive"
}
