{
  "id": "59b8dac3-d513-4fb2-96f8-fa9234d20682",
  "ts": "2025-10-19T12:30:02Z",
  "strategy": "go_v1",
  "mode": "offensive",
  "symbol": "SOL/USDT",
  "timeframe": "1h",
  "side": "LONG",
  "entry": 188.43,
  "stop": 185.9432932758224,
  "tp": 193.65208412077297,
  "rr": 2.1,
  "prob_win": 70.25477707006372,
  "ev_r": 1.1778980891719755,
  "rsi": 55.015923566879074,
  "atr_pct": 0.010906594088593695,
  "ema_slope": 0.07200249803209628,
  "chop": 52.897202143352764,
  "macd_hist": 0.21960969387165247,
  "bb_width_pct": 0.02542538236136724,
  "fvg": {
    "bull": false,
    "bear": false,
    "size": 0.0
  },
  "stake_usdt": 400.0,
  "pos_size": 2.1228042243804066,
  "risk_usdt": 25.0,
  "risk_pct": 0.25,
  "score": 0.65,
  "reasons": [],
  "user_id": null,
  "style": "day",
  "risk_mode": "defensive"
}
