{
  "id": "59ca07a1-09e8-48e0-91a8-db753f04c394",
  "ts": "2025-10-19T12:16:49Z",
  "strategy": "go_v1",
  "mode": "offensive",
  "symbol": "ETH/USDT",
  "timeframe": "1h",
  "side": "LONG",
  "entry": 3913.51,
  "stop": 3868.0574951790836,
  "tp": 4008.960260123925,
  "rr": 2.1,
  "prob_win": 70.90328467153284,
  "ev_r": 1.1980018248175182,
  "rsi": 57.17761557177615,
  "atr_pct": 0.009598558217816062,
  "ema_slope": 1.110381602704581,
  "chop": 48.35396258651578,
  "macd_hist": 2.8724238095548564,
  "bb_width_pct": 0.01802184704037621,
  "fvg": {
    "bull": false,
    "bear": false,
    "size": 0.0
  },
  "stake_usdt": 400.0,
  "pos_size": 0.10221003651453554,
  "risk_usdt": 25.0,
  "risk_pct": 0.25,
  "score": 0.65,
  "reasons": [],
  "user_id": null,
  "style": "day",
  "risk_mode": "defensive"
}
