{
  "id": "5a243e10-f565-405f-af33-fbae178afa4f",
  "ts": "2025-10-18T20:05:52Z",
  "strategy": "go_v1",
  "mode": "neutral",
  "symbol": "BTC/USDT",
  "timeframe": "1h",
  "side": "LONG",
  "entry": 107030.3,
  "stop": 106474.31905776654,
  "tp": 108031.06569602022,
  "rr": 1.8,
  "prob_win": 69.23607601334277,
  "ev_r": 0.9386101283735975,
  "rsi": 55.78692004447588,
  "atr_pct": 0.004722375067735384,
  "ema_slope": 4.52651404836124,
  "chop": 62.342156205715995,
  "macd_hist": 49.71950904791852,
  "bb_width_pct": 0.007148267557804703,
  "fvg": {
    "bull": true,
    "bear": false,
    "size": 0.0009553126988286034
  },
  "stake_usdt": 400.0,
  "pos_size": 0.0037372594489597805,
  "risk_usdt": 25.0,
  "risk_pct": 0.25,
  "score": 0.65,
  "reasons": [],
  "user_id": null,
  "style": "day",
  "risk_mode": "defensive"
}
