{
  "id": "5a8cf250-7149-4aa4-98ba-f41626dc2dc1",
  "ts": "2025-10-19T13:29:21Z",
  "strategy": "go_v1",
  "mode": "offensive",
  "symbol": "BTC/USDT",
  "timeframe": "1h",
  "side": "LONG",
  "entry": 107375.9,
  "stop": 106684.16131201971,
  "tp": 108828.55124475858,
  "rr": 2.1,
  "prob_win": 69.82451763140382,
  "ev_r": 1.1645600465735186,
  "rsi": 53.58172543801277,
  "atr_pct": 0.005324145046508628,
  "ema_slope": 10.791868255958521,
  "chop": 50.82202516390779,
  "macd_hist": 77.40515983413198,
  "bb_width_pct": 0.013141331487691133,
  "fvg": {
    "bull": false,
    "bear": false,
    "size": 0.0
  },
  "stake_usdt": 400.0,
  "pos_size": 0.003725230708194297,
  "risk_usdt": 25.0,
  "risk_pct": 0.25,
  "score": 0.65,
  "reasons": [],
  "user_id": null,
  "style": "day",
  "risk_mode": "defensive"
}
