{
  "id": "5add83f5-23d9-46c2-9294-a394bda39896",
  "ts": "2025-10-19T12:00:18Z",
  "strategy": "go_v1",
  "mode": "offensive",
  "symbol": "ETH/USDT",
  "timeframe": "1h",
  "side": "LONG",
  "entry": 3923.62,
  "stop": 3879.3169951790833,
  "tp": 4016.6563101239244,
  "rr": 2.1,
  "prob_win": 71.747275891641,
  "ev_r": 1.224165552640871,
  "rsi": 59.990919638803305,
  "atr_pct": 0.009331702247160876,
  "ema_slope": 1.1241367047455133,
  "chop": 47.404355985856355,
  "macd_hist": 3.5176203907516523,
  "bb_width_pct": 0.018794399337490192,
  "fvg": {
    "bull": false,
    "bear": false,
    "size": 0.0
  },
  "stake_usdt": 400.0,
  "pos_size": 0.1019466716960358,
  "risk_usdt": 25.0,
  "risk_pct": 0.25,
  "score": 0.65,
  "reasons": [],
  "user_id": null,
  "style": "day",
  "risk_mode": "defensive"
}
