{
  "id": "5b43dcf3-06cf-45d1-947b-c86d6103919e",
  "ts": "2025-10-19T12:11:42Z",
  "strategy": "go_v1",
  "mode": "offensive",
  "symbol": "BTC/USDT",
  "timeframe": "1h",
  "side": "LONG",
  "entry": 107606.9,
  "stop": 106909.38928632486,
  "tp": 109071.67249871776,
  "rr": 2.1,
  "prob_win": 71.13213182586396,
  "ev_r": 1.2050960866017828,
  "rsi": 57.94043941954655,
  "atr_pct": 0.005357046204924615,
  "ema_slope": 9.017724162322239,
  "chop": 49.237470990047804,
  "macd_hist": 94.71853245556257,
  "bb_width_pct": 0.013024127943309323,
  "fvg": {
    "bull": false,
    "bear": false,
    "size": 0.0
  },
  "stake_usdt": 400.0,
  "pos_size": 0.003717233746163118,
  "risk_usdt": 25.0,
  "risk_pct": 0.25,
  "score": 0.65,
  "reasons": [],
  "user_id": null,
  "style": "day",
  "risk_mode": "defensive"
}
