{
  "id": "5b972f49-27e9-44da-ae02-aee0daddbb97",
  "ts": "2025-10-19T12:21:46Z",
  "strategy": "go_v1",
  "mode": "offensive",
  "symbol": "BTC/USDT",
  "timeframe": "1h",
  "side": "LONG",
  "entry": 107483.2,
  "stop": 106772.56078632487,
  "tp": 108975.54234871776,
  "rr": 2.1,
  "prob_win": 70.52738714667417,
  "ev_r": 1.1863490015468994,
  "rsi": 55.92462382224724,
  "atr_pct": 0.005464157517348778,
  "ema_slope": 8.84942484258709,
  "chop": 49.957580627382484,
  "macd_hist": 86.82428744131602,
  "bb_width_pct": 0.012685545929871674,
  "fvg": {
    "bull": false,
    "bear": false,
    "size": 0.0
  },
  "stake_usdt": 400.0,
  "pos_size": 0.003721511826964586,
  "risk_usdt": 25.0,
  "risk_pct": 0.25,
  "score": 0.65,
  "reasons": [],
  "user_id": null,
  "style": "day",
  "risk_mode": "defensive"
}
