{
  "id": "5bb971b2-3460-422e-96e9-062ab3592c07",
  "ts": "2025-10-19T12:29:11Z",
  "strategy": "go_v1",
  "mode": "offensive",
  "symbol": "SOL/USDT",
  "timeframe": "1h",
  "side": "LONG",
  "entry": 188.35,
  "stop": 185.8632932758224,
  "tp": 193.5720841207729,
  "rr": 2.1,
  "prob_win": 70.15031645569621,
  "ev_r": 1.1746598101265828,
  "rsi": 54.66772151898738,
  "atr_pct": 0.01091122656816411,
  "ema_slope": 0.07189365449468291,
  "chop": 52.897202143352764,
  "macd_hist": 0.2145042807662409,
  "bb_width_pct": 0.025297045543675747,
  "fvg": {
    "bull": false,
    "bear": false,
    "size": 0.0
  },
  "stake_usdt": 400.0,
  "pos_size": 2.123705866737457,
  "risk_usdt": 25.0,
  "risk_pct": 0.25,
  "score": 0.65,
  "reasons": [],
  "user_id": null,
  "style": "day",
  "risk_mode": "defensive"
}
