{
  "id": "5bca7308-dcec-4f01-bdeb-922225124e35",
  "ts": "2025-10-19T12:40:54Z",
  "strategy": "go_v1",
  "mode": "offensive",
  "symbol": "SOL/USDT",
  "timeframe": "1h",
  "side": "LONG",
  "entry": 189.06,
  "stop": 186.5732932758224,
  "tp": 194.28208412077294,
  "rr": 2.1,
  "prob_win": 71.07186732186734,
  "ev_r": 1.2032278869778876,
  "rsi": 57.73955773955779,
  "atr_pct": 0.010870250312671692,
  "ema_slope": 0.07285964088924089,
  "chop": 52.897202143352764,
  "macd_hist": 0.2598148220767913,
  "bb_width_pct": 0.026597964590029236,
  "fvg": {
    "bull": false,
    "bear": false,
    "size": 0.0
  },
  "stake_usdt": 400.0,
  "pos_size": 2.115730455939913,
  "risk_usdt": 25.0,
  "risk_pct": 0.25,
  "score": 0.65,
  "reasons": [],
  "user_id": null,
  "style": "day",
  "risk_mode": "defensive"
}
