{
  "id": "5be0cbdc-9c31-497c-a503-dd4a7a919060",
  "ts": "2025-10-18T20:01:09Z",
  "strategy": "go_v1",
  "mode": "offensive",
  "symbol": "BNB/USDT",
  "timeframe": "1h",
  "side": "LONG",
  "entry": 1101.24,
  "stop": 1086.055339676986,
  "tp": 1133.057369693273,
  "rr": 2.09536262362422,
  "prob_win": 69.95128949978746,
  "ev_r": 1.1652460699195946,
  "rsi": 45.67096499929153,
  "atr_pct": 0.011395614082377705,
  "ema_slope": 0.6762470291051104,
  "chop": 45.33556255642737,
  "macd_hist": 1.0786224557487678,
  "bb_width_pct": 0.034637376375779946,
  "fvg": {
    "bull": true,
    "bear": false,
    "size": 0.001957303473075573
  },
  "stake_usdt": 400.0,
  "pos_size": 0.3632269078493335,
  "risk_usdt": 25.0,
  "risk_pct": 0.25,
  "score": 0.85,
  "reasons": [],
  "user_id": null,
  "style": "day",
  "risk_mode": "defensive"
}
