{
  "id": "5ccec14f-a5e9-4236-931d-6f1aa2a65cc5",
  "ts": "2025-10-19T11:45:17Z",
  "strategy": "go_v1",
  "mode": "offensive",
  "symbol": "BNB/USDT",
  "timeframe": "1h",
  "side": "SHORT",
  "entry": 1099.42,
  "stop": 1115.1361228669277,
  "tp": 1066.4161419794518,
  "rr": 2.1,
  "prob_win": 66.01225765101746,
  "ev_r": 1.0463799871815413,
  "rsi": 54.95914116327517,
  "atr_pct": 0.011813984914756466,
  "ema_slope": -0.30933110090665855,
  "chop": 52.146339192654125,
  "macd_hist": 1.2053372012916372,
  "bb_width_pct": 0.025239096234566175,
  "fvg": {
    "bull": true,
    "bear": false,
    "size": 0.002663553106870574
  },
  "stake_usdt": 400.0,
  "pos_size": 0.3638282003238071,
  "risk_usdt": 25.0,
  "risk_pct": 0.25,
  "score": 0.55,
  "reasons": [],
  "user_id": null,
  "style": "day",
  "risk_mode": "defensive"
}
