{
  "id": "5d6e55cc-a4b9-4748-bf7a-df16920472dc",
  "ts": "2025-10-19T13:11:37Z",
  "strategy": "go_v1",
  "mode": "offensive",
  "symbol": "BTC/USDT",
  "timeframe": "1h",
  "side": "LONG",
  "entry": 107383.7,
  "stop": 106696.10988344828,
  "tp": 108827.63924475858,
  "rr": 2.1,
  "prob_win": 69.85935155859309,
  "ev_r": 1.1656398983163858,
  "rsi": 53.69783852864362,
  "atr_pct": 0.00529183008846626,
  "ema_slope": 10.802480500860321,
  "chop": 50.6010619709929,
  "macd_hist": 77.90293761191415,
  "bb_width_pct": 0.013154072431902003,
  "fvg": {
    "bull": false,
    "bear": false,
    "size": 0.0
  },
  "stake_usdt": 400.0,
  "pos_size": 0.003724960119645719,
  "risk_usdt": 25.0,
  "risk_pct": 0.25,
  "score": 0.65,
  "reasons": [],
  "user_id": null,
  "style": "day",
  "risk_mode": "defensive"
}
