{
  "id": "5d875322-b1bc-497b-8c75-6001d6ca14db",
  "ts": "2025-10-19T12:56:56Z",
  "strategy": "go_v1",
  "mode": "offensive",
  "symbol": "ETH/USDT",
  "timeframe": "1h",
  "side": "LONG",
  "entry": 3919.41,
  "stop": 3873.3749666076546,
  "tp": 4016.0835701239243,
  "rr": 2.1,
  "prob_win": 71.41032064128254,
  "ev_r": 1.2137199398797587,
  "rsi": 58.867735470941774,
  "atr_pct": 0.00970694113206679,
  "ema_slope": 1.1184088135890216,
  "chop": 48.82625626730335,
  "macd_hist": 3.2489480260794146,
  "bb_width_pct": 0.018442910161078557,
  "fvg": {
    "bull": false,
    "bear": false,
    "size": 0.0
  },
  "stake_usdt": 400.0,
  "pos_size": 0.10205617682253197,
  "risk_usdt": 25.0,
  "risk_pct": 0.25,
  "score": 0.65,
  "reasons": [],
  "user_id": null,
  "style": "day",
  "risk_mode": "defensive"
}
