{
  "id": "5efa8f52-2b98-49b4-9fc6-8b6a6cf79d4e",
  "ts": "2025-10-19T12:05:17Z",
  "strategy": "go_v1",
  "mode": "offensive",
  "symbol": "ETH/USDT",
  "timeframe": "1h",
  "side": "LONG",
  "entry": 3922.97,
  "stop": 3878.0196451790835,
  "tp": 4017.3657451239246,
  "rr": 2.1,
  "prob_win": 71.70778924992405,
  "ev_r": 1.2229414667476455,
  "rsi": 59.859297499746816,
  "atr_pct": 0.009469624690223312,
  "ema_slope": 1.12325235100379,
  "chop": 47.94205853599879,
  "macd_hist": 3.4761389092704107,
  "bb_width_pct": 0.018737468995543825,
  "fvg": {
    "bull": false,
    "bear": false,
    "size": 0.0
  },
  "stake_usdt": 400.0,
  "pos_size": 0.10196356332064738,
  "risk_usdt": 25.0,
  "risk_pct": 0.25,
  "score": 0.65,
  "reasons": [],
  "user_id": null,
  "style": "day",
  "risk_mode": "defensive"
}
