{
  "id": "5f724cd6-b781-4da1-8571-1cb391582fbb",
  "ts": "2025-10-16T17:46:09Z",
  "strategy": "go_v1",
  "symbol": "BTC/USDT",
  "timeframe": "15m",
  "side": "SHORT",
  "entry": 108371.9,
  "stop": 109751.04309101145,
  "tp": 106022.41951022501,
  "rr": 1.7035799295139713,
  "prob_win": 61.662132364376696,
  "ev_r": 0.9467186352920162,
  "rsi": 36.54370908679612,
  "atr_pct": 0.006307276522450141,
  "ema_slope": -108.63048580672508,
  "chop": 41.94452650688693,
  "macd_hist": -93.85938879053288,
  "bb_width_pct": 0.0424200704860286,
  "pass": true,
  "score": 0.516,
  "reasons": [
    "slope_low:-108.630486"
  ],
  "candles": 220,
  "src": "ccxt",
  "adaptive": "1",
  "outcome": null,
  "stake_usdt": 200.0,
  "pos_size": 0.0018454968492755042,
  "risk_usdt": 5.0,
  "risk_pct": 0.5,
  "ai_prob": 0.5
}
