{
  "id": "5fa60890-53fd-4ac3-b1ea-3b9971b4fb34",
  "ts": "2025-10-18T18:02:21Z",
  "strategy": "go_v1",
  "mode": "offensive",
  "symbol": "BNB/USDT",
  "timeframe": "1h",
  "side": "LONG",
  "entry": 1096.88,
  "stop": 1080.5448385688728,
  "tp": 1130.9899870027923,
  "rr": 2.088132838270836,
  "prob_win": 73.72869955156952,
  "ev_r": 1.276840182082061,
  "rsi": 58.26233183856507,
  "atr_pct": 0.012307757835091174,
  "ema_slope": 0.7236995048375268,
  "chop": 47.767858788363796,
  "macd_hist": 0.5529190652671888,
  "bb_width_pct": 0.0418671617291639,
  "fvg": {
    "bull": true,
    "bear": false,
    "size": 0.0008954514720125894
  },
  "stake_usdt": 400.0,
  "pos_size": 0.3646707023557727,
  "risk_usdt": 25.0,
  "risk_pct": 0.25,
  "score": 0.85,
  "reasons": [],
  "user_id": null,
  "style": "day",
  "risk_mode": "defensive"
}
