{
  "id": "5ffd976c-c46d-459c-8bc2-39390abe2422",
  "ts": "2025-10-19T12:01:11Z",
  "strategy": "go_v1",
  "mode": "offensive",
  "symbol": "ETH/USDT",
  "timeframe": "1h",
  "side": "LONG",
  "entry": 3920.59,
  "stop": 3876.0026451790836,
  "tp": 4014.223445123925,
  "rr": 2.1,
  "prob_win": 71.51534623525853,
  "ev_r": 1.216975733293015,
  "rsi": 59.21782078419512,
  "atr_pct": 0.009398854144658155,
  "ema_slope": 1.1200142557658535,
  "chop": 47.6414833097335,
  "macd_hist": 3.324252869384326,
  "bb_width_pct": 0.01853726902029914,
  "fvg": {
    "bull": false,
    "bear": false,
    "size": 0.0
  },
  "stake_usdt": 400.0,
  "pos_size": 0.10202546045365621,
  "risk_usdt": 25.0,
  "risk_pct": 0.25,
  "score": 0.65,
  "reasons": [],
  "user_id": null,
  "style": "day",
  "risk_mode": "defensive"
}
