{
  "id": "5fff8db2-7348-4dcb-adc9-0be8033e176d",
  "ts": "2025-10-19T11:52:51Z",
  "strategy": "go_v1",
  "mode": "offensive",
  "symbol": "SOL/USDT",
  "timeframe": "1h",
  "side": "LONG",
  "entry": 188.8,
  "stop": 186.2392850560006,
  "tp": 194.17750138239876,
  "rr": 2.1,
  "prob_win": 70.8824126726239,
  "ev_r": 1.1973547928513408,
  "rsi": 57.10804224207964,
  "atr_pct": 0.011209180837649756,
  "ema_slope": 0.0715078771140871,
  "chop": 52.65273472655626,
  "macd_hist": 0.18634612586837895,
  "bb_width_pct": 0.02598021482842101,
  "fvg": {
    "bull": false,
    "bear": false,
    "size": 0.0
  },
  "stake_usdt": 400.0,
  "pos_size": 2.11864406779661,
  "risk_usdt": 25.0,
  "risk_pct": 0.25,
  "score": 0.65,
  "reasons": [],
  "user_id": null,
  "style": "day",
  "risk_mode": "defensive"
}
