{
  "id": "60299e81-1972-40b0-accc-64d6b5e53561",
  "ts": "2025-10-19T13:06:07Z",
  "strategy": "go_v1",
  "mode": "offensive",
  "symbol": "SOL/USDT",
  "timeframe": "1h",
  "side": "LONG",
  "entry": 188.85,
  "stop": 186.50807233531208,
  "tp": 193.76804809584456,
  "rr": 2.1,
  "prob_win": 70.475,
  "ev_r": 1.184725,
  "rsi": 55.75000000000001,
  "atr_pct": 0.010248755143409956,
  "ema_slope": 0.07507456675605127,
  "chop": 52.283050641414164,
  "macd_hist": 0.258941082535034,
  "bb_width_pct": 0.02767821994619752,
  "fvg": {
    "bull": false,
    "bear": false,
    "size": 0.0
  },
  "stake_usdt": 400.0,
  "pos_size": 2.1180831347630393,
  "risk_usdt": 25.0,
  "risk_pct": 0.25,
  "score": 0.65,
  "reasons": [],
  "user_id": null,
  "style": "day",
  "risk_mode": "defensive"
}
