{
  "id": "60d57922-2b48-44f0-97b6-18c66fc6bb56",
  "ts": "2025-10-18T20:10:51Z",
  "strategy": "go_v1",
  "mode": "neutral",
  "symbol": "BTC/USDT",
  "timeframe": "1h",
  "side": "LONG",
  "entry": 107123.2,
  "stop": 106553.2176291951,
  "tp": 108149.1682674488,
  "rr": 1.8,
  "prob_win": 69.83091962346121,
  "ev_r": 0.9552657494569141,
  "rsi": 57.76973207820406,
  "atr_pct": 0.004837101502203162,
  "ema_slope": 4.652908606184156,
  "chop": 63.57265993723023,
  "macd_hist": 55.64817001657471,
  "bb_width_pct": 0.007360177708879285,
  "fvg": {
    "bull": true,
    "bear": false,
    "size": 0.0009553126988286034
  },
  "stake_usdt": 400.0,
  "pos_size": 0.0037340184012426814,
  "risk_usdt": 25.0,
  "risk_pct": 0.25,
  "score": 0.65,
  "reasons": [],
  "user_id": null,
  "style": "day",
  "risk_mode": "defensive"
}
