{
  "id": "60dc2a63-98c5-4278-aa19-eaadcf370034",
  "ts": "2025-10-19T12:48:01Z",
  "strategy": "go_v1",
  "mode": "offensive",
  "symbol": "BTC/USDT",
  "timeframe": "1h",
  "side": "LONG",
  "entry": 107433.5,
  "stop": 106716.4737148963,
  "tp": 108939.25519871779,
  "rr": 2.1,
  "prob_win": 70.29610007766561,
  "ev_r": 1.179179102407634,
  "rsi": 55.153666925552045,
  "atr_pct": 0.005515818685021648,
  "ema_slope": 8.781805794969538,
  "chop": 50.30302966388245,
  "macd_hist": 83.65254954957771,
  "bb_width_pct": 0.012569677752220967,
  "fvg": {
    "bull": false,
    "bear": false,
    "size": 0.0
  },
  "stake_usdt": 400.0,
  "pos_size": 0.003723233442082777,
  "risk_usdt": 25.0,
  "risk_pct": 0.25,
  "score": 0.65,
  "reasons": [],
  "user_id": null,
  "style": "day",
  "risk_mode": "defensive"
}
