{
  "id": "6102cfd9-add6-4622-803c-eb23717f386b",
  "ts": "2025-10-19T12:45:02Z",
  "strategy": "go_v1",
  "mode": "offensive",
  "symbol": "BNB/USDT",
  "timeframe": "1h",
  "side": "SHORT",
  "entry": 1095.58,
  "stop": 1111.361688512002,
  "tp": 1062.4384541247953,
  "rr": 2.1,
  "prob_win": 66.74678505817515,
  "ev_r": 1.0691503368034296,
  "rsi": 52.51071647274952,
  "atr_pct": 0.011904852022229486,
  "ema_slope": -0.30376447096715603,
  "chop": 53.449040443038896,
  "macd_hist": 1.3042288043420738,
  "bb_width_pct": 0.02554769414757938,
  "fvg": {
    "bull": false,
    "bear": false,
    "size": 0.0
  },
  "stake_usdt": 400.0,
  "pos_size": 0.3651034155424524,
  "risk_usdt": 25.0,
  "risk_pct": 0.25,
  "score": 0.55,
  "reasons": [],
  "user_id": null,
  "style": "day",
  "risk_mode": "defensive"
}
