{
  "id": "6129700e-b5ad-494d-8983-cbf8cc65b9ca",
  "ts": "2025-10-19T13:33:45Z",
  "strategy": "go_v1",
  "mode": "offensive",
  "symbol": "ADA/USDT",
  "timeframe": "1h",
  "side": "LONG",
  "entry": 0.6467,
  "stop": 0.6377770021046956,
  "tp": 0.6654107309476858,
  "rr": 2.096910832796665,
  "prob_win": 66.30239520958084,
  "ev_r": 1.0533260596491658,
  "rsi": 62.67465069860275,
  "atr_pct": 0.011403090189997647,
  "ema_slope": 6.681647889442153e-05,
  "chop": 51.23341829305736,
  "macd_hist": 0.0015336580118396415,
  "bb_width_pct": 0.0330891672033354,
  "fvg": {
    "bull": false,
    "bear": false,
    "size": 0.0
  },
  "stake_usdt": 400.0,
  "pos_size": 618.5248183083346,
  "risk_usdt": 25.0,
  "risk_pct": 0.25,
  "score": 0.35,
  "reasons": [],
  "user_id": null,
  "style": "day",
  "risk_mode": "defensive"
}
