{
  "id": "617d3acb-687a-414a-8a75-84c14215adc4",
  "ts": "2025-10-19T11:52:05Z",
  "strategy": "go_v1",
  "mode": "offensive",
  "symbol": "BNB/USDT",
  "timeframe": "1h",
  "side": "SHORT",
  "entry": 1097.76,
  "stop": 1113.7578800097847,
  "tp": 1064.164451979452,
  "rr": 2.1,
  "prob_win": 66.43944123614799,
  "ev_r": 1.0596226783205873,
  "rsi": 53.53519587950677,
  "atr_pct": 0.012043969936815604,
  "ema_slope": -0.31158960430805843,
  "chop": 52.88279350086263,
  "macd_hist": 1.0993998793542563,
  "bb_width_pct": 0.02489567078510729,
  "fvg": {
    "bull": false,
    "bear": false,
    "size": 0.0
  },
  "stake_usdt": 400.0,
  "pos_size": 0.3643783704999271,
  "risk_usdt": 25.0,
  "risk_pct": 0.25,
  "score": 0.55,
  "reasons": [],
  "user_id": null,
  "style": "day",
  "risk_mode": "defensive"
}
