{
  "id": "618d2b20-7fd4-4ba3-b2cd-d53e4bd7f7f7",
  "ts": "2025-10-19T12:55:21Z",
  "strategy": "go_v1",
  "mode": "offensive",
  "symbol": "ETH/USDT",
  "timeframe": "1h",
  "side": "LONG",
  "entry": 3919.2,
  "stop": 3873.1649666076546,
  "tp": 4015.873570123924,
  "rr": 2.1,
  "prob_win": 71.39175967168808,
  "ev_r": 1.2131445498223303,
  "rsi": 58.805865572293555,
  "atr_pct": 0.009707461252917406,
  "ema_slope": 1.118123099303111,
  "chop": 48.82625626730335,
  "macd_hist": 3.2355463166777536,
  "bb_width_pct": 0.018426463661667045,
  "fvg": {
    "bull": false,
    "bear": false,
    "size": 0.0
  },
  "stake_usdt": 400.0,
  "pos_size": 0.10206164523372117,
  "risk_usdt": 25.0,
  "risk_pct": 0.25,
  "score": 0.65,
  "reasons": [],
  "user_id": null,
  "style": "day",
  "risk_mode": "defensive"
}
