{
  "id": "61e8117e-bf0f-4f85-b130-088355b89169",
  "ts": "2025-10-19T12:01:16Z",
  "strategy": "go_v1",
  "mode": "offensive",
  "symbol": "SOL/USDT",
  "timeframe": "1h",
  "side": "LONG",
  "entry": 188.97,
  "stop": 186.56712899010813,
  "tp": 194.01602912077294,
  "rr": 2.1,
  "prob_win": 70.97772277227725,
  "ev_r": 1.2003094059405943,
  "rsi": 57.42574257425747,
  "atr_pct": 0.01050877816493621,
  "ema_slope": 0.0727371919096563,
  "chop": 51.56074118058728,
  "macd_hist": 0.2540712323332033,
  "bb_width_pct": 0.02641362147584365,
  "fvg": {
    "bull": false,
    "bear": false,
    "size": 0.0
  },
  "stake_usdt": 400.0,
  "pos_size": 2.1167381065777637,
  "risk_usdt": 25.0,
  "risk_pct": 0.25,
  "score": 0.65,
  "reasons": [],
  "user_id": null,
  "style": "day",
  "risk_mode": "defensive"
}
