{
  "id": "61f83010-e904-4755-863f-04fb12f14d12",
  "ts": "2025-10-19T13:16:26Z",
  "strategy": "go_v1",
  "mode": "offensive",
  "symbol": "BTC/USDT",
  "timeframe": "1h",
  "side": "LONG",
  "entry": 107375.0,
  "stop": 106683.26131201972,
  "tp": 108827.6512447586,
  "rr": 2.1,
  "prob_win": 69.82050802361354,
  "ev_r": 1.1644357487320196,
  "rsi": 53.56836007871178,
  "atr_pct": 0.005324189672637074,
  "ema_slope": 10.790643766168365,
  "chop": 50.82202516390779,
  "macd_hist": 77.34772393669691,
  "bb_width_pct": 0.013139880323909494,
  "fvg": {
    "bull": false,
    "bear": false,
    "size": 0.0
  },
  "stake_usdt": 400.0,
  "pos_size": 0.0037252619324796275,
  "risk_usdt": 25.0,
  "risk_pct": 0.25,
  "score": 0.65,
  "reasons": [],
  "user_id": null,
  "style": "day",
  "risk_mode": "defensive"
}
