{
  "id": "6246fd67-2531-400e-9291-493b444a9cd8",
  "ts": "2025-10-19T12:51:19Z",
  "strategy": "go_v1",
  "mode": "offensive",
  "symbol": "BTC/USDT",
  "timeframe": "1h",
  "side": "LONG",
  "entry": 107481.0,
  "stop": 106763.9737148963,
  "tp": 108986.75519871777,
  "rr": 2.1,
  "prob_win": 70.51701239564889,
  "ev_r": 1.1860273842651157,
  "rsi": 55.890041318829645,
  "atr_pct": 0.005513381031970983,
  "ema_slope": 8.846431645311807,
  "chop": 50.30302966388245,
  "macd_hist": 86.68388858093084,
  "bb_width_pct": 0.012680166238464042,
  "fvg": {
    "bull": false,
    "bear": false,
    "size": 0.0
  },
  "stake_usdt": 400.0,
  "pos_size": 0.003721588001600283,
  "risk_usdt": 25.0,
  "risk_pct": 0.25,
  "score": 0.65,
  "reasons": [],
  "user_id": null,
  "style": "day",
  "risk_mode": "defensive"
}
