{
  "id": "62cc0f28-4e98-40c0-b8de-e1e4fb2262c0",
  "ts": "2025-10-19T12:53:55Z",
  "strategy": "go_v1",
  "mode": "offensive",
  "symbol": "BNB/USDT",
  "timeframe": "1h",
  "side": "SHORT",
  "entry": 1095.81,
  "stop": 1111.591688512002,
  "tp": 1062.6684541247953,
  "rr": 2.1,
  "prob_win": 66.69111998770933,
  "ev_r": 1.0674247196189892,
  "rsi": 52.69626670763559,
  "atr_pct": 0.011902353308068169,
  "ema_slope": -0.3034515457970433,
  "chop": 53.449040443038896,
  "macd_hist": 1.3189068670201776,
  "bb_width_pct": 0.025574381302547904,
  "fvg": {
    "bull": false,
    "bear": false,
    "size": 0.0
  },
  "stake_usdt": 400.0,
  "pos_size": 0.3650267838402643,
  "risk_usdt": 25.0,
  "risk_pct": 0.25,
  "score": 0.55,
  "reasons": [],
  "user_id": null,
  "style": "day",
  "risk_mode": "defensive"
}
