{
  "id": "633a9560-68fa-436e-b744-5390e24cd910",
  "ts": "2025-10-19T12:25:52Z",
  "strategy": "go_v1",
  "mode": "offensive",
  "symbol": "BNB/USDT",
  "timeframe": "1h",
  "side": "SHORT",
  "entry": 1093.84,
  "stop": 1109.6216885120023,
  "tp": 1060.6984541247955,
  "rr": 2.1,
  "prob_win": 67.15553235908143,
  "ev_r": 1.0818215031315244,
  "rsi": 51.14822546972857,
  "atr_pct": 0.011923789382829463,
  "ema_slope": -0.30613181790592553,
  "chop": 53.449040443038896,
  "macd_hist": 1.193186069299281,
  "bb_width_pct": 0.025387982469654166,
  "fvg": {
    "bull": false,
    "bear": false,
    "size": 0.0
  },
  "stake_usdt": 400.0,
  "pos_size": 0.36568419512908656,
  "risk_usdt": 25.0,
  "risk_pct": 0.25,
  "score": 0.55,
  "reasons": [],
  "user_id": null,
  "style": "day",
  "risk_mode": "defensive"
}
