{
  "id": "6378d1b0-901b-4a88-909f-9807c824e320",
  "ts": "2025-10-18T20:00:53Z",
  "strategy": "go_v1",
  "mode": "neutral",
  "symbol": "BTC/USDT",
  "timeframe": "1h",
  "side": "LONG",
  "entry": 106985.8,
  "stop": 106431.61048633797,
  "tp": 107983.34112459168,
  "rr": 1.8,
  "prob_win": 68.87789395070949,
  "ev_r": 0.9285810306198659,
  "rsi": 54.59297983569828,
  "atr_pct": 0.004709116992943623,
  "ema_slope": 4.465969830670751,
  "chop": 62.18179497254801,
  "macd_hist": 46.87962300803889,
  "bb_width_pct": 0.007073327014977392,
  "fvg": {
    "bull": true,
    "bear": false,
    "size": 0.0009871252666641716
  },
  "stake_usdt": 400.0,
  "pos_size": 0.003738813936055065,
  "risk_usdt": 25.0,
  "risk_pct": 0.25,
  "score": 0.65,
  "reasons": [],
  "user_id": null,
  "style": "day",
  "risk_mode": "defensive"
}
