{
  "id": "63a347e6-5f88-439b-8ed6-266f15495105",
  "ts": "2025-10-18T17:32:16Z",
  "strategy": "go_v1",
  "mode": "offensive",
  "symbol": "SOL/USDT",
  "timeframe": "1h",
  "side": "LONG",
  "entry": 185.0,
  "stop": 182.34676221999365,
  "tp": 190.5717993380133,
  "rr": 2.1,
  "prob_win": 69.1474484789009,
  "ev_r": 1.1435709028459278,
  "rsi": 51.32482826300299,
  "atr_pct": 0.011852748626340618,
  "ema_slope": 0.11626295947837398,
  "chop": 59.39292240296239,
  "macd_hist": -0.00454471181411803,
  "bb_width_pct": 0.025307429715726894,
  "fvg": {
    "bull": false,
    "bear": false,
    "size": 0.0
  },
  "stake_usdt": 400.0,
  "pos_size": 2.1621621621621623,
  "risk_usdt": 25.0,
  "risk_pct": 0.25,
  "score": 0.65,
  "reasons": [],
  "user_id": null,
  "style": "day",
  "risk_mode": "defensive"
}
