{
  "id": "63b791cb-9f7c-428a-9c6e-1e52bb3b2b47",
  "ts": "2025-10-19T12:44:47Z",
  "strategy": "go_v1",
  "mode": "offensive",
  "symbol": "BTC/USDT",
  "timeframe": "1h",
  "side": "LONG",
  "entry": 107500.0,
  "stop": 106782.9737148963,
  "tp": 109005.75519871777,
  "rr": 2.1,
  "prob_win": 70.6070378952723,
  "ev_r": 1.1888181747534412,
  "rsi": 56.19012631757432,
  "atr_pct": 0.005512406573928123,
  "ema_slope": 8.872281985448716,
  "chop": 50.30302966388245,
  "macd_hist": 87.89642419344881,
  "bb_width_pct": 0.012727383349461415,
  "fvg": {
    "bull": false,
    "bear": false,
    "size": 0.0
  },
  "stake_usdt": 400.0,
  "pos_size": 0.0037209302325581397,
  "risk_usdt": 25.0,
  "risk_pct": 0.25,
  "score": 0.65,
  "reasons": [],
  "user_id": null,
  "style": "day",
  "risk_mode": "defensive"
}
