{
  "id": "641a59f8-3146-4234-9ae3-5bfe03d08584",
  "ts": "2025-10-19T12:16:14Z",
  "strategy": "go_v1",
  "mode": "offensive",
  "symbol": "ADA/USDT",
  "timeframe": "1h",
  "side": "LONG",
  "entry": 0.6393,
  "stop": 0.6304033209116991,
  "tp": 0.6579830260854316,
  "rr": 2.1,
  "prob_win": 70.70931477516058,
  "ev_r": 1.1919887580299782,
  "rsi": 56.53104925053527,
  "atr_pct": 0.011501059511501826,
  "ema_slope": 3.264640804031945e-05,
  "chop": 49.25788872030878,
  "macd_hist": 0.0010624133546515708,
  "bb_width_pct": 0.027501784655111296,
  "fvg": {
    "bull": false,
    "bear": false,
    "size": 0.0
  },
  "stake_usdt": 400.0,
  "pos_size": 625.6843422493353,
  "risk_usdt": 25.0,
  "risk_pct": 0.25,
  "score": 0.65,
  "reasons": [],
  "user_id": null,
  "style": "day",
  "risk_mode": "defensive"
}
