{
  "id": "6430a81b-33f4-4fcf-b7cf-51ec849db426",
  "ts": "2025-10-19T13:09:30Z",
  "strategy": "go_v1",
  "mode": "offensive",
  "symbol": "ADA/USDT",
  "timeframe": "1h",
  "side": "LONG",
  "entry": 0.6411,
  "stop": 0.6325659306761241,
  "tp": 0.6590215455801394,
  "rr": 2.1,
  "prob_win": 71.14325842696627,
  "ev_r": 1.2054410112359544,
  "rsi": 57.97752808988758,
  "atr_pct": 0.011001325619159117,
  "ema_slope": 5.919743127536032e-05,
  "chop": 49.594379203376604,
  "macd_hist": 0.0011762790944606716,
  "bb_width_pct": 0.029715436727456607,
  "fvg": {
    "bull": false,
    "bear": false,
    "size": 0.0
  },
  "stake_usdt": 400.0,
  "pos_size": 623.9276243955701,
  "risk_usdt": 25.0,
  "risk_pct": 0.25,
  "score": 0.65,
  "reasons": [],
  "user_id": null,
  "style": "day",
  "risk_mode": "defensive"
}
