{
  "id": "6436ac51-ee7b-48e3-b12b-05448605f94d",
  "ts": "2025-10-19T11:53:45Z",
  "strategy": "go_v1",
  "mode": "offensive",
  "symbol": "BNB/USDT",
  "timeframe": "1h",
  "side": "SHORT",
  "entry": 1097.89,
  "stop": 1113.8878800097848,
  "tp": 1064.2944519794519,
  "rr": 2.1,
  "prob_win": 66.40678761338754,
  "ev_r": 1.0586104160150134,
  "rsi": 53.644041288708245,
  "atr_pct": 0.01204254382300476,
  "ema_slope": -0.3114127335597628,
  "chop": 52.88279350086263,
  "macd_hist": 1.1076961756505046,
  "bb_width_pct": 0.024920191220351624,
  "fvg": {
    "bull": false,
    "bear": false,
    "size": 0.0
  },
  "stake_usdt": 400.0,
  "pos_size": 0.3643352248403756,
  "risk_usdt": 25.0,
  "risk_pct": 0.25,
  "score": 0.55,
  "reasons": [],
  "user_id": null,
  "style": "day",
  "risk_mode": "defensive"
}
