{
  "id": "643822df-82e3-4159-a3da-d748890516d2",
  "ts": "2025-10-19T12:17:49Z",
  "strategy": "go_v1",
  "mode": "offensive",
  "symbol": "BNB/USDT",
  "timeframe": "1h",
  "side": "SHORT",
  "entry": 1094.81,
  "stop": 1110.5510670834306,
  "tp": 1061.7537591247954,
  "rr": 2.1,
  "prob_win": 66.9303222877894,
  "ev_r": 1.0748399909214712,
  "rsi": 51.898925707368726,
  "atr_pct": 0.011882560763915886,
  "ema_slope": -0.30481209001479376,
  "chop": 53.345307439795455,
  "macd_hist": 1.255089203202351,
  "bb_width_pct": 0.025467789153035686,
  "fvg": {
    "bull": false,
    "bear": false,
    "size": 0.0
  },
  "stake_usdt": 400.0,
  "pos_size": 0.3653601994866689,
  "risk_usdt": 25.0,
  "risk_pct": 0.25,
  "score": 0.55,
  "reasons": [],
  "user_id": null,
  "style": "day",
  "risk_mode": "defensive"
}
