{
  "id": "647e9a94-b9ad-4cd9-a64f-0cc7657f9d14",
  "ts": "2025-10-19T12:57:51Z",
  "strategy": "go_v1",
  "mode": "offensive",
  "symbol": "SOL/USDT",
  "timeframe": "1h",
  "side": "LONG",
  "entry": 188.75,
  "stop": 186.26329327582243,
  "tp": 193.97208412077293,
  "rr": 2.1,
  "prob_win": 70.68627450980394,
  "ev_r": 1.1912745098039221,
  "rsi": 56.45424836601314,
  "atr_pct": 0.010888103439013034,
  "ema_slope": 0.07243787218176732,
  "chop": 52.897202143352764,
  "macd_hist": 0.24003134629329875,
  "bb_width_pct": 0.02598606647031533,
  "fvg": {
    "bull": false,
    "bear": false,
    "size": 0.0
  },
  "stake_usdt": 400.0,
  "pos_size": 2.119205298013245,
  "risk_usdt": 25.0,
  "risk_pct": 0.25,
  "score": 0.65,
  "reasons": [],
  "user_id": null,
  "style": "day",
  "risk_mode": "defensive"
}
