{
  "id": "651916c5-aed3-4c35-b536-37543a402ffa",
  "ts": "2025-10-18T19:31:08Z",
  "strategy": "go_v1",
  "mode": "offensive",
  "symbol": "BNB/USDT",
  "timeframe": "1h",
  "side": "LONG",
  "entry": 1099.67,
  "stop": 1083.6608092568174,
  "tp": 1133.1749136142482,
  "rr": 2.092854920134928,
  "prob_win": 73.40616375344987,
  "ev_r": 1.2703461473308764,
  "rsi": 57.187212511499574,
  "atr_pct": 0.012031551421235959,
  "ema_slope": 0.7055844308850461,
  "chop": 49.33909949600603,
  "macd_hist": 0.8110914081080605,
  "bb_width_pct": 0.03714507986507234,
  "fvg": {
    "bull": false,
    "bear": false,
    "size": 0.0
  },
  "stake_usdt": 400.0,
  "pos_size": 0.36374548728254835,
  "risk_usdt": 25.0,
  "risk_pct": 0.25,
  "score": 0.85,
  "reasons": [],
  "user_id": null,
  "style": "day",
  "risk_mode": "defensive"
}
