{
  "id": "657812e2-0fc1-43d9-baaa-a29c4f6b5ff4",
  "ts": "2025-10-18T19:56:05Z",
  "strategy": "go_v1",
  "mode": "offensive",
  "symbol": "BNB/USDT",
  "timeframe": "1h",
  "side": "LONG",
  "entry": 1101.59,
  "stop": 1085.4001735425315,
  "tp": 1135.4700643698518,
  "rr": 2.0926761913635556,
  "prob_win": 73.68361836183617,
  "ev_r": 1.2787957220116923,
  "rsi": 58.11206120612058,
  "atr_pct": 0.012146099606637928,
  "ema_slope": 0.7081966757830722,
  "chop": 49.76590439080895,
  "macd_hist": 0.93362132263812,
  "bb_width_pct": 0.03732380863644448,
  "fvg": {
    "bull": false,
    "bear": false,
    "size": 0.0
  },
  "stake_usdt": 400.0,
  "pos_size": 0.3631115024646194,
  "risk_usdt": 25.0,
  "risk_pct": 0.25,
  "score": 0.85,
  "reasons": [],
  "user_id": null,
  "style": "day",
  "risk_mode": "defensive"
}
