{
  "id": "65f4cc77-2d68-4dbf-9ce9-e61be73ee652",
  "ts": "2025-10-19T12:54:38Z",
  "strategy": "go_v1",
  "mode": "offensive",
  "symbol": "SOL/USDT",
  "timeframe": "1h",
  "side": "LONG",
  "entry": 188.58,
  "stop": 186.09329327582242,
  "tp": 193.80208412077295,
  "rr": 2.1,
  "prob_win": 70.45427074939569,
  "ev_r": 1.1840823932312663,
  "rsi": 55.680902497985606,
  "atr_pct": 0.010897918783082565,
  "ema_slope": 0.0722065796647606,
  "chop": 52.897202143352764,
  "macd_hist": 0.22918234344429916,
  "bb_width_pct": 0.025678918076349276,
  "fvg": {
    "bull": false,
    "bear": false,
    "size": 0.0
  },
  "stake_usdt": 400.0,
  "pos_size": 2.121115706861809,
  "risk_usdt": 25.0,
  "risk_pct": 0.25,
  "score": 0.65,
  "reasons": [],
  "user_id": null,
  "style": "day",
  "risk_mode": "defensive"
}
