{
  "id": "6713e455-bee5-421a-a370-8428ed64d558",
  "ts": "2025-10-19T13:00:25Z",
  "strategy": "go_v1",
  "mode": "offensive",
  "symbol": "BNB/USDT",
  "timeframe": "1h",
  "side": "SHORT",
  "entry": 1096.65,
  "stop": 1111.388260674187,
  "tp": 1065.6996525842078,
  "rr": 2.1,
  "prob_win": 66.40930414386237,
  "ev_r": 1.0586884284597335,
  "rsi": 53.6356528537921,
  "atr_pct": 0.011106898939924685,
  "ema_slope": -0.2817172381470218,
  "chop": 52.61111453072695,
  "macd_hist": 1.402530250983562,
  "bb_width_pct": 0.02576775681106106,
  "fvg": {
    "bull": false,
    "bear": false,
    "size": 0.0
  },
  "stake_usdt": 400.0,
  "pos_size": 0.3647471846076688,
  "risk_usdt": 25.0,
  "risk_pct": 0.25,
  "score": 0.55,
  "reasons": [],
  "user_id": null,
  "style": "day",
  "risk_mode": "defensive"
}
