{
  "id": "67539a44-5b2e-4b95-950f-db5163520385",
  "ts": "2025-10-18T17:57:21Z",
  "strategy": "go_v1",
  "mode": "offensive",
  "symbol": "BNB/USDT",
  "timeframe": "1h",
  "side": "LONG",
  "entry": 1093.93,
  "stop": 1076.573772368041,
  "tp": 1130.1361056321055,
  "rr": 2.0860584684563994,
  "prob_win": 71.96489634537295,
  "ev_r": 1.2208787779822519,
  "rsi": 52.38298781790985,
  "atr_pct": 0.013112347022641843,
  "ema_slope": 0.7142689629247118,
  "chop": 48.85982632166823,
  "macd_hist": 0.3258670126622992,
  "bb_width_pct": 0.04394153154360069,
  "fvg": {
    "bull": false,
    "bear": false,
    "size": 0.0
  },
  "stake_usdt": 400.0,
  "pos_size": 0.36565410949512306,
  "risk_usdt": 25.0,
  "risk_pct": 0.25,
  "score": 0.85,
  "reasons": [],
  "user_id": null,
  "style": "day",
  "risk_mode": "defensive"
}
