{
  "id": "678ae7a8-13ac-43e7-bad1-d6e23d2efef1",
  "ts": "2025-10-19T12:11:47Z",
  "strategy": "go_v1",
  "mode": "offensive",
  "symbol": "ETH/USDT",
  "timeframe": "1h",
  "side": "LONG",
  "entry": 3916.13,
  "stop": 3870.9048023219407,
  "tp": 4011.102915123925,
  "rr": 2.1,
  "prob_win": 71.12480283911671,
  "ev_r": 1.204868888012618,
  "rsi": 57.91600946372236,
  "atr_pct": 0.009544166416372334,
  "ema_slope": 1.1139462285550465,
  "chop": 48.16806136621474,
  "macd_hist": 3.03962608875754,
  "bb_width_pct": 0.01819820107334857,
  "fvg": {
    "bull": false,
    "bear": false,
    "size": 0.0
  },
  "stake_usdt": 400.0,
  "pos_size": 0.10214165515445095,
  "risk_usdt": 25.0,
  "risk_pct": 0.25,
  "score": 0.65,
  "reasons": [],
  "user_id": null,
  "style": "day",
  "risk_mode": "defensive"
}
