{
  "id": "67c89d14-612e-48c8-a5fb-52102b9def9c",
  "ts": "2025-10-19T12:34:19Z",
  "strategy": "go_v1",
  "mode": "offensive",
  "symbol": "BNB/USDT",
  "timeframe": "1h",
  "side": "SHORT",
  "entry": 1094.95,
  "stop": 1110.7316885120022,
  "tp": 1061.8084541247956,
  "rr": 2.1,
  "prob_win": 66.89727065959057,
  "ev_r": 1.073815390447308,
  "rsi": 52.009097801364746,
  "atr_pct": 0.011911701701917146,
  "ema_slope": -0.3046216138242569,
  "chop": 53.449040443038896,
  "macd_hist": 1.2640236761369121,
  "bb_width_pct": 0.02548123218752926,
  "fvg": {
    "bull": false,
    "bear": false,
    "size": 0.0
  },
  "stake_usdt": 400.0,
  "pos_size": 0.36531348463400154,
  "risk_usdt": 25.0,
  "risk_pct": 0.25,
  "score": 0.55,
  "reasons": [],
  "user_id": null,
  "style": "day",
  "risk_mode": "defensive"
}
