{
  "id": "687b37f0-59ef-4d36-b07c-7b44362a69b7",
  "ts": "2025-10-19T13:12:25Z",
  "strategy": "go_v1",
  "mode": "offensive",
  "symbol": "BTC/USDT",
  "timeframe": "1h",
  "side": "LONG",
  "entry": 107360.0,
  "stop": 106670.42202630543,
  "tp": 108808.1137447586,
  "rr": 2.1,
  "prob_win": 69.75397449697773,
  "ev_r": 1.1623732094063097,
  "rsi": 53.34658165659242,
  "atr_pct": 0.005308300594389825,
  "ema_slope": 10.770235602900497,
  "chop": 50.707100964853836,
  "macd_hist": 76.39045897943424,
  "bb_width_pct": 0.013116273011799587,
  "fvg": {
    "bull": false,
    "bear": false,
    "size": 0.0
  },
  "stake_usdt": 400.0,
  "pos_size": 0.0037257824143070045,
  "risk_usdt": 25.0,
  "risk_pct": 0.25,
  "score": 0.65,
  "reasons": [],
  "user_id": null,
  "style": "day",
  "risk_mode": "defensive"
}
