{
  "id": "68857aa2-4bd3-4f96-a361-89681d1b9375",
  "ts": "2025-10-19T12:32:29Z",
  "strategy": "go_v1",
  "mode": "offensive",
  "symbol": "ETH/USDT",
  "timeframe": "1h",
  "side": "LONG",
  "entry": 3917.01,
  "stop": 3871.254995179084,
  "tp": 4013.0955101239247,
  "rr": 2.1,
  "prob_win": 71.20049504950495,
  "ev_r": 1.2072153465346536,
  "rsi": 58.168316831683164,
  "atr_pct": 0.009653805727073798,
  "ema_slope": 1.1151435074665326,
  "chop": 48.5999535709796,
  "macd_hist": 3.0957856329170674,
  "bb_width_pct": 0.018261279158547646,
  "fvg": {
    "bull": false,
    "bear": false,
    "size": 0.0
  },
  "stake_usdt": 400.0,
  "pos_size": 0.10211870789198904,
  "risk_usdt": 25.0,
  "risk_pct": 0.25,
  "score": 0.65,
  "reasons": [],
  "user_id": null,
  "style": "day",
  "risk_mode": "defensive"
}
