{
  "id": "68b04d29-52c5-4ea5-8d18-295036998698",
  "ts": "2025-10-19T14:16:14Z",
  "strategy": "go_v1",
  "mode": "offensive",
  "symbol": "BTC/USDT",
  "timeframe": "1h",
  "side": "LONG",
  "entry": 107883.0,
  "stop": 107171.34068958666,
  "tp": 109377.48455186804,
  "rr": 2.1,
  "prob_win": 66.78291621327533,
  "ev_r": 1.070270402611535,
  "rsi": 64.2763873775844,
  "atr_pct": 0.005451722610830723,
  "ema_slope": 14.700125702628515,
  "chop": 52.252909671542746,
  "macd_hist": 118.36057959549615,
  "bb_width_pct": 0.016144817345388952,
  "fvg": {
    "bull": true,
    "bear": false,
    "size": 0.0002903627400595096
  },
  "stake_usdt": 400.0,
  "pos_size": 0.003707720400804575,
  "risk_usdt": 25.0,
  "risk_pct": 0.25,
  "score": 0.35,
  "reasons": [],
  "user_id": null,
  "style": "day",
  "risk_mode": "defensive"
}
