{
  "id": "6905b02d-8431-450c-ac42-240c07fdbcf4",
  "ts": "2025-10-19T12:34:55Z",
  "strategy": "go_v1",
  "mode": "offensive",
  "symbol": "BTC/USDT",
  "timeframe": "1h",
  "side": "LONG",
  "entry": 107434.7,
  "stop": 106717.6737148963,
  "tp": 108940.45519871775,
  "rr": 2.1,
  "prob_win": 70.30160932297449,
  "ev_r": 1.179349889012209,
  "rsi": 55.1720310765816,
  "atr_pct": 0.005515757075668041,
  "ema_slope": 8.783438448032042,
  "chop": 50.30302966388245,
  "macd_hist": 83.72913074616943,
  "bb_width_pct": 0.012572334535155164,
  "fvg": {
    "bull": false,
    "bear": false,
    "size": 0.0
  },
  "stake_usdt": 400.0,
  "pos_size": 0.0037231918551454976,
  "risk_usdt": 25.0,
  "risk_pct": 0.25,
  "score": 0.65,
  "reasons": [],
  "user_id": null,
  "style": "day",
  "risk_mode": "defensive"
}
