{
  "id": "6940efed-aa95-40c1-8c9d-8c3b31b3264c",
  "ts": "2025-10-19T11:49:24Z",
  "strategy": "go_v1",
  "mode": "offensive",
  "symbol": "SOL/USDT",
  "timeframe": "1h",
  "side": "LONG",
  "entry": 188.66,
  "stop": 186.10274219885773,
  "tp": 194.03024138239877,
  "rr": 2.1,
  "prob_win": 70.68975903614457,
  "ev_r": 1.1913825301204815,
  "rsi": 56.465863453815224,
  "atr_pct": 0.011202354496401631,
  "ema_slope": 0.0713174009236115,
  "chop": 52.5981937769902,
  "macd_hist": 0.1774116529339087,
  "bb_width_pct": 0.02568931212536244,
  "fvg": {
    "bull": false,
    "bear": false,
    "size": 0.0
  },
  "stake_usdt": 400.0,
  "pos_size": 2.12021626205873,
  "risk_usdt": 25.0,
  "risk_pct": 0.25,
  "score": 0.65,
  "reasons": [],
  "user_id": null,
  "style": "day",
  "risk_mode": "defensive"
}
