{
  "id": "6a247975-c72b-4505-aebc-202ebca2f28a",
  "ts": "2025-10-19T13:32:46Z",
  "strategy": "go_v1",
  "mode": "offensive",
  "symbol": "SOL/USDT",
  "timeframe": "1h",
  "side": "LONG",
  "entry": 189.05,
  "stop": 186.65880804959784,
  "tp": 194.0715030958446,
  "rr": 2.1,
  "prob_win": 70.6926229508197,
  "ev_r": 1.1914713114754107,
  "rsi": 56.475409836065644,
  "atr_pct": 0.010453275295145493,
  "ema_slope": 0.0753466755995891,
  "chop": 53.05930856457637,
  "macd_hist": 0.2717046152985402,
  "bb_width_pct": 0.02803333060406831,
  "fvg": {
    "bull": false,
    "bear": false,
    "size": 0.0
  },
  "stake_usdt": 400.0,
  "pos_size": 2.115842369743454,
  "risk_usdt": 25.0,
  "risk_pct": 0.25,
  "score": 0.65,
  "reasons": [],
  "user_id": null,
  "style": "day",
  "risk_mode": "defensive"
}
