{
  "id": "6b517612-d676-4881-acbc-b80367028f26",
  "ts": "2025-10-19T11:55:25Z",
  "strategy": "go_v1",
  "mode": "offensive",
  "symbol": "BNB/USDT",
  "timeframe": "1h",
  "side": "SHORT",
  "entry": 1097.9,
  "stop": 1113.897880009785,
  "tp": 1064.3044519794519,
  "rr": 2.1,
  "prob_win": 66.40427029563584,
  "ev_r": 1.0585323791647112,
  "rsi": 53.652432347880556,
  "atr_pct": 0.012042434135931047,
  "ema_slope": -0.3113991281175566,
  "chop": 52.88279350086263,
  "macd_hist": 1.1083343522888174,
  "bb_width_pct": 0.02492209432480955,
  "fvg": {
    "bull": false,
    "bear": false,
    "size": 0.0
  },
  "stake_usdt": 400.0,
  "pos_size": 0.36433190636670004,
  "risk_usdt": 25.0,
  "risk_pct": 0.25,
  "score": 0.55,
  "reasons": [],
  "user_id": null,
  "style": "day",
  "risk_mode": "defensive"
}
