{
  "id": "6b78085b-f6ac-40c8-969e-a3959c0dc99a",
  "ts": "2025-10-19T13:01:13Z",
  "strategy": "go_v1",
  "mode": "offensive",
  "symbol": "BNB/USDT",
  "timeframe": "1h",
  "side": "SHORT",
  "entry": 1097.35,
  "stop": 1112.1133249599009,
  "tp": 1066.3470175842078,
  "rr": 2.1,
  "prob_win": 66.25484871993797,
  "ev_r": 1.0539003103180768,
  "rsi": 54.150504266873476,
  "atr_pct": 0.011118690489071574,
  "ema_slope": -0.2807648571945825,
  "chop": 52.6764053716869,
  "macd_hist": 1.4472026156558222,
  "bb_width_pct": 0.025870130790357056,
  "fvg": {
    "bull": false,
    "bear": false,
    "size": 0.0
  },
  "stake_usdt": 400.0,
  "pos_size": 0.3645145122340184,
  "risk_usdt": 25.0,
  "risk_pct": 0.25,
  "score": 0.55,
  "reasons": [],
  "user_id": null,
  "style": "day",
  "risk_mode": "defensive"
}
