{
  "id": "6bb43ec9-0e38-4536-8a42-6471c629e53b",
  "ts": "2025-10-19T12:42:34Z",
  "strategy": "go_v1",
  "mode": "offensive",
  "symbol": "SOL/USDT",
  "timeframe": "1h",
  "side": "LONG",
  "entry": 188.88,
  "stop": 186.3932932758224,
  "tp": 194.10208412077293,
  "rr": 2.1,
  "prob_win": 70.86808422791083,
  "ev_r": 1.1969106110652357,
  "rsi": 57.06028075970277,
  "atr_pct": 0.010880609509284786,
  "ema_slope": 0.07261474293006297,
  "chop": 52.897202143352764,
  "macd_hist": 0.24832764258959256,
  "bb_width_pct": 0.026234702080442,
  "fvg": {
    "bull": false,
    "bear": false,
    "size": 0.0
  },
  "stake_usdt": 400.0,
  "pos_size": 2.117746717492588,
  "risk_usdt": 25.0,
  "risk_pct": 0.25,
  "score": 0.65,
  "reasons": [],
  "user_id": null,
  "style": "day",
  "risk_mode": "defensive"
}
