{
  "id": "6bf8d746-53b7-45bb-9381-13b1aac4cbfb",
  "ts": "2025-10-19T12:30:07Z",
  "strategy": "go_v1",
  "mode": "offensive",
  "symbol": "BNB/USDT",
  "timeframe": "1h",
  "side": "SHORT",
  "entry": 1094.14,
  "stop": 1109.9216885120022,
  "tp": 1060.9984541247954,
  "rr": 2.1,
  "prob_win": 67.0865787896944,
  "ev_r": 1.0796839424805262,
  "rsi": 51.37807070101868,
  "atr_pct": 0.011920520023501725,
  "ema_slope": -0.30572365464057943,
  "chop": 53.449040443038896,
  "macd_hist": 1.2123313684444836,
  "bb_width_pct": 0.02541016874177268,
  "fvg": {
    "bull": false,
    "bear": false,
    "size": 0.0
  },
  "stake_usdt": 400.0,
  "pos_size": 0.3655839289304842,
  "risk_usdt": 25.0,
  "risk_pct": 0.25,
  "score": 0.55,
  "reasons": [],
  "user_id": null,
  "style": "day",
  "risk_mode": "defensive"
}
