{
  "id": "6c8fd089-f3b4-4d26-b32e-2f7d74588a5b",
  "ts": "2025-10-19T12:48:06Z",
  "strategy": "go_v1",
  "mode": "offensive",
  "symbol": "ETH/USDT",
  "timeframe": "1h",
  "side": "LONG",
  "entry": 3914.16,
  "stop": 3868.124966607655,
  "tp": 4010.8335701239243,
  "rr": 2.1,
  "prob_win": 70.95771296070292,
  "ev_r": 1.1996891017817908,
  "rsi": 57.359043202343074,
  "atr_pct": 0.00971996089644621,
  "ema_slope": 1.1112659564461642,
  "chop": 48.82625626730335,
  "macd_hist": 2.9139052910368246,
  "bb_width_pct": 0.018063983240556154,
  "fvg": {
    "bull": false,
    "bear": false,
    "size": 0.0
  },
  "stake_usdt": 400.0,
  "pos_size": 0.1021930631348744,
  "risk_usdt": 25.0,
  "risk_pct": 0.25,
  "score": 0.65,
  "reasons": [],
  "user_id": null,
  "style": "day",
  "risk_mode": "defensive"
}
