{
  "id": "6ca1365b-4272-428b-9810-3c420d6cf4fc",
  "ts": "2025-10-16T15:25:23Z",
  "strategy": "go_v1",
  "symbol": "BTC/USDT",
  "timeframe": "15m",
  "side": "SHORT",
  "entry": 110210.0,
  "stop": 110817.13747192387,
  "tp": 108932.5827590722,
  "rr": 2.104,
  "prob_win": 71.44567670458429,
  "ev_r": 1.2176738049102962,
  "rsi": 36.84774431805239,
  "atr_pct": 0.005008104131153395,
  "ema_slope": -6.8395268645725755,
  "chop": 48.06127621577271,
  "macd_hist": -99.38389363581442,
  "bb_width_pct": 0.01620494988515617,
  "pass": true,
  "score": 0.804,
  "reasons": [
    "slope_low:-6.839527",
    "fvg_absent"
  ],
  "candles": 220,
  "src": "ccxt",
  "adaptive": "1",
  "outcome": "TP",
  "stake_usdt": 100000.0,
  "pos_size": 0.9073586788857636,
  "sim_end": "2025-10-16T15:46:44Z"
}
