{
  "id": "6cdbe03a-1522-4b5a-aa7e-40fa6816d083",
  "ts": "2025-10-19T12:00:29Z",
  "strategy": "go_v1",
  "mode": "offensive",
  "symbol": "BNB/USDT",
  "timeframe": "1h",
  "side": "SHORT",
  "entry": 1100.32,
  "stop": 1115.2590099405734,
  "tp": 1068.9480791247954,
  "rr": 2.1,
  "prob_win": 65.54262935242433,
  "ev_r": 1.0318215099251544,
  "rsi": 56.52456882525223,
  "atr_pct": 0.011220635094413997,
  "ema_slope": -0.2973154913753103,
  "chop": 51.23673213325757,
  "macd_hist": 1.6067245308378004,
  "bb_width_pct": 0.026351990868773403,
  "fvg": {
    "bull": false,
    "bear": false,
    "size": 0.0
  },
  "stake_usdt": 400.0,
  "pos_size": 0.3635306092773012,
  "risk_usdt": 25.0,
  "risk_pct": 0.25,
  "score": 0.55,
  "reasons": [],
  "user_id": null,
  "style": "day",
  "risk_mode": "defensive"
}
