{
  "id": "6e0c139d-e2a0-4cbc-992e-71d27f11db14",
  "ts": "2025-10-19T11:59:26Z",
  "strategy": "go_v1",
  "mode": "offensive",
  "symbol": "ETH/USDT",
  "timeframe": "1h",
  "side": "LONG",
  "entry": 3923.15,
  "stop": 3875.5954408678713,
  "tp": 4023.0145741774713,
  "rr": 2.1,
  "prob_win": 71.20049504950495,
  "ev_r": 1.2072153465346536,
  "rsi": 58.168316831683164,
  "atr_pct": 0.010017788904056588,
  "ema_slope": 1.0826228750602138,
  "chop": 48.163809614690564,
  "macd_hist": 3.1657329566738603,
  "bb_width_pct": 0.018357373083641326,
  "fvg": {
    "bull": false,
    "bear": false,
    "size": 0.0
  },
  "stake_usdt": 400.0,
  "pos_size": 0.10195888507959165,
  "risk_usdt": 25.0,
  "risk_pct": 0.25,
  "score": 0.65,
  "reasons": [],
  "user_id": null,
  "style": "day",
  "risk_mode": "defensive"
}
