{
  "id": "6e1a2222-df2d-4d63-8d88-5248f81ae24a",
  "ts": "2025-10-19T13:29:26Z",
  "strategy": "go_v1",
  "mode": "offensive",
  "symbol": "ETH/USDT",
  "timeframe": "1h",
  "side": "LONG",
  "entry": 3923.14,
  "stop": 3879.330976279203,
  "tp": 4015.1389498136728,
  "rr": 2.1,
  "prob_win": 71.49502355265155,
  "ev_r": 1.2163457301321983,
  "rsi": 59.1500785088385,
  "atr_pct": 0.00922878223258185,
  "ema_slope": 1.1983316542082152,
  "chop": 49.024207623962376,
  "macd_hist": 3.3822564496495655,
  "bb_width_pct": 0.019822183749762856,
  "fvg": {
    "bull": false,
    "bear": false,
    "size": 0.0
  },
  "stake_usdt": 400.0,
  "pos_size": 0.10195914497061027,
  "risk_usdt": 25.0,
  "risk_pct": 0.25,
  "score": 0.65,
  "reasons": [],
  "user_id": null,
  "style": "day",
  "risk_mode": "defensive"
}
