{
  "id": "6e3661a0-b2a9-4260-9a14-092961e44deb",
  "ts": "2025-10-19T13:13:23Z",
  "strategy": "go_v1",
  "mode": "offensive",
  "symbol": "SOL/USDT",
  "timeframe": "1h",
  "side": "LONG",
  "entry": 188.31,
  "stop": 185.93004376388353,
  "tp": 193.30790809584457,
  "rr": 2.1,
  "prob_win": 69.7677705977383,
  "ev_r": 1.1628008885298873,
  "rsi": 53.39256865912765,
  "atr_pct": 0.010445042643840165,
  "ema_slope": 0.07433987287849125,
  "chop": 52.88366191874238,
  "macd_hist": 0.22447954407348314,
  "bb_width_pct": 0.026858039856020612,
  "fvg": {
    "bull": false,
    "bear": false,
    "size": 0.0
  },
  "stake_usdt": 400.0,
  "pos_size": 2.124156975200467,
  "risk_usdt": 25.0,
  "risk_pct": 0.25,
  "score": 0.65,
  "reasons": [],
  "user_id": null,
  "style": "day",
  "risk_mode": "defensive"
}
