{
  "id": "6e3f9142-3e79-4125-8f3c-72030215c4cb",
  "ts": "2025-10-19T12:45:07Z",
  "strategy": "go_v1",
  "mode": "offensive",
  "symbol": "ADA/USDT",
  "timeframe": "1h",
  "side": "LONG",
  "entry": 0.639,
  "stop": 0.6301033209116992,
  "tp": 0.6576830260854317,
  "rr": 2.1,
  "prob_win": 70.60106382978724,
  "ev_r": 1.1886329787234045,
  "rsi": 56.17021276595743,
  "atr_pct": 0.01150645906995793,
  "ema_slope": 3.223824477500832e-05,
  "chop": 49.25788872030878,
  "macd_hist": 0.0010432680555063308,
  "bb_width_pct": 0.027387682668713508,
  "fvg": {
    "bull": false,
    "bear": false,
    "size": 0.0
  },
  "stake_usdt": 400.0,
  "pos_size": 625.9780907668231,
  "risk_usdt": 25.0,
  "risk_pct": 0.25,
  "score": 0.65,
  "reasons": [],
  "user_id": null,
  "style": "day",
  "risk_mode": "defensive"
}
