{
  "id": "6e5ac61d-dd86-4b0e-b7d0-6b788c6c9712",
  "ts": "2025-10-19T12:28:25Z",
  "strategy": "go_v1",
  "mode": "offensive",
  "symbol": "BNB/USDT",
  "timeframe": "1h",
  "side": "SHORT",
  "entry": 1093.63,
  "stop": 1109.4116885120022,
  "tp": 1060.4884541247957,
  "rr": 2.1,
  "prob_win": 67.20343392299685,
  "ev_r": 1.0833064516129025,
  "rsi": 50.98855359001052,
  "atr_pct": 0.011926079001594852,
  "ema_slope": -0.30641753219166085,
  "chop": 53.449040443038896,
  "macd_hist": 1.1797843598974393,
  "bb_width_pct": 0.02537378704452235,
  "fvg": {
    "bull": false,
    "bear": false,
    "size": 0.0
  },
  "stake_usdt": 400.0,
  "pos_size": 0.36575441419858634,
  "risk_usdt": 25.0,
  "risk_pct": 0.25,
  "score": 0.55,
  "reasons": [],
  "user_id": null,
  "style": "day",
  "risk_mode": "defensive"
}
