{
  "id": "6e68b32a-b0fd-44da-94f2-1b6187b4053c",
  "ts": "2025-10-18T18:34:45Z",
  "strategy": "go_v1",
  "mode": "neutral",
  "symbol": "BTC/USDT",
  "timeframe": "1h",
  "side": "LONG",
  "entry": 106781.0,
  "stop": 106170.39979303071,
  "tp": 107880.08037254473,
  "rr": 1.8,
  "prob_win": 70.12232878625635,
  "ev_r": 0.9634252060151778,
  "rsi": 58.741095954187834,
  "atr_pct": 0.005198406994173256,
  "ema_slope": 3.752451148476816,
  "chop": 63.7138628566858,
  "macd_hist": 35.167847332015214,
  "bb_width_pct": 0.007640708110658227,
  "fvg": {
    "bull": false,
    "bear": false,
    "size": 0.0
  },
  "stake_usdt": 400.0,
  "pos_size": 0.0037459847725718996,
  "risk_usdt": 25.0,
  "risk_pct": 0.25,
  "score": 0.65,
  "reasons": [],
  "user_id": null,
  "style": "day",
  "risk_mode": "defensive"
}
