{
  "id": "6e818c89-40ad-4a75-bc26-1cb27634bedd",
  "ts": "2025-10-18T17:42:11Z",
  "strategy": "go_v1",
  "mode": "offensive",
  "symbol": "ETH/USDT",
  "timeframe": "1h",
  "side": "LONG",
  "entry": 3877.59,
  "stop": 3836.1990042618368,
  "tp": 3964.5110910501435,
  "rr": 2.1,
  "prob_win": 69.57432345979146,
  "ev_r": 1.1568040272535351,
  "rsi": 52.74774486597152,
  "atr_pct": 0.00882182863437084,
  "ema_slope": 1.978277725587718,
  "chop": 56.90257236874915,
  "macd_hist": 1.0044540173800032,
  "bb_width_pct": 0.015873498294593773,
  "fvg": {
    "bull": false,
    "bear": false,
    "size": 0.0
  },
  "stake_usdt": 400.0,
  "pos_size": 0.10315685773895641,
  "risk_usdt": 25.0,
  "risk_pct": 0.25,
  "score": 0.65,
  "reasons": [],
  "user_id": null,
  "style": "day",
  "risk_mode": "defensive"
}
