{
  "id": "6ea7a2c2-418b-4a67-947b-1e4818d54daf",
  "ts": "2025-10-19T13:43:29Z",
  "strategy": "go_v1",
  "mode": "offensive",
  "symbol": "SOL/USDT",
  "timeframe": "1h",
  "side": "LONG",
  "entry": 190.19,
  "stop": 187.69855090674068,
  "tp": 195.42073372135323,
  "rr": 2.0994744526408904,
  "prob_win": 65.55847076461771,
  "ev_r": 1.0319680528913726,
  "rsi": 60.19490254872568,
  "atr_pct": 0.010826272871362312,
  "ema_slope": 0.07689769600775387,
  "chop": 52.67257891990863,
  "macd_hist": 0.34445675205067783,
  "bb_width_pct": 0.0305255473591099,
  "fvg": {
    "bull": false,
    "bear": false,
    "size": 0.0
  },
  "stake_usdt": 400.0,
  "pos_size": 2.10315999789684,
  "risk_usdt": 25.0,
  "risk_pct": 0.25,
  "score": 0.35,
  "reasons": [],
  "user_id": null,
  "style": "day",
  "risk_mode": "defensive"
}
