{
  "id": "6ed2fe59-be78-4281-a32a-f2949cee760c",
  "ts": "2025-10-19T13:10:09Z",
  "strategy": "go_v1",
  "mode": "offensive",
  "symbol": "SOL/USDT",
  "timeframe": "1h",
  "side": "LONG",
  "entry": 188.57,
  "stop": 186.20560090674067,
  "tp": 193.53523809584456,
  "rr": 2.1,
  "prob_win": 70.11138613861387,
  "ev_r": 1.17345297029703,
  "rsi": 54.53795379537953,
  "atr_pct": 0.010362458701831683,
  "ema_slope": 0.07469361437509131,
  "chop": 52.63910684719022,
  "macd_hist": 0.24107213666607075,
  "bb_width_pct": 0.02722696832507643,
  "fvg": {
    "bull": false,
    "bear": false,
    "size": 0.0
  },
  "stake_usdt": 400.0,
  "pos_size": 2.1212281911226603,
  "risk_usdt": 25.0,
  "risk_pct": 0.25,
  "score": 0.65,
  "reasons": [],
  "user_id": null,
  "style": "day",
  "risk_mode": "defensive"
}
