{
  "id": "6ed5ec48-0469-4564-aa9e-c718b5c4dac4",
  "ts": "2025-10-18T17:27:10Z",
  "strategy": "go_v1",
  "mode": "offensive",
  "symbol": "ETH/USDT",
  "timeframe": "1h",
  "side": "LONG",
  "entry": 3886.83,
  "stop": 3845.4390042618365,
  "tp": 3973.751091050143,
  "rr": 2.1,
  "prob_win": 70.36552401087285,
  "ev_r": 1.1813312443370583,
  "rsi": 55.385080036242826,
  "atr_pct": 0.008800856866482461,
  "ema_slope": 1.9908491541590905,
  "chop": 56.90257236874915,
  "macd_hist": 1.5941292310552218,
  "bb_width_pct": 0.016368116299544794,
  "fvg": {
    "bull": false,
    "bear": false,
    "size": 0.0
  },
  "stake_usdt": 400.0,
  "pos_size": 0.10291162721292159,
  "risk_usdt": 25.0,
  "risk_pct": 0.25,
  "score": 0.65,
  "reasons": [],
  "user_id": null,
  "style": "day",
  "risk_mode": "defensive"
}
