{
  "id": "6ee00b62-967d-4e35-a61f-522ca6c4d41d",
  "ts": "2025-10-19T11:44:24Z",
  "strategy": "go_v1",
  "mode": "offensive",
  "symbol": "BNB/USDT",
  "timeframe": "1h",
  "side": "SHORT",
  "entry": 1100.0,
  "stop": 1115.7161228669277,
  "tp": 1066.9961419794517,
  "rr": 2.1,
  "prob_win": 65.85759340126152,
  "ev_r": 1.0415853954391072,
  "rsi": 55.47468866246159,
  "atr_pct": 0.011807755722710506,
  "ema_slope": -0.3085419852604137,
  "chop": 52.146339192654125,
  "macd_hist": 1.2423514463057803,
  "bb_width_pct": 0.025374321770454584,
  "fvg": {
    "bull": true,
    "bear": false,
    "size": 0.002663553106870574
  },
  "stake_usdt": 400.0,
  "pos_size": 0.36363636363636365,
  "risk_usdt": 25.0,
  "risk_pct": 0.25,
  "score": 0.55,
  "reasons": [],
  "user_id": null,
  "style": "day",
  "risk_mode": "defensive"
}
