{
  "id": "6eee9dbb-2d5a-44c8-a14e-fd8ab848714a",
  "ts": "2025-10-19T11:50:14Z",
  "strategy": "go_v1",
  "mode": "offensive",
  "symbol": "ETH/USDT",
  "timeframe": "1h",
  "side": "LONG",
  "entry": 3917.61,
  "stop": 3870.0554408678713,
  "tp": 4017.474574177471,
  "rr": 2.1,
  "prob_win": 70.73467765250072,
  "ev_r": 1.1927750072275225,
  "rsi": 56.61559217500242,
  "atr_pct": 0.010031955334744807,
  "ema_slope": 1.075085460094077,
  "chop": 48.163809614690564,
  "macd_hist": 2.8121830991238372,
  "bb_width_pct": 0.017851245010683667,
  "fvg": {
    "bull": false,
    "bear": false,
    "size": 0.0
  },
  "stake_usdt": 400.0,
  "pos_size": 0.10210306794193398,
  "risk_usdt": 25.0,
  "risk_pct": 0.25,
  "score": 0.65,
  "reasons": [],
  "user_id": null,
  "style": "day",
  "risk_mode": "defensive"
}
