{
  "id": "6fd7fbe0-a75e-4abb-a094-54a3ba7eb3fb",
  "ts": "2025-10-19T13:09:25Z",
  "strategy": "go_v1",
  "mode": "offensive",
  "symbol": "BNB/USDT",
  "timeframe": "1h",
  "side": "SHORT",
  "entry": 1094.14,
  "stop": 1109.1738463884726,
  "tp": 1062.568922584208,
  "rr": 2.1,
  "prob_win": 67.017002708396,
  "ev_r": 1.0775270839602764,
  "rsi": 51.60999097201332,
  "atr_pct": 0.011355645928998218,
  "ema_slope": -0.285132204133394,
  "chop": 53.37402796918236,
  "macd_hist": 1.2423479148012286,
  "bb_width_pct": 0.02549821511219424,
  "fvg": {
    "bull": false,
    "bear": false,
    "size": 0.0
  },
  "stake_usdt": 400.0,
  "pos_size": 0.3655839289304842,
  "risk_usdt": 25.0,
  "risk_pct": 0.25,
  "score": 0.55,
  "reasons": [],
  "user_id": null,
  "style": "day",
  "risk_mode": "defensive"
}
