{
  "id": "7008626f-558f-4503-bb9d-3de8d2c3b309",
  "ts": "2025-10-19T11:57:53Z",
  "strategy": "go_v1",
  "mode": "offensive",
  "symbol": "SOL/USDT",
  "timeframe": "1h",
  "side": "LONG",
  "entry": 188.77,
  "stop": 186.2092850560006,
  "tp": 194.14750138239876,
  "rr": 2.1,
  "prob_win": 70.84076175040519,
  "ev_r": 1.196063614262561,
  "rsi": 56.96920583468398,
  "atr_pct": 0.011210962240548147,
  "ema_slope": 0.07146706078754723,
  "chop": 52.65273472655626,
  "macd_hist": 0.1844315959538269,
  "bb_width_pct": 0.02591676440875013,
  "fvg": {
    "bull": false,
    "bear": false,
    "size": 0.0
  },
  "stake_usdt": 400.0,
  "pos_size": 2.11898077024951,
  "risk_usdt": 25.0,
  "risk_pct": 0.25,
  "score": 0.65,
  "reasons": [],
  "user_id": null,
  "style": "day",
  "risk_mode": "defensive"
}
