{
  "id": "70628fea-a91a-40f4-9b32-cba0d72e5fa6",
  "ts": "2025-10-19T12:03:35Z",
  "strategy": "go_v1",
  "mode": "offensive",
  "symbol": "BTC/USDT",
  "timeframe": "1h",
  "side": "LONG",
  "entry": 107739.1,
  "stop": 107049.48885775344,
  "tp": 109187.28339871779,
  "rr": 2.1,
  "prob_win": 65.56277513115847,
  "ev_r": 1.0324460290659125,
  "rsi": 60.20925043719487,
  "atr_pct": 0.005289876784195621,
  "ema_slope": 9.197588107890653,
  "chop": 48.79748460947238,
  "macd_hist": 103.15522761225137,
  "bb_width_pct": 0.013460024517400566,
  "fvg": {
    "bull": false,
    "bear": false,
    "size": 0.0
  },
  "stake_usdt": 400.0,
  "pos_size": 0.0037126725580592375,
  "risk_usdt": 25.0,
  "risk_pct": 0.25,
  "score": 0.35,
  "reasons": [],
  "user_id": null,
  "style": "day",
  "risk_mode": "defensive"
}
