{
  "id": "7093c8a5-4fd3-4378-aea7-ace71c605a94",
  "ts": "2025-10-19T12:39:25Z",
  "strategy": "go_v1",
  "mode": "offensive",
  "symbol": "ADA/USDT",
  "timeframe": "1h",
  "side": "LONG",
  "entry": 0.6415,
  "stop": 0.6326033209116991,
  "tp": 0.6601830260854316,
  "rr": 2.1,
  "prob_win": 71.54775280898873,
  "ev_r": 1.2179803370786506,
  "rsi": 59.325842696629095,
  "atr_pct": 0.011461617062670489,
  "ema_slope": 3.563960531924489e-05,
  "chop": 49.25788872030878,
  "macd_hist": 0.0012028122150505311,
  "bb_width_pct": 0.02850715669864622,
  "fvg": {
    "bull": false,
    "bear": false,
    "size": 0.0
  },
  "stake_usdt": 400.0,
  "pos_size": 623.5385814497272,
  "risk_usdt": 25.0,
  "risk_pct": 0.25,
  "score": 0.65,
  "reasons": [],
  "user_id": null,
  "style": "day",
  "risk_mode": "defensive"
}
