{
  "id": "7158e340-0544-4702-a2f1-258577b4ff34",
  "ts": "2025-10-19T12:54:00Z",
  "strategy": "go_v1",
  "mode": "offensive",
  "symbol": "ADA/USDT",
  "timeframe": "1h",
  "side": "LONG",
  "entry": 0.6394,
  "stop": 0.6304514637688421,
  "tp": 0.6581919260854315,
  "rr": 2.1,
  "prob_win": 70.74570815450642,
  "ev_r": 1.193116952789699,
  "rsi": 56.65236051502138,
  "atr_pct": 0.01156628790828942,
  "ema_slope": 3.278246246210122e-05,
  "chop": 49.482547391257114,
  "macd_hist": 0.0010687951210334064,
  "bb_width_pct": 0.02754108475466622,
  "fvg": {
    "bull": false,
    "bear": false,
    "size": 0.0
  },
  "stake_usdt": 400.0,
  "pos_size": 625.5864873318736,
  "risk_usdt": 25.0,
  "risk_pct": 0.25,
  "score": 0.65,
  "reasons": [],
  "user_id": null,
  "style": "day",
  "risk_mode": "defensive"
}
