{
  "id": "71b692d4-3ca4-41fa-af12-202a1ec28bce",
  "ts": "2025-10-19T12:40:05Z",
  "strategy": "go_v1",
  "mode": "offensive",
  "symbol": "SOL/USDT",
  "timeframe": "1h",
  "side": "LONG",
  "entry": 188.85,
  "stop": 186.3632932758224,
  "tp": 194.07208412077293,
  "rr": 2.1,
  "prob_win": 70.82578253706755,
  "ev_r": 1.195599258649094,
  "rsi": 56.91927512355852,
  "atr_pct": 0.010882337961947102,
  "ema_slope": 0.07257392660353186,
  "chop": 52.897202143352764,
  "macd_hist": 0.24641311267508592,
  "bb_width_pct": 0.026176287040961622,
  "fvg": {
    "bull": false,
    "bear": false,
    "size": 0.0
  },
  "stake_usdt": 400.0,
  "pos_size": 2.1180831347630393,
  "risk_usdt": 25.0,
  "risk_pct": 0.25,
  "score": 0.65,
  "reasons": [],
  "user_id": null,
  "style": "day",
  "risk_mode": "defensive"
}
