{
  "id": "71c7bcee-86b0-4825-a35c-34448f493b26",
  "ts": "2025-10-19T12:09:30Z",
  "strategy": "go_v1",
  "mode": "offensive",
  "symbol": "BNB/USDT",
  "timeframe": "1h",
  "side": "SHORT",
  "entry": 1097.64,
  "stop": 1112.9904099405737,
  "tp": 1065.4041391247956,
  "rr": 2.1,
  "prob_win": 66.23379702813781,
  "ev_r": 1.0532477078722722,
  "rsi": 54.220676572873984,
  "atr_pct": 0.011557786894688246,
  "ema_slope": -0.300961749878698,
  "chop": 52.33293397818797,
  "macd_hist": 1.4356931918065128,
  "bb_width_pct": 0.025832297530135325,
  "fvg": {
    "bull": false,
    "bear": false,
    "size": 0.0
  },
  "stake_usdt": 400.0,
  "pos_size": 0.3644182063335884,
  "risk_usdt": 25.0,
  "risk_pct": 0.25,
  "score": 0.55,
  "reasons": [],
  "user_id": null,
  "style": "day",
  "risk_mode": "defensive"
}
