{
  "id": "7218f076-3528-4351-8189-689360a8e1f1",
  "ts": "2025-10-19T12:26:38Z",
  "strategy": "go_v1",
  "mode": "offensive",
  "symbol": "SOL/USDT",
  "timeframe": "1h",
  "side": "LONG",
  "entry": 188.41,
  "stop": 185.9232932758224,
  "tp": 193.6320841207729,
  "rr": 2.1,
  "prob_win": 70.22853736089031,
  "ev_r": 1.1770846581876,
  "rsi": 54.92845786963438,
  "atr_pct": 0.010907751839677885,
  "ema_slope": 0.07197528714775388,
  "chop": 52.897202143352764,
  "macd_hist": 0.21833334059529957,
  "bb_width_pct": 0.025392844330429185,
  "fvg": {
    "bull": false,
    "bear": false,
    "size": 0.0
  },
  "stake_usdt": 400.0,
  "pos_size": 2.1230295631866674,
  "risk_usdt": 25.0,
  "risk_pct": 0.25,
  "score": 0.65,
  "reasons": [],
  "user_id": null,
  "style": "day",
  "risk_mode": "defensive"
}
