{
  "id": "72499a2d-8b5a-4ec2-86cd-bc3c30da1fea",
  "ts": "2025-10-19T13:13:33Z",
  "strategy": "go_v1",
  "mode": "offensive",
  "symbol": "ADA/USDT",
  "timeframe": "1h",
  "side": "LONG",
  "entry": 0.6401,
  "stop": 0.6314967878189812,
  "tp": 0.6581667455801394,
  "rr": 2.1,
  "prob_win": 70.77882483370287,
  "ev_r": 1.194143569844789,
  "rsi": 56.76274944567622,
  "atr_pct": 0.011107784270560478,
  "ema_slope": 5.7836887057713565e-05,
  "chop": 49.89099377602733,
  "macd_hist": 0.0011124614306431157,
  "bb_width_pct": 0.029284874625660085,
  "fvg": {
    "bull": false,
    "bear": false,
    "size": 0.0
  },
  "stake_usdt": 400.0,
  "pos_size": 624.9023590064053,
  "risk_usdt": 25.0,
  "risk_pct": 0.25,
  "score": 0.65,
  "reasons": [],
  "user_id": null,
  "style": "day",
  "risk_mode": "defensive"
}
