{
  "id": "725325b2-7c21-4fdb-a83f-fc945105e0d4",
  "ts": "2025-10-18T18:49:50Z",
  "strategy": "go_v1",
  "mode": "offensive",
  "symbol": "ETH/USDT",
  "timeframe": "1h",
  "side": "LONG",
  "entry": 3884.52,
  "stop": 3843.998377385102,
  "tp": 3969.6154074912865,
  "rr": 2.1,
  "prob_win": 66.69493203114693,
  "ev_r": 1.067542892965555,
  "rsi": 63.98310677048976,
  "atr_pct": 0.008621128044091243,
  "ema_slope": 1.9946117345950938,
  "chop": 57.15532245831283,
  "macd_hist": 1.8660417283657083,
  "bb_width_pct": 0.016867653059974466,
  "fvg": {
    "bull": true,
    "bear": false,
    "size": 4.6379799020828726e-05
  },
  "stake_usdt": 400.0,
  "pos_size": 0.10297282547135811,
  "risk_usdt": 25.0,
  "risk_pct": 0.25,
  "score": 0.35,
  "reasons": [],
  "user_id": null,
  "style": "day",
  "risk_mode": "defensive"
}
