{
  "id": "726cbf6a-f751-438f-91ae-3cf3b2a7dc14",
  "ts": "2025-10-19T13:14:17Z",
  "strategy": "go_v1",
  "mode": "offensive",
  "symbol": "BNB/USDT",
  "timeframe": "1h",
  "side": "SHORT",
  "entry": 1093.2,
  "stop": 1108.4300392456153,
  "tp": 1061.2169175842077,
  "rr": 2.1,
  "prob_win": 67.23293768545993,
  "ev_r": 1.0842210682492581,
  "rsi": 50.89020771513356,
  "atr_pct": 0.01151372968706272,
  "ema_slope": -0.2864111156980122,
  "chop": 53.87205535803666,
  "macd_hist": 1.1823593108125516,
  "bb_width_pct": 0.025437226142115382,
  "fvg": {
    "bull": false,
    "bear": false,
    "size": 0.0
  },
  "stake_usdt": 400.0,
  "pos_size": 0.3658982802780827,
  "risk_usdt": 25.0,
  "risk_pct": 0.25,
  "score": 0.55,
  "reasons": [],
  "user_id": null,
  "style": "day",
  "risk_mode": "defensive"
}
