{
  "id": "726df1c8-7d60-4ef5-b70e-0e55b4057eb2",
  "ts": "2025-10-19T14:04:39Z",
  "strategy": "go_v1",
  "mode": "neutral",
  "symbol": "BTC/USDT",
  "timeframe": "1h",
  "side": "LONG",
  "entry": 107842.9,
  "stop": 107200.83199053332,
  "tp": 108998.62241704002,
  "rr": 1.8,
  "prob_win": 65.32483652216033,
  "ev_r": 0.8290954226204892,
  "rsi": 63.58278840720107,
  "atr_pct": 0.005412486036857797,
  "ema_slope": 14.645567879502039,
  "chop": 51.976543983784275,
  "macd_hist": 115.80149127641013,
  "bb_width_pct": 0.01602252544064567,
  "fvg": {
    "bull": true,
    "bear": false,
    "size": 0.00035251706460895653
  },
  "stake_usdt": 400.0,
  "pos_size": 0.0037090990691088614,
  "risk_usdt": 25.0,
  "risk_pct": 0.25,
  "score": 0.35,
  "reasons": [],
  "user_id": 1405575660566745148,
  "style": "day",
  "risk_mode": "defensive"
}
