{
  "id": "728cc24f-f7cd-45f8-88a4-990d472a8637",
  "ts": "2025-10-19T13:18:56Z",
  "strategy": "go_v1",
  "mode": "offensive",
  "symbol": "ETH/USDT",
  "timeframe": "1h",
  "side": "LONG",
  "entry": 3916.16,
  "stop": 3872.350976279203,
  "tp": 4008.1589498136727,
  "rr": 2.1,
  "prob_win": 70.9378909181886,
  "ev_r": 1.1990746184638468,
  "rsi": 57.29296972729537,
  "atr_pct": 0.009245231228532836,
  "ema_slope": 1.1888350555688647,
  "chop": 49.024207623962376,
  "macd_hist": 2.9368091562024965,
  "bb_width_pct": 0.01932886911696397,
  "fvg": {
    "bull": false,
    "bear": false,
    "size": 0.0
  },
  "stake_usdt": 400.0,
  "pos_size": 0.10214087269161629,
  "risk_usdt": 25.0,
  "risk_pct": 0.25,
  "score": 0.65,
  "reasons": [],
  "user_id": null,
  "style": "day",
  "risk_mode": "defensive"
}
