{
  "id": "7347229b-4461-4706-8ec5-61f27c503e48",
  "ts": "2025-10-19T12:04:28Z",
  "strategy": "go_v1",
  "mode": "offensive",
  "symbol": "ETH/USDT",
  "timeframe": "1h",
  "side": "LONG",
  "entry": 3926.26,
  "stop": 3881.4116308933694,
  "tp": 4020.441575123925,
  "rr": 2.1,
  "prob_win": 65.65502563847264,
  "ev_r": 1.0353057947926516,
  "rsi": 60.51675212824211,
  "atr_pct": 0.009440222465328236,
  "ema_slope": 1.1277285414802514,
  "chop": 47.857851764043566,
  "macd_hist": 3.686099023230234,
  "bb_width_pct": 0.019035302414364366,
  "fvg": {
    "bull": false,
    "bear": false,
    "size": 0.0
  },
  "stake_usdt": 400.0,
  "pos_size": 0.10187812320121438,
  "risk_usdt": 25.0,
  "risk_pct": 0.25,
  "score": 0.35,
  "reasons": [],
  "user_id": null,
  "style": "day",
  "risk_mode": "defensive"
}
