{
  "id": "7391f3d7-c772-4748-aa79-1bfaeb7bf00c",
  "ts": "2025-10-19T12:13:39Z",
  "strategy": "go_v1",
  "mode": "offensive",
  "symbol": "ADA/USDT",
  "timeframe": "1h",
  "side": "LONG",
  "entry": 0.6389,
  "stop": 0.6300292494831278,
  "tp": 0.6575285760854316,
  "rr": 2.1,
  "prob_win": 70.56528662420382,
  "ev_r": 1.1875238853503187,
  "rsi": 56.050955414012726,
  "atr_pct": 0.011474720260251288,
  "ema_slope": 3.210219035326074e-05,
  "chop": 49.14505791286444,
  "macd_hist": 0.001036886289124584,
  "bb_width_pct": 0.02735092368947146,
  "fvg": {
    "bull": false,
    "bear": false,
    "size": 0.0
  },
  "stake_usdt": 400.0,
  "pos_size": 626.0760682422914,
  "risk_usdt": 25.0,
  "risk_pct": 0.25,
  "score": 0.65,
  "reasons": [],
  "user_id": null,
  "style": "day",
  "risk_mode": "defensive"
}
