{
  "id": "73be68d3-ab1c-4ef4-b985-2130ed018a80",
  "ts": "2025-10-19T12:44:14Z",
  "strategy": "go_v1",
  "mode": "offensive",
  "symbol": "BNB/USDT",
  "timeframe": "1h",
  "side": "SHORT",
  "entry": 1096.21,
  "stop": 1111.9916885120024,
  "tp": 1063.0684541247956,
  "rr": 2.1,
  "prob_win": 66.59336837223681,
  "ev_r": 1.064394419539341,
  "rsi": 53.022105425877335,
  "atr_pct": 0.011898010215665045,
  "ema_slope": -0.3029073281100552,
  "chop": 53.449040443038896,
  "macd_hist": 1.3444339325472354,
  "bb_width_pct": 0.025623863256651783,
  "fvg": {
    "bull": false,
    "bear": false,
    "size": 0.0
  },
  "stake_usdt": 400.0,
  "pos_size": 0.3648935879074265,
  "risk_usdt": 25.0,
  "risk_pct": 0.25,
  "score": 0.55,
  "reasons": [],
  "user_id": null,
  "style": "day",
  "risk_mode": "defensive"
}
