{
  "id": "74420592-5f1f-4b98-bb15-d8e3c77220de",
  "ts": "2025-10-19T11:47:32Z",
  "strategy": "go_v1",
  "mode": "offensive",
  "symbol": "BTC/USDT",
  "timeframe": "1h",
  "side": "LONG",
  "entry": 107715.7,
  "stop": 106992.05878903226,
  "tp": 109235.34654303224,
  "rr": 2.1,
  "prob_win": 71.41158401184309,
  "ev_r": 1.2137591043671359,
  "rsi": 58.8719467061436,
  "atr_pct": 0.005552120884668071,
  "ema_slope": 7.166480384858927,
  "chop": 48.85312572433867,
  "macd_hist": 89.12318240854964,
  "bb_width_pct": 0.012496513255414477,
  "fvg": {
    "bull": false,
    "bear": false,
    "size": 0.0
  },
  "stake_usdt": 400.0,
  "pos_size": 0.003713479093576888,
  "risk_usdt": 25.0,
  "risk_pct": 0.25,
  "score": 0.65,
  "reasons": [],
  "user_id": null,
  "style": "day",
  "risk_mode": "defensive"
}
