{
  "id": "74851695-66dd-498a-b3c0-0e85db5c139b",
  "ts": "2025-10-19T12:29:01Z",
  "strategy": "go_v1",
  "mode": "offensive",
  "symbol": "BTC/USDT",
  "timeframe": "1h",
  "side": "LONG",
  "entry": 107435.5,
  "stop": 106723.17542918201,
  "tp": 108931.38159871777,
  "rr": 2.1,
  "prob_win": 70.30528419182951,
  "ev_r": 1.1794638099467147,
  "rsi": 55.184280639431684,
  "atr_pct": 0.005479548123400174,
  "ema_slope": 8.784526883404057,
  "chop": 50.049040602134475,
  "macd_hist": 83.78018487722282,
  "bb_width_pct": 0.012574109629246433,
  "fvg": {
    "bull": false,
    "bear": false,
    "size": 0.0
  },
  "stake_usdt": 400.0,
  "pos_size": 0.0037231641310367615,
  "risk_usdt": 25.0,
  "risk_pct": 0.25,
  "score": 0.65,
  "reasons": [],
  "user_id": null,
  "style": "day",
  "risk_mode": "defensive"
}
