{
  "id": "74efc33c-85e2-4c33-9805-23df2f510865",
  "ts": "2025-10-19T11:52:11Z",
  "strategy": "go_v1",
  "mode": "offensive",
  "symbol": "ADA/USDT",
  "timeframe": "1h",
  "side": "LONG",
  "entry": 0.6414,
  "stop": 0.6322936532604362,
  "tp": 0.660523328153084,
  "rr": 2.1,
  "prob_win": 70.96739130434777,
  "ev_r": 1.199989130434781,
  "rsi": 57.391304347825915,
  "atr_pct": 0.01173356157831887,
  "ema_slope": 2.1405200289959076e-05,
  "chop": 48.690344638224815,
  "macd_hist": 0.0010094392253357097,
  "bb_width_pct": 0.02647685051801606,
  "fvg": {
    "bull": true,
    "bear": false,
    "size": 0.00046853037638601745
  },
  "stake_usdt": 400.0,
  "pos_size": 623.6357966947303,
  "risk_usdt": 25.0,
  "risk_pct": 0.25,
  "score": 0.65,
  "reasons": [],
  "user_id": null,
  "style": "day",
  "risk_mode": "defensive"
}
