{
  "id": "75408ef8-e684-4579-9011-b165ca525b6c",
  "ts": "2025-10-18T19:40:57Z",
  "strategy": "go_v1",
  "mode": "offensive",
  "symbol": "ETH/USDT",
  "timeframe": "1h",
  "side": "LONG",
  "entry": 3886.04,
  "stop": 3847.4283575124828,
  "tp": 3967.124449223786,
  "rr": 2.1,
  "prob_win": 71.22403210576019,
  "ev_r": 1.2079449952785657,
  "rsi": 58.246773685867254,
  "atr_pct": 0.008211559411841136,
  "ema_slope": 1.9641824105620047,
  "chop": 58.16619049250373,
  "macd_hist": 1.8523600586173048,
  "bb_width_pct": 0.014791619257533525,
  "fvg": {
    "bull": false,
    "bear": false,
    "size": 0.0
  },
  "stake_usdt": 400.0,
  "pos_size": 0.1029325483010983,
  "risk_usdt": 25.0,
  "risk_pct": 0.25,
  "score": 0.65,
  "reasons": [],
  "user_id": null,
  "style": "day",
  "risk_mode": "defensive"
}
