{
  "id": "75858306-e4f0-4250-92f3-60dd804fc983",
  "ts": "2025-10-19T11:51:11Z",
  "strategy": "go_v1",
  "mode": "offensive",
  "symbol": "SOL/USDT",
  "timeframe": "1h",
  "side": "LONG",
  "entry": 188.76,
  "stop": 186.19928505600058,
  "tp": 194.13750138239874,
  "rr": 2.1,
  "prob_win": 70.82692307692307,
  "ev_r": 1.1956346153846151,
  "rsi": 56.92307692307686,
  "atr_pct": 0.011211556167346228,
  "ema_slope": 0.07145345534536729,
  "chop": 52.65273472655626,
  "macd_hist": 0.18379341931565046,
  "bb_width_pct": 0.025895748215639756,
  "fvg": {
    "bull": false,
    "bear": false,
    "size": 0.0
  },
  "stake_usdt": 400.0,
  "pos_size": 2.1190930281839373,
  "risk_usdt": 25.0,
  "risk_pct": 0.25,
  "score": 0.65,
  "reasons": [],
  "user_id": null,
  "style": "day",
  "risk_mode": "defensive"
}
