{
  "id": "770e3a25-4c67-40f5-a41f-77556bdf37c7",
  "ts": "2025-10-19T11:51:21Z",
  "strategy": "go_v1",
  "mode": "offensive",
  "symbol": "ADA/USDT",
  "timeframe": "1h",
  "side": "LONG",
  "entry": 0.6416,
  "stop": 0.6324936532604362,
  "tp": 0.6607233281530839,
  "rr": 2.1,
  "prob_win": 71.04257641921392,
  "ev_r": 1.2023198689956316,
  "rsi": 57.64192139737971,
  "atr_pct": 0.011729903984310668,
  "ema_slope": 2.167730913348843e-05,
  "chop": 48.690344638224815,
  "macd_hist": 0.0010222027580991143,
  "bb_width_pct": 0.026598774199548758,
  "fvg": {
    "bull": true,
    "bear": false,
    "size": 0.00046853037638601745
  },
  "stake_usdt": 400.0,
  "pos_size": 623.4413965087282,
  "risk_usdt": 25.0,
  "risk_pct": 0.25,
  "score": 0.65,
  "reasons": [],
  "user_id": null,
  "style": "day",
  "risk_mode": "defensive"
}
