{
  "id": "774f228a-3f92-42fc-a0e6-9cbc4bdd8078",
  "ts": "2025-10-19T12:27:38Z",
  "strategy": "go_v1",
  "mode": "offensive",
  "symbol": "ADA/USDT",
  "timeframe": "1h",
  "side": "LONG",
  "entry": 0.6396,
  "stop": 0.6307033209116991,
  "tp": 0.6582830260854315,
  "rr": 2.1,
  "prob_win": 70.81896551724135,
  "ev_r": 1.1953879310344817,
  "rsi": 56.89655172413782,
  "atr_pct": 0.011495665018297558,
  "ema_slope": 3.305457130563057e-05,
  "chop": 49.25788872030878,
  "macd_hist": 0.0010815586537969886,
  "bb_width_pct": 0.027621567768247465,
  "fvg": {
    "bull": false,
    "bear": false,
    "size": 0.0
  },
  "stake_usdt": 400.0,
  "pos_size": 625.3908692933084,
  "risk_usdt": 25.0,
  "risk_pct": 0.25,
  "score": 0.65,
  "reasons": [],
  "user_id": null,
  "style": "day",
  "risk_mode": "defensive"
}
