{
  "id": "77810483-d2c6-437b-8cf4-bca0b0285c65",
  "ts": "2025-10-19T12:03:39Z",
  "strategy": "go_v1",
  "mode": "offensive",
  "symbol": "ETH/USDT",
  "timeframe": "1h",
  "side": "LONG",
  "entry": 3924.21,
  "stop": 3879.5526380362267,
  "tp": 4017.990460123925,
  "rr": 2.1,
  "prob_win": 65.53289407504272,
  "ev_r": 1.0315197163263246,
  "rsi": 60.10964691680909,
  "atr_pct": 0.009404927543088288,
  "ema_slope": 1.1249394258337193,
  "chop": 47.69963726208392,
  "macd_hist": 3.555272812404109,
  "bb_width_pct": 0.018846897796988032,
  "fvg": {
    "bull": false,
    "bear": false,
    "size": 0.0
  },
  "stake_usdt": 400.0,
  "pos_size": 0.10193134414315237,
  "risk_usdt": 25.0,
  "risk_pct": 0.25,
  "score": 0.35,
  "reasons": [],
  "user_id": null,
  "style": "day",
  "risk_mode": "defensive"
}
