{
  "id": "7848c7b5-e46f-4efc-ac0c-cf0b97135245",
  "ts": "2025-10-19T11:44:19Z",
  "strategy": "go_v1",
  "mode": "offensive",
  "symbol": "SOL/USDT",
  "timeframe": "1h",
  "side": "LONG",
  "entry": 188.88,
  "stop": 186.32274219885772,
  "tp": 194.25024138239877,
  "rr": 2.1,
  "prob_win": 70.99448078495502,
  "ev_r": 1.2008289043336058,
  "rsi": 57.481602616516724,
  "atr_pct": 0.011189306434197013,
  "ema_slope": 0.07161672065149173,
  "chop": 52.5981937769902,
  "macd_hist": 0.19145153897376782,
  "bb_width_pct": 0.02615233378356024,
  "fvg": {
    "bull": false,
    "bear": false,
    "size": 0.0
  },
  "stake_usdt": 400.0,
  "pos_size": 2.117746717492588,
  "risk_usdt": 25.0,
  "risk_pct": 0.25,
  "score": 0.65,
  "reasons": [],
  "user_id": null,
  "style": "day",
  "risk_mode": "defensive"
}
