{
  "id": "789bbcd5-cbc8-4085-9657-4fd90f7bb0aa",
  "ts": "2025-10-19T12:03:50Z",
  "strategy": "go_v1",
  "mode": "offensive",
  "symbol": "BNB/USDT",
  "timeframe": "1h",
  "side": "SHORT",
  "entry": 1100.54,
  "stop": 1115.628531369145,
  "tp": 1068.8540841247955,
  "rr": 2.1,
  "prob_win": 65.49610894941634,
  "ev_r": 1.0303793774319063,
  "rsi": 56.67963683527891,
  "atr_pct": 0.011330674610334053,
  "ema_slope": -0.2970161716474388,
  "chop": 51.63881957180699,
  "macd_hist": 1.6207644168775912,
  "bb_width_pct": 0.02640189565317571,
  "fvg": {
    "bull": false,
    "bear": false,
    "size": 0.0
  },
  "stake_usdt": 400.0,
  "pos_size": 0.3634579388300289,
  "risk_usdt": 25.0,
  "risk_pct": 0.25,
  "score": 0.55,
  "reasons": [],
  "user_id": null,
  "style": "day",
  "risk_mode": "defensive"
}
