{
  "id": "78c8630e-bde2-471f-b4ad-8a7d01184bcb",
  "ts": "2025-10-19T12:09:24Z",
  "strategy": "go_v1",
  "mode": "offensive",
  "symbol": "SOL/USDT",
  "timeframe": "1h",
  "side": "LONG",
  "entry": 188.89,
  "stop": 186.47416470439384,
  "tp": 193.96325412077292,
  "rr": 2.1,
  "prob_win": 70.88223140495869,
  "ev_r": 1.1973491735537192,
  "rsi": 57.107438016528924,
  "atr_pct": 0.010569951270804595,
  "ema_slope": 0.07262834837224293,
  "chop": 51.77051649861759,
  "macd_hist": 0.248965819227769,
  "bb_width_pct": 0.026254310668303804,
  "fvg": {
    "bull": false,
    "bear": false,
    "size": 0.0
  },
  "stake_usdt": 400.0,
  "pos_size": 2.1176346021493995,
  "risk_usdt": 25.0,
  "risk_pct": 0.25,
  "score": 0.65,
  "reasons": [],
  "user_id": null,
  "style": "day",
  "risk_mode": "defensive"
}
