{
  "id": "79355374-af2e-4b0f-b6bd-f2a97fe050b4",
  "ts": "2025-10-19T13:28:38Z",
  "strategy": "go_v1",
  "mode": "offensive",
  "symbol": "ETH/USDT",
  "timeframe": "1h",
  "side": "LONG",
  "entry": 3922.19,
  "stop": 3878.3809762792034,
  "tp": 4014.188949813673,
  "rr": 2.1,
  "prob_win": 71.43576954397392,
  "ev_r": 1.2145088558631918,
  "rsi": 58.952565146579765,
  "atr_pct": 0.009231017550891505,
  "ema_slope": 1.1970391372012856,
  "chop": 49.024207623962376,
  "macd_hist": 3.32162966902294,
  "bb_width_pct": 0.0197485065526082,
  "fvg": {
    "bull": false,
    "bear": false,
    "size": 0.0
  },
  "stake_usdt": 400.0,
  "pos_size": 0.10198384066044736,
  "risk_usdt": 25.0,
  "risk_pct": 0.25,
  "score": 0.65,
  "reasons": [],
  "user_id": null,
  "style": "day",
  "risk_mode": "defensive"
}
