{
  "id": "79577cd9-8c79-4ef5-9110-55be5b11223a",
  "ts": "2025-10-19T13:24:46Z",
  "strategy": "go_v1",
  "mode": "offensive",
  "symbol": "BNB/USDT",
  "timeframe": "1h",
  "side": "SHORT",
  "entry": 1093.6,
  "stop": 1108.8300392456151,
  "tp": 1061.6169175842078,
  "rr": 2.1,
  "prob_win": 67.14179104477614,
  "ev_r": 1.0813955223880605,
  "rsi": 51.194029850746205,
  "atr_pct": 0.011509518374082815,
  "ema_slope": -0.28586689801095405,
  "chop": 53.87205535803666,
  "macd_hist": 1.2078863763396095,
  "bb_width_pct": 0.025460490542110272,
  "fvg": {
    "bull": false,
    "bear": false,
    "size": 0.0
  },
  "stake_usdt": 400.0,
  "pos_size": 0.365764447695684,
  "risk_usdt": 25.0,
  "risk_pct": 0.25,
  "score": 0.55,
  "reasons": [],
  "user_id": null,
  "style": "day",
  "risk_mode": "defensive"
}
