{
  "id": "79776c95-948d-4c41-9d47-cee06c385f55",
  "ts": "2025-10-19T12:39:11Z",
  "strategy": "go_v1",
  "mode": "offensive",
  "symbol": "ETH/USDT",
  "timeframe": "1h",
  "side": "LONG",
  "entry": 3921.6,
  "stop": 3875.5649666076547,
  "tp": 4018.2735701239244,
  "rr": 2.1,
  "prob_win": 71.6062382858011,
  "ev_r": 1.219793386859834,
  "rsi": 59.52079428600365,
  "atr_pct": 0.00970152033415797,
  "ema_slope": 1.1213884054256,
  "chop": 48.82625626730335,
  "macd_hist": 3.3887087098401008,
  "bb_width_pct": 0.01862062962991992,
  "fvg": {
    "bull": false,
    "bear": false,
    "size": 0.0
  },
  "stake_usdt": 400.0,
  "pos_size": 0.10199918400652795,
  "risk_usdt": 25.0,
  "risk_pct": 0.25,
  "score": 0.65,
  "reasons": [],
  "user_id": null,
  "style": "day",
  "risk_mode": "defensive"
}
