{
  "id": "798dc9d2-5fd5-4898-ba2c-a1a4a7561adc",
  "ts": "2025-10-19T12:36:02Z",
  "strategy": "go_v1",
  "mode": "offensive",
  "symbol": "BNB/USDT",
  "timeframe": "1h",
  "side": "SHORT",
  "entry": 1095.72,
  "stop": 1111.5016885120021,
  "tp": 1062.5784541247956,
  "rr": 2.1,
  "prob_win": 66.7129487572875,
  "ev_r": 1.0681014114759126,
  "rsi": 52.62350414237502,
  "atr_pct": 0.011903330940855491,
  "ema_slope": -0.30357399477668917,
  "chop": 53.449040443038896,
  "macd_hist": 1.313163277276453,
  "bb_width_pct": 0.025563784669173147,
  "fvg": {
    "bull": false,
    "bear": false,
    "size": 0.0
  },
  "stake_usdt": 400.0,
  "pos_size": 0.3650567663271639,
  "risk_usdt": 25.0,
  "risk_pct": 0.25,
  "score": 0.55,
  "reasons": [],
  "user_id": null,
  "style": "day",
  "risk_mode": "defensive"
}
