{
  "id": "79cabed1-2e6c-44fb-bfe4-08dbb68d4f50",
  "ts": "2025-10-19T13:34:19Z",
  "strategy": "go_v1",
  "mode": "offensive",
  "symbol": "ETH/USDT",
  "timeframe": "1h",
  "side": "LONG",
  "entry": 3937.32,
  "stop": 3892.2681334220606,
  "tp": 4031.928919813673,
  "rr": 2.1,
  "prob_win": 66.06623032937952,
  "ev_r": 1.0480531402107651,
  "rsi": 61.88743443126504,
  "atr_pct": 0.009456418981711928,
  "ema_slope": 1.2176241712151725,
  "chop": 50.00751980784657,
  "macd_hist": 4.287190922584038,
  "bb_width_pct": 0.021146418597133985,
  "fvg": {
    "bull": false,
    "bear": false,
    "size": 0.0
  },
  "stake_usdt": 400.0,
  "pos_size": 0.10159194579053772,
  "risk_usdt": 25.0,
  "risk_pct": 0.25,
  "score": 0.35,
  "reasons": [],
  "user_id": null,
  "style": "day",
  "risk_mode": "defensive"
}
