{
  "id": "79db5bcb-b14d-4794-8909-8fdafa1e3c02",
  "ts": "2025-10-19T13:19:01Z",
  "strategy": "go_v1",
  "mode": "offensive",
  "symbol": "SOL/USDT",
  "timeframe": "1h",
  "side": "LONG",
  "entry": 188.44,
  "stop": 186.06004376388353,
  "tp": 193.43790809584456,
  "rr": 2.1,
  "prob_win": 69.93775510204082,
  "ev_r": 1.1680704081632656,
  "rsi": 53.95918367346939,
  "atr_pct": 0.010437836872540553,
  "ema_slope": 0.07451674362679565,
  "chop": 52.88366191874238,
  "macd_hist": 0.2327758403697997,
  "bb_width_pct": 0.027036336708566852,
  "fvg": {
    "bull": false,
    "bear": false,
    "size": 0.0
  },
  "stake_usdt": 400.0,
  "pos_size": 2.1226915729144555,
  "risk_usdt": 25.0,
  "risk_pct": 0.25,
  "score": 0.65,
  "reasons": [],
  "user_id": null,
  "style": "day",
  "risk_mode": "defensive"
}
