{
  "id": "79dee725-5acd-4c12-8b05-5a759f93c521",
  "ts": "2025-10-18T19:06:16Z",
  "strategy": "go_v1",
  "mode": "offensive",
  "symbol": "ADA/USDT",
  "timeframe": "1h",
  "side": "LONG",
  "entry": 0.6346,
  "stop": 0.6263894122286521,
  "tp": 0.6518422343198308,
  "rr": 2.1,
  "prob_win": 71.41871165644176,
  "ev_r": 1.2139800613496945,
  "rsi": 58.89570552147251,
  "atr_pct": 0.01069273515346161,
  "ema_slope": 0.00024260638494736744,
  "chop": 64.29510964241632,
  "macd_hist": 0.0005673477164909312,
  "bb_width_pct": 0.020489891725141065,
  "fvg": {
    "bull": false,
    "bear": false,
    "size": 0.0
  },
  "stake_usdt": 400.0,
  "pos_size": 630.3183107469272,
  "risk_usdt": 25.0,
  "risk_pct": 0.25,
  "score": 0.65,
  "reasons": [],
  "user_id": null,
  "style": "day",
  "risk_mode": "defensive"
}
