{
  "id": "79f4a2e0-9624-4a69-b03b-1fe9017fc72f",
  "ts": "2025-10-19T13:24:50Z",
  "strategy": "go_v1",
  "mode": "offensive",
  "symbol": "ADA/USDT",
  "timeframe": "1h",
  "side": "LONG",
  "entry": 0.6438,
  "stop": 0.6350930735332669,
  "tp": 0.66207451837084,
  "rr": 2.098848364076833,
  "prob_win": 65.61440677966101,
  "ev_r": 1.0332909710902438,
  "rsi": 60.38135593220335,
  "atr_pct": 0.011177084494097617,
  "ema_slope": 6.287090066316044e-05,
  "chop": 50.33160709141954,
  "macd_hist": 0.0013485867867684543,
  "bb_width_pct": 0.031151635923167078,
  "fvg": {
    "bull": false,
    "bear": false,
    "size": 0.0
  },
  "stake_usdt": 400.0,
  "pos_size": 621.3109661385523,
  "risk_usdt": 25.0,
  "risk_pct": 0.25,
  "score": 0.35,
  "reasons": [],
  "user_id": null,
  "style": "day",
  "risk_mode": "defensive"
}
