{
  "id": "79f96aa0-f477-456b-9a0d-4f2111d1dead",
  "ts": "2025-10-19T11:55:15Z",
  "strategy": "go_v1",
  "mode": "offensive",
  "symbol": "ETH/USDT",
  "timeframe": "1h",
  "side": "LONG",
  "entry": 3917.27,
  "stop": 3869.7154408678707,
  "tp": 4017.134574177471,
  "rr": 2.1,
  "prob_win": 70.70689821050605,
  "ev_r": 1.1919138445256876,
  "rsi": 56.52299403502017,
  "atr_pct": 0.010032826059717509,
  "ema_slope": 1.0746228750601858,
  "chop": 48.163809614690564,
  "macd_hist": 2.7904850934259287,
  "bb_width_pct": 0.01782252878750334,
  "fvg": {
    "bull": false,
    "bear": false,
    "size": 0.0
  },
  "stake_usdt": 400.0,
  "pos_size": 0.1021119299920608,
  "risk_usdt": 25.0,
  "risk_pct": 0.25,
  "score": 0.65,
  "reasons": [],
  "user_id": null,
  "style": "day",
  "risk_mode": "defensive"
}
