{
  "id": "7a006c93-c2f5-49f3-98d8-5120c03a7aa4",
  "ts": "2025-10-18T19:11:01Z",
  "strategy": "go_v1",
  "mode": "offensive",
  "symbol": "SOL/USDT",
  "timeframe": "1h",
  "side": "LONG",
  "entry": 186.08,
  "stop": 183.6135108614702,
  "tp": 191.25962719091265,
  "rr": 2.1,
  "prob_win": 71.46968854282538,
  "ev_r": 1.215560344827587,
  "rsi": 59.06562847608458,
  "atr_pct": 0.01095453985191574,
  "ema_slope": 0.11640817053602041,
  "chop": 59.60615184611875,
  "macd_hist": 0.08023479001927941,
  "bb_width_pct": 0.02149531843492755,
  "fvg": {
    "bull": false,
    "bear": false,
    "size": 0.0
  },
  "stake_usdt": 400.0,
  "pos_size": 2.1496130696474633,
  "risk_usdt": 25.0,
  "risk_pct": 0.25,
  "score": 0.65,
  "reasons": [],
  "user_id": null,
  "style": "day",
  "risk_mode": "defensive"
}
