{
  "id": "7ab070c7-3b5f-45c0-9a4b-07dbb91f1ceb",
  "ts": "2025-10-18T19:45:56Z",
  "strategy": "go_v1",
  "mode": "offensive",
  "symbol": "ETH/USDT",
  "timeframe": "1h",
  "side": "LONG",
  "entry": 3889.79,
  "stop": 3851.1783575124823,
  "tp": 3970.874449223786,
  "rr": 2.1,
  "prob_win": 71.61725458343007,
  "ev_r": 1.2201348920863322,
  "rsi": 59.55751527810022,
  "atr_pct": 0.008203642956764023,
  "ema_slope": 1.9692844513781314,
  "chop": 58.16619049250373,
  "macd_hist": 2.0916762979333354,
  "bb_width_pct": 0.015016243869978943,
  "fvg": {
    "bull": false,
    "bear": false,
    "size": 0.0
  },
  "stake_usdt": 400.0,
  "pos_size": 0.10283331490903108,
  "risk_usdt": 25.0,
  "risk_pct": 0.25,
  "score": 0.65,
  "reasons": [],
  "user_id": null,
  "style": "day",
  "risk_mode": "defensive"
}
