{
  "id": "7b9c90e2-4df5-463b-a605-1b3daa989d86",
  "ts": "2025-10-19T11:47:37Z",
  "strategy": "go_v1",
  "mode": "offensive",
  "symbol": "ETH/USDT",
  "timeframe": "1h",
  "side": "LONG",
  "entry": 3920.1,
  "stop": 3872.9257265821566,
  "tp": 4019.165974177471,
  "rr": 2.1,
  "prob_win": 70.94092904169713,
  "ev_r": 1.199168800292611,
  "rsi": 57.3030968056571,
  "atr_pct": 0.009945410276437815,
  "ema_slope": 1.0784732151960015,
  "chop": 47.850706988276364,
  "macd_hist": 2.9710890820299083,
  "bb_width_pct": 0.018069942949882786,
  "fvg": {
    "bull": false,
    "bear": false,
    "size": 0.0
  },
  "stake_usdt": 400.0,
  "pos_size": 0.10203821331088493,
  "risk_usdt": 25.0,
  "risk_pct": 0.25,
  "score": 0.65,
  "reasons": [],
  "user_id": null,
  "style": "day",
  "risk_mode": "defensive"
}
