{
  "id": "7bf108a6-47c6-4170-9331-a1dceccf0d71",
  "ts": "2025-10-19T13:05:17Z",
  "strategy": "go_v1",
  "mode": "offensive",
  "symbol": "SOL/USDT",
  "timeframe": "1h",
  "side": "LONG",
  "entry": 188.97,
  "stop": 186.62807233531208,
  "tp": 193.88804809584457,
  "rr": 2.1,
  "prob_win": 70.60643564356437,
  "ev_r": 1.1887995049504956,
  "rsi": 56.18811881188122,
  "atr_pct": 0.010242246964242844,
  "ema_slope": 0.07523783206216697,
  "chop": 52.283050641414164,
  "macd_hist": 0.26659920219315136,
  "bb_width_pct": 0.02788808894514311,
  "fvg": {
    "bull": false,
    "bear": false,
    "size": 0.0
  },
  "stake_usdt": 400.0,
  "pos_size": 2.1167381065777637,
  "risk_usdt": 25.0,
  "risk_pct": 0.25,
  "score": 0.65,
  "reasons": [],
  "user_id": null,
  "style": "day",
  "risk_mode": "defensive"
}
