{
  "id": "7bf8d837-8ba3-4d82-bf6d-4f94ab7515e1",
  "ts": "2025-10-18T19:35:57Z",
  "strategy": "go_v1",
  "mode": "offensive",
  "symbol": "ETH/USDT",
  "timeframe": "1h",
  "side": "LONG",
  "entry": 3885.89,
  "stop": 3847.2783575124827,
  "tp": 3966.9744492237865,
  "rr": 2.1,
  "prob_win": 71.20343079462393,
  "ev_r": 1.2073063546333416,
  "rsi": 58.1781026487464,
  "atr_pct": 0.008211876387852236,
  "ema_slope": 1.9639783289294719,
  "chop": 58.16619049250373,
  "macd_hist": 1.8427874090444307,
  "bb_width_pct": 0.014783565871612109,
  "fvg": {
    "bull": false,
    "bear": false,
    "size": 0.0
  },
  "stake_usdt": 400.0,
  "pos_size": 0.10293652162052966,
  "risk_usdt": 25.0,
  "risk_pct": 0.25,
  "score": 0.65,
  "reasons": [],
  "user_id": null,
  "style": "day",
  "risk_mode": "defensive"
}
