{
  "id": "7cc606ce-2006-41d1-bf9d-77b0f9153671",
  "ts": "2025-10-19T12:48:48Z",
  "strategy": "go_v1",
  "mode": "offensive",
  "symbol": "BTC/USDT",
  "timeframe": "1h",
  "side": "LONG",
  "entry": 107440.7,
  "stop": 106723.6737148963,
  "tp": 108946.45519871778,
  "rr": 2.1,
  "prob_win": 70.3292106725959,
  "ev_r": 1.1802055308504729,
  "rsi": 55.26403557531964,
  "atr_pct": 0.005515449049543359,
  "ema_slope": 8.791601713340086,
  "chop": 50.30302966388245,
  "macd_hist": 84.11203672906984,
  "bb_width_pct": 0.012585723800042223,
  "fvg": {
    "bull": false,
    "bear": false,
    "size": 0.0
  },
  "stake_usdt": 400.0,
  "pos_size": 0.0037229839343935773,
  "risk_usdt": 25.0,
  "risk_pct": 0.25,
  "score": 0.65,
  "reasons": [],
  "user_id": null,
  "style": "day",
  "risk_mode": "defensive"
}
