{
  "id": "7cce2d96-8f9f-495e-ba7a-0871b3f0aa9b",
  "ts": "2025-10-19T13:11:41Z",
  "strategy": "go_v1",
  "mode": "offensive",
  "symbol": "ETH/USDT",
  "timeframe": "1h",
  "side": "LONG",
  "entry": 3913.82,
  "stop": 3870.1172834220606,
  "tp": 4005.5957048136734,
  "rr": 2.1,
  "prob_win": 70.73897077006775,
  "ev_r": 1.1929080938721004,
  "rsi": 56.62990256689252,
  "atr_pct": 0.009228310853609518,
  "ema_slope": 1.185651382099473,
  "chop": 48.938902798374784,
  "macd_hist": 2.7874758228689345,
  "bb_width_pct": 0.01918912254288831,
  "fvg": {
    "bull": false,
    "bear": false,
    "size": 0.0
  },
  "stake_usdt": 400.0,
  "pos_size": 0.10220194081485608,
  "risk_usdt": 25.0,
  "risk_pct": 0.25,
  "score": 0.65,
  "reasons": [],
  "user_id": null,
  "style": "day",
  "risk_mode": "defensive"
}
