{
  "root": "D:\\BOT DZIALAJACY v2\\code.v2",
  "commands_json": "D:\\BOT DZIALAJACY v2\\code.v2\\config\\commands.json",
  "whitelist_count": 20,
  "ok": 19,
  "err": 1,
  "details": [
    {
      "name": "reload_plus",
      "status": "OK",
      "file": "D:\\BOT DZIALAJACY v2\\code.v2\\discord_bot\\commands\\reload_plus.py",
      "reason": "",
      "hint": ""
    },
    {
      "name": "selfcheck",
      "status": "OK",
      "file": "D:\\BOT DZIALAJACY v2\\code.v2\\discord_bot\\commands\\selfcheck.py",
      "reason": "",
      "hint": ""
    },
    {
      "name": "ai_budget_status",
      "status": "OK",
      "file": "D:\\BOT DZIALAJACY v2\\code.v2\\discord_bot\\commands\\ai_budget_status.py",
      "reason": "",
      "hint": ""
    },
    {
      "name": "live_mode",
      "status": "OK",
      "file": "D:\\BOT DZIALAJACY v2\\code.v2\\discord_bot\\commands\\live_mode.py",
      "reason": "",
      "hint": ""
    },
    {
      "name": "portfolio",
      "status": "OK",
      "file": "D:\\BOT DZIALAJACY v2\\code.v2\\discord_bot\\commands\\portfolio.py",
      "reason": "",
      "hint": ""
    },
    {
      "name": "balance",
      "status": "OK",
      "file": "D:\\BOT DZIALAJACY v2\\code.v2\\discord_bot\\commands\\balance.py",
      "reason": "",
      "hint": ""
    },
    {
      "name": "compare",
      "status": "OK",
      "file": "D:\\BOT DZIALAJACY v2\\code.v2\\discord_bot\\commands\\compare.py",
      "reason": "",
      "hint": ""
    },
    {
      "name": "futures_pick",
      "status": "OK",
      "file": "D:\\BOT DZIALAJACY v2\\code.v2\\discord_bot\\commands\\futures_pick.py",
      "reason": "",
      "hint": ""
    },
    {
      "name": "futures_tile_pro",
      "status": "OK",
      "file": "D:\\BOT DZIALAJACY v2\\code.v2\\discord_bot\\commands\\futures_tile_pro.py",
      "reason": "",
      "hint": ""
    },
    {
      "name": "futures_scan",
      "status": "OK",
      "file": "D:\\BOT DZIALAJACY v2\\code.v2\\discord_bot\\commands\\futures_scan.py",
      "reason": "",
      "hint": ""
    },
    {
      "name": "positions",
      "status": "OK",
      "file": "D:\\BOT DZIALAJACY v2\\code.v2\\discord_bot\\commands\\positions.py",
      "reason": "",
      "hint": ""
    },
    {
      "name": "order_tools",
      "status": "ERR",
      "file": "D:\\BOT DZIALAJACY v2\\code.v2\\discord_bot\\commands\\order_tools.py",
      "reason": "ImportError: cannot import name 'be_price' from 'services.risk.engine' (D:\\BOT DZIALAJACY v2\\code.v2\\services\\risk\\engine.py)",
      "hint": "Sprawdź importy i zależności w tym module."
    },
    {
      "name": "jobs",
      "status": "OK",
      "file": "D:\\BOT DZIALAJACY v2\\code.v2\\discord_bot\\commands\\jobs.py",
      "reason": "",
      "hint": ""
    },
    {
      "name": "journal",
      "status": "OK",
      "file": "D:\\BOT DZIALAJACY v2\\code.v2\\discord_bot\\commands\\journal.py",
      "reason": "",
      "hint": ""
    },
    {
      "name": "pnl",
      "status": "OK",
      "file": "D:\\BOT DZIALAJACY v2\\code.v2\\discord_bot\\commands\\pnl.py",
      "reason": "",
      "hint": ""
    },
    {
      "name": "event_gate",
      "status": "OK",
      "file": "D:\\BOT DZIALAJACY v2\\code.v2\\discord_bot\\commands\\event_gate.py",
      "reason": "",
      "hint": ""
    },
    {
      "name": "tradeflow",
      "status": "OK",
      "file": "D:\\BOT DZIALAJACY v2\\code.v2\\discord_bot\\commands\\tradeflow.py",
      "reason": "",
      "hint": ""
    },
    {
      "name": "tradeflow_status",
      "status": "OK",
      "file": "D:\\BOT DZIALAJACY v2\\code.v2\\discord_bot\\commands\\tradeflow_status.py",
      "reason": "",
      "hint": ""
    },
    {
      "name": "kill_switch",
      "status": "OK",
      "file": "D:\\BOT DZIALAJACY v2\\code.v2\\discord_bot\\commands\\kill_switch.py",
      "reason": "",
      "hint": ""
    },
    {
      "name": "risk_policy",
      "status": "OK",
      "file": "D:\\BOT DZIALAJACY v2\\code.v2\\discord_bot\\commands\\risk_policy.py",
      "reason": "",
      "hint": ""
    }
  ]
}
