{
  "paper-L-BTCUSDT-1758741608483": {
    "id": "paper-L-BTCUSDT-1758741608483",
    "status": "filled",
    "symbol": "BTC/USDT",
    "side": "LONG",
    "type": "limit",
    "price": 61999.838246320454,
    "amount": 0.0,
    "filled": 0.0,
    "remaining": 0.0,
    "timestamp": 1758741608483,
    "info": {
      "mode": "paper",
      "route": "binance_futures"
    }
  },
  "paperSL-S-BTCUSDT-1758741608486": {
    "id": "paperSL-S-BTCUSDT-1758741608486",
    "status": "open",
    "symbol": "BTC/USDT",
    "side": "SELL",
    "type": "STOP_MARKET",
    "stopPrice": 61500.0,
    "reduceOnly": true,
    "amount": 0.0,
    "timestamp": 1758741608486,
    "info": {
      "mode": "paper",
      "route": "binance_futures",
      "parent": "paper-L-BTCUSDT-1758741608483"
    }
  },
  "paperTP-S-BTCUSDT-1758741608497": {
    "id": "paperTP-S-BTCUSDT-1758741608497",
    "status": "open",
    "symbol": "BTC/USDT",
    "side": "SELL",
    "type": "TAKE_PROFIT_MARKET",
    "stopPrice": 63500.0,
    "reduceOnly": true,
    "amount": 0.0,
    "timestamp": 1758741608497,
    "info": {
      "mode": "paper",
      "route": "binance_futures",
      "parent": "paper-L-BTCUSDT-1758741608483"
    }
  },
  "paper-L-BTCUSDT-1758741691369": {
    "id": "paper-L-BTCUSDT-1758741691369",
    "status": "filled",
    "symbol": "BTC/USDT",
    "side": "LONG",
    "type": "limit",
    "price": 61999.838246320454,
    "amount": 0.0,
    "filled": 0.0,
    "remaining": 0.0,
    "timestamp": 1758741691369,
    "info": {
      "mode": "paper",
      "route": "binance_futures"
    }
  },
  "paperSL-S-BTCUSDT-1758741691382": {
    "id": "paperSL-S-BTCUSDT-1758741691382",
    "status": "open",
    "symbol": "BTC/USDT",
    "side": "SELL",
    "type": "STOP_MARKET",
    "stopPrice": 61500.0,
    "reduceOnly": true,
    "amount": 0.0,
    "timestamp": 1758741691382,
    "info": {
      "mode": "paper",
      "route": "binance_futures",
      "parent": "paper-L-BTCUSDT-1758741691369"
    }
  },
  "paperTP-S-BTCUSDT-1758741691391": {
    "id": "paperTP-S-BTCUSDT-1758741691391",
    "status": "open",
    "symbol": "BTC/USDT",
    "side": "SELL",
    "type": "TAKE_PROFIT_MARKET",
    "stopPrice": 63500.0,
    "reduceOnly": true,
    "amount": 0.0,
    "timestamp": 1758741691391,
    "info": {
      "mode": "paper",
      "route": "binance_futures",
      "parent": "paper-L-BTCUSDT-1758741691369"
    }
  }
}
