{
  "id": "199fdde09f6",
  "ts": 1760900811254,
  "strategy": "go_v2",
  "mode": "offensive",
  "symbol": "BTC/USDT",
  "timeframe": "1h",
  "side": "LONG",
  "entry": 109029.0,
  "stop": 108374.826,
  "tp": 110141.0958,
  "rr": 1.8,
  "prob_win": 0.55,
  "ev_r": 0.5400000000000001,
  "rsi": 68.64403653485058,
  "atr_pct": 0.5388978654598006,
  "ema_slope": 0.0,
  "chop": 40.65220855199797,
  "macd_hist": 194.99291611749754,
  "bb_width_pct": 3.2477853700347636,
  "fvg_bull": 0,
  "fvg_bear": 0,
  "fvg_size": 0.0,
  "stake_usdt": 416.6666666666667,
  "pos_size": 0.003821613209941086,
  "risk_usdt": 2.5,
  "risk_pct": 0.25,
  "reasons": "",
  "score": 0.0,
  "user_id": "1405575660566745148",
  "style": "day",
  "risk_mode": "defensive",
  "src": "env"
}
