{
  "id": "199fe88cc99",
  "ts": 1760912002201,
  "strategy": "go_v2",
  "mode": "offensive",
  "symbol": "BTC/USDT",
  "timeframe": "1h",
  "side": "LONG",
  "entry": 108948.2,
  "stop": 108294.5108,
  "tp": 110059.47163999999,
  "rr": 1.8,
  "prob_win": 0.55,
  "ev_r": 0.5400000000000001,
  "rsi": 65.33560131498591,
  "atr_pct": 0.46453245773305524,
  "ema_slope": 0.0,
  "chop": 38.86593768922355,
  "macd_hist": 89.33965132057227,
  "bb_width_pct": 3.258938298135102,
  "fvg_bull": 0,
  "fvg_bear": 0,
  "fvg_size": 0.0,
  "stake_usdt": 416.66666666666663,
  "pos_size": 0.0038244474591288945,
  "risk_usdt": 2.5,
  "risk_pct": 0.25,
  "reasons": "",
  "score": 0.0,
  "user_id": "1405575660566745148",
  "style": "day",
  "risk_mode": "defensive",
  "src": "env"
}
