{
  "id": "199fdcdcf42",
  "ts": 1760899747650,
  "strategy": "go_v2",
  "mode": "offensive",
  "symbol": "BTC/USDT",
  "timeframe": "1h",
  "side": "LONG",
  "entry": 109304.2,
  "stop": 108648.37479999999,
  "tp": 110419.10283999999,
  "rr": 1.8,
  "prob_win": 0.55,
  "ev_r": 0.5400000000000001,
  "rsi": 74.30570106784825,
  "atr_pct": 0.5737423024856556,
  "ema_slope": 0.0,
  "chop": 40.804988667378105,
  "macd_hist": 213.74465225104456,
  "bb_width_pct": 3.0428914247584053,
  "fvg_bull": 0,
  "fvg_bear": 0,
  "fvg_size": 0.0,
  "stake_usdt": 416.66666666666663,
  "pos_size": 0.0038119913659920355,
  "risk_usdt": 2.5,
  "risk_pct": 0.25,
  "reasons": "",
  "score": 0.0,
  "user_id": "1405575660566745148",
  "style": "day",
  "risk_mode": "defensive",
  "src": "env"
}
