{
  "id": "199fd8ebb48",
  "ts": 1760895613768,
  "strategy": "go_v2",
  "mode": "offensive",
  "symbol": "BTC/USDT",
  "timeframe": "1h",
  "side": "LONG",
  "entry": 109030.6,
  "stop": 108362.88719177671,
  "tp": 110165.71177397961,
  "rr": 1.8,
  "prob_win": 0.55,
  "ev_r": 0.5400000000000001,
  "rsi": 72.24375195711352,
  "atr_pct": 0.6124086341112484,
  "ema_slope": 0.0,
  "chop": 40.67661734048486,
  "macd_hist": 193.6533940728665,
  "bb_width_pct": 2.66362344796126,
  "fvg_bull": 0,
  "fvg_bear": 0,
  "fvg_size": 0.0,
  "stake_usdt": 408.224159613311,
  "pos_size": 0.00374412467337895,
  "risk_usdt": 2.5,
  "risk_pct": 0.25,
  "reasons": "",
  "score": 0.0,
  "user_id": "1405575660566745148",
  "style": "day",
  "risk_mode": "defensive",
  "src": "env"
}
