{
  "id": "199fea21cae",
  "ts": 1760913661102,
  "strategy": "go_v2",
  "mode": "offensive",
  "symbol": "BTC/USDT",
  "timeframe": "1h",
  "side": "LONG",
  "entry": 109239.2,
  "stop": 108583.76479999999,
  "tp": 110353.43983999999,
  "rr": 1.8,
  "prob_win": 0.55,
  "ev_r": 0.5400000000000001,
  "rsi": 67.98558742969801,
  "atr_pct": 0.49919175941352245,
  "ema_slope": 0.0,
  "chop": 40.0423364985283,
  "macd_hist": 107.91059149150993,
  "bb_width_pct": 3.32911651154481,
  "fvg_bull": 0,
  "fvg_bear": 0,
  "fvg_size": 0.0,
  "stake_usdt": 416.66666666666663,
  "pos_size": 0.003814259594236013,
  "risk_usdt": 2.5,
  "risk_pct": 0.25,
  "reasons": "",
  "score": 0.0,
  "user_id": "1405575660566745148",
  "style": "day",
  "risk_mode": "defensive",
  "src": "market"
}
