{
  "id": "199fea29279",
  "ts": 1760913691257,
  "strategy": "go_v2",
  "mode": "offensive",
  "symbol": "BTC/USDT",
  "timeframe": "1h",
  "side": "LONG",
  "entry": 109233.2,
  "stop": 108577.8008,
  "tp": 110347.37864,
  "rr": 1.8,
  "prob_win": 0.55,
  "ev_r": 0.5400000000000001,
  "rsi": 67.93504584998303,
  "atr_pct": 0.4992191791957543,
  "ema_slope": 0.0,
  "chop": 40.0423364985283,
  "macd_hist": 107.52768550860952,
  "bb_width_pct": 3.3275172458978113,
  "fvg_bull": 0,
  "fvg_bear": 0,
  "fvg_size": 0.0,
  "stake_usdt": 416.6666666666667,
  "pos_size": 0.0038144691052415082,
  "risk_usdt": 2.5,
  "risk_pct": 0.25,
  "reasons": "",
  "score": 0.0,
  "user_id": "1405575660566745148",
  "style": "day",
  "risk_mode": "defensive",
  "src": "market"
}
