{
  "id": "199fdef3aec",
  "ts": 1760901937900,
  "strategy": "go_v2",
  "mode": "offensive",
  "symbol": "BTC/USDT",
  "timeframe": "1h",
  "side": "LONG",
  "entry": 109106.7,
  "stop": 108452.0598,
  "tp": 110219.58834,
  "rr": 1.8,
  "prob_win": 0.55,
  "ev_r": 0.5400000000000001,
  "rsi": 70.11177539229142,
  "atr_pct": 0.5659001268777873,
  "ema_slope": 0.0,
  "chop": 41.51093936343736,
  "macd_hist": 199.95154859612774,
  "bb_width_pct": 3.271189276360524,
  "fvg_bull": 0,
  "fvg_bear": 0,
  "fvg_size": 0.0,
  "stake_usdt": 416.66666666666663,
  "pos_size": 0.003818891659876677,
  "risk_usdt": 2.5,
  "risk_pct": 0.25,
  "reasons": "",
  "score": 0.0,
  "user_id": "1405575660566745148",
  "style": "day",
  "risk_mode": "defensive",
  "src": "env"
}
