{
  "id": "595d4e7542784e4aa685c5af451da738",
  "ts": 1765030812,
  "strategy": "core_auto",
  "mode": "",
  "symbol": "XRP/USDT",
  "timeframe": "15m",
  "side": "buy",
  "entry": 2.0311,
  "stop": 2.02373923465378,
  "tp": 2.0473903647085843,
  "rr": 0.635423308165202,
  "prob_win": 0.5092918583838355,
  "ev_r": 0.5193662355304937,
  "rsi": "",
  "atr_pct": 0.22647826301018845,
  "ema_slope": "",
  "chop": "",
  "macd_hist": "",
  "bb_width_pct": "",
  "fvg_bull": "",
  "fvg_bear": "",
  "fvg_size": "",
  "stake_usdt": 0.0,
  "pos_size": 0.0,
  "risk_usdt": 0.0,
  "risk_pct": 0.0,
  "reasons": "",
  "score": 0.0,
  "user_id": "",
  "style": "",
  "risk_mode": "",
  "candidates_source": "markets",
  "regime": ""
}