{
  "id": "7b147e2ee4ac4cc3a17503f4f1cadf7a",
  "ts": 1765030796,
  "strategy": "core_auto",
  "mode": "",
  "symbol": "BTC/USDT",
  "timeframe": "15m",
  "side": "buy",
  "entry": 89673.73,
  "stop": 89473.06912521752,
  "tp": 90119.79169237817,
  "rr": 0.6488640316173131,
  "prob_win": 0.5119090884828149,
  "ev_r": 0.5373249626894948,
  "rsi": "",
  "atr_pct": 0.14968709342189282,
  "ema_slope": "",
  "chop": "",
  "macd_hist": "",
  "bb_width_pct": "",
  "fvg_bull": "",
  "fvg_bear": "",
  "fvg_size": "",
  "stake_usdt": 0.0,
  "pos_size": 0.0,
  "risk_usdt": 0.0,
  "risk_pct": 0.0,
  "reasons": "",
  "score": 0.0,
  "user_id": "",
  "style": "",
  "risk_mode": "",
  "candidates_source": "markets",
  "regime": ""
}