{
  "id": "7b9b4a96ba464eadb59ee8e04171796f",
  "ts": 1765030807,
  "strategy": "core_auto",
  "mode": "",
  "symbol": "BNB/USDT",
  "timeframe": "15m",
  "side": "buy",
  "entry": 889.59,
  "stop": 886.6772561987551,
  "tp": 896.0581103346075,
  "rr": 0.6510894728468536,
  "prob_win": 0.5129717722339806,
  "ev_r": 0.560253605429727,
  "rsi": "",
  "atr_pct": 0.20796097078429643,
  "ema_slope": "",
  "chop": "",
  "macd_hist": "",
  "bb_width_pct": "",
  "fvg_bull": "",
  "fvg_bear": "",
  "fvg_size": "",
  "stake_usdt": 0.0,
  "pos_size": 0.0,
  "risk_usdt": 0.0,
  "risk_pct": 0.0,
  "reasons": "",
  "score": 0.0,
  "user_id": "",
  "style": "",
  "risk_mode": "",
  "candidates_source": "markets",
  "regime": ""
}