{
  "id": "d326718726024066a1ed00cf38348220",
  "ts": 1765030804,
  "strategy": "core_auto",
  "mode": "",
  "symbol": "SOL/USDT",
  "timeframe": "15m",
  "side": "buy",
  "entry": 132.94,
  "stop": 132.5711786782895,
  "tp": 133.75860144916058,
  "rr": 0.6455324303614625,
  "prob_win": 0.5114238012798281,
  "ev_r": 0.5318716416681658,
  "rsi": "",
  "atr_pct": 0.18053257108468532,
  "ema_slope": "",
  "chop": "",
  "macd_hist": "",
  "bb_width_pct": "",
  "fvg_bull": "",
  "fvg_bear": "",
  "fvg_size": "",
  "stake_usdt": 0.0,
  "pos_size": 0.0,
  "risk_usdt": 0.0,
  "risk_pct": 0.0,
  "reasons": "",
  "score": 0.0,
  "user_id": "",
  "style": "",
  "risk_mode": "",
  "candidates_source": "markets",
  "regime": ""
}