{
  "id": "daaa66a1ec324ee38a048959161abcea",
  "ts": 1765030799,
  "strategy": "core_auto",
  "mode": "",
  "symbol": "ETH/USDT",
  "timeframe": "15m",
  "side": "buy",
  "entry": 3036.01,
  "stop": 3030.519322282529,
  "tp": 3048.2911107070363,
  "rr": 0.6897253211187173,
  "prob_win": 0.5223575492396216,
  "ev_r": 0.5747491507547496,
  "rsi": "",
  "atr_pct": 0.12384675939803289,
  "ema_slope": "",
  "chop": "",
  "macd_hist": "",
  "bb_width_pct": "",
  "fvg_bull": "",
  "fvg_bear": "",
  "fvg_size": "",
  "stake_usdt": 0.0,
  "pos_size": 0.0,
  "risk_usdt": 0.0,
  "risk_pct": 0.0,
  "reasons": "",
  "score": 0.0,
  "user_id": "",
  "style": "",
  "risk_mode": "",
  "candidates_source": "markets",
  "regime": ""
}