{
  "binance": {
    "id": "binance",
    "type": "futures",
    "enableRateLimit": true,
    "options": { "defaultType": "future", "adjustForTimeDifference": true },
    "apiKey": "Fsk5VY91SaE1tH8A7zS74VAORSZ1VAvbrMvCbl4KAgkbMmjzSxIeLUGnSrrWwozt",
    "secret": "ZMqaokzAVOIyJClZzMDp2SGM33SDn6oa8vgoTlzAamWBsyHVT7rEUif9lLIcmLqy"
  },
  "bitget": {
    "id": "bitget",
    "type": "futures",
    "enableRateLimit": true,
    "options": { "defaultType": "usdt-futures" },
    "apiKey": "bg_093998814897c2fb5fdfeb0522ac7bd4",
    "secret": "b6932456b5a13dc8c9a8383a827cc6fae2a8942e05509b2e9eea96877e255314",
    "password": "COINBABY"
  }
}
