{
  "route": "BINANCE",
  "exchange_type": "spot",
  "universe": [
    "BTC/USDT",
    "ETH/USDT",
    "SOL/USDT"
  ],
  "timeframe": "1m",
  "topk": {
    "k": 12
  },
  "dedup": {
    "ttl_s": 900,
    "by": [
      "route",
      "symbol",
      "timeframe"
    ]
  },
  "universe_gate": {
    "min_24h_vol_usd": 2000000,
    "min_oi_usd": 0,
    "max_spread_bps": 20,
    "min_listing_age_days": 3,
    "min_depth_1pct_usd": 20000,
    "price_min": 0.001
  },
  "data": {
    "ohlcv_ttl_s": 0,
    "only_closed_candles": false,
    "use_ticker_price": true
  }
}
